filename,location,scene_category,brightness,contrast,blur_score,edge_density,num_objects,green_ratio,color_entropy,wall_floor_ratio,light_uniformity,num_windows,defect_score,furniture_count,furniture_density,aesthetic_score,predicted_repair_cost,predicted_repair_cost_label,predicted_repair
backyard (1).jpeg,backyard,yard,0.5195,0.2255,1.0,0.2496,0,0.0683,0.1904,2.3186,0.5659,2,0.0319,0,0.0,0.3647,102893.25,102 893 RUB,Косметический
backyard (1).jpg,backyard,yard,0.3589,0.258,1.0,0.1927,2,0.0098,0.1873,2.3186,0.281,3,0.1113,1,5.3333,0.306,145188.65,145 189 RUB,Косметический
backyard (10).jpeg,backyard,yard,0.4591,0.3703,1.0,0.098,1,0.1583,0.1325,2.3186,0.1934,0,0.0209,0,0.0,0.3799,95159.49,95 159 RUB,Косметический
backyard (10).jpg,backyard,pavilion,0.4668,0.182,1.0,0.168,10,0.0202,0.2146,2.33,0.6101,0,0.0653,0,0.0,0.3552,110668.87,110 669 RUB,Косметический
backyard (100).jpeg,backyard,manufactured_home,0.4426,0.2856,1.0,0.1504,5,0.0268,0.2086,2.3186,0.3548,2,0.0589,3,15.9999,0.3496,136798.62,136 799 RUB,Косметический
backyard (100).jpg,backyard,manufactured_home,0.5732,0.2824,1.0,0.1506,0,0.0696,0.1789,2.33,0.5073,0,0.0624,0,0.0,0.4061,88987.51,88 988 RUB,Без ремонта
backyard (101).jpeg,backyard,porch,0.5439,0.236,1.0,0.1178,0,0.0747,0.1918,2.33,0.5661,3,0.0468,0,0.0,0.4015,104701.63,104 702 RUB,Косметический
backyard (101).jpg,backyard,hunting_lodge/outdoor,0.3273,0.2051,1.0,0.32,6,0.1417,0.212,2.33,0.3733,1,0.2787,5,30.0298,0.2851,189527.62,189 528 RUB,Капитальный
backyard (102).jpeg,backyard,manufactured_home,0.6773,0.2423,1.0,0.1545,1,0.0258,0.1627,2.33,0.6422,0,0.0218,0,0.0,0.4426,82106.92,82 107 RUB,Без ремонта
backyard (102).jpg,backyard,patio,0.2612,0.2253,1.0,0.2787,3,0.0927,0.1694,2.33,0.1373,0,0.1711,2,12.0119,0.258,170220.34,170 220 RUB,Капитальный
backyard (103).jpeg,backyard,porch,0.4327,0.2656,1.0,0.1773,2,0.0455,0.2136,2.3333,0.3862,2,0.0927,1,5.3333,0.3422,132063.98,132 064 RUB,Косметический
backyard (103).jpg,backyard,yard,0.3964,0.159,1.0,0.2583,1,0.2408,0.1815,2.33,0.5989,0,0.0379,0,0.0,0.331,86355.29,86 355 RUB,Без ремонта
backyard (104).jpeg,backyard,yard,0.5276,0.1558,1.0,0.2218,0,0.0591,0.1996,2.33,0.7047,2,0.0149,0,0.0,0.3726,92172.48,92 172 RUB,Косметический
backyard (104).jpg,backyard,manufactured_home,0.3831,0.2771,1.0,0.1354,1,0.0293,0.1824,2.3186,0.2769,1,0.0996,1,5.3333,0.3291,124215.02,124 215 RUB,Косметический
backyard (105).jpeg,backyard,beach_house,0.5311,0.1369,1.0,0.1625,0,0.0002,0.1983,2.33,0.7421,0,0.0482,0,0.0,0.3799,84323.04,84 323 RUB,Без ремонта
backyard (105).jpg,backyard,driveway,0.4897,0.2367,0.666,0.1355,0,0.0003,0.2046,2.3214,0.5166,0,0.0475,0,0.0,0.469,83200.86,83 201 RUB,Без ремонта
backyard (106).jpeg,backyard,roof_garden,0.4412,0.2159,1.0,0.3532,1,0.4215,0.2465,2.3059,0.5106,1,0.1715,1,7.1174,0.3586,153180.38,153 180 RUB,Косметический
backyard (106).jpg,backyard,porch,0.5135,0.2176,1.0,0.2305,5,0.2009,0.2093,2.3186,0.5763,2,0.0978,5,26.6665,0.3794,149641.71,149 642 RUB,Косметический
backyard (107).jpeg,backyard,yard,0.5002,0.3064,1.0,0.2466,0,0.1477,0.208,2.3186,0.3875,1,0.1073,0,0.0,0.3655,119481.5,119 482 RUB,Косметический
backyard (107).jpg,backyard,manufactured_home,0.6337,0.247,1.0,0.2628,1,0.0043,0.1815,2.33,0.6103,6,0.0556,0,0.0,0.4013,133604.9,133 605 RUB,Косметический
backyard (108).jpeg,backyard,yard,0.5752,0.2013,1.0,0.149,0,0.1444,0.187,2.32,0.65,0,0.0354,0,0.0,0.4147,81302.03,81 302 RUB,Без ремонта
backyard (108).jpg,backyard,manufactured_home,0.4659,0.2967,1.0,0.2045,1,0.0127,0.1747,2.3186,0.3632,0,0.0882,0,0.0,0.3467,107796.98,107 797 RUB,Косметический
backyard (109).jpeg,backyard,manufactured_home,0.5275,0.2592,1.0,0.12,0,0.0149,0.2066,2.3186,0.5085,0,0.0717,0,0.0,0.3885,91724.44,91 724 RUB,Косметический
backyard (109).jpg,backyard,garage/outdoor,0.4772,0.2636,1.0,0.2743,2,0.1213,0.2107,2.3069,0.4476,0,0.0806,2,11.976,0.3482,140318.58,140 319 RUB,Косметический
backyard (11).jpeg,backyard,manufactured_home,0.604,0.1371,1.0,0.1491,0,0.332,0.1646,2.31,0.773,0,0.028,0,0.0,0.445,74462.3,74 462 RUB,Без ремонта
backyard (11).jpg,backyard,pavilion,0.4392,0.2908,1.0,0.2237,1,0.1836,0.232,2.3186,0.3378,1,0.2041,0,0.0,0.3493,139762.09,139 762 RUB,Косметический
backyard (110).jpeg,backyard,patio,0.3372,0.1998,1.0,0.2117,13,0.0459,0.2024,2.33,0.4076,0,0.0974,11,66.0657,0.2971,161691.86,161 692 RUB,Косметический
backyard (110).jpg,backyard,yard,0.5866,0.2162,1.0,0.2193,0,0.0045,0.2084,2.33,0.6313,0,0.0495,0,0.0,0.3912,93209.05,93 209 RUB,Косметический
backyard (111).jpeg,backyard,shed,0.4115,0.2508,1.0,0.2196,1,0.0834,0.2016,2.3059,0.3907,1,0.0919,0,0.0,0.329,113927.55,113 928 RUB,Косметический
backyard (111).jpg,backyard,porch,0.5468,0.2082,1.0,0.1903,6,0.0687,0.2118,2.32,0.6192,3,0.1054,6,36.1444,0.3875,159311.04,159 311 RUB,Косметический
backyard (112).jpeg,backyard,patio,0.37,0.2311,0.6526,0.0686,7,0.0804,0.166,2.32,0.3754,0,0.0323,6,36.1444,0.4465,146209.76,146 210 RUB,Косметический
backyard (112).jpg,backyard,yard,0.5847,0.302,1.0,0.1825,0,0.4345,0.1834,2.31,0.4834,0,0.024,0,0.0,0.4408,86558.79,86 559 RUB,Без ремонта
backyard (113).jpeg,backyard,porch,0.511,0.1466,1.0,0.2103,8,0.0398,0.2294,2.31,0.7131,0,0.0574,4,24.169,0.3663,129277.32,129 277 RUB,Косметический
backyard (113).jpg,backyard,yard,0.4943,0.2451,1.0,0.2223,1,0.0062,0.1966,2.31,0.504,0,0.0577,0,0.0,0.3539,93122.73,93 123 RUB,Косметический
backyard (114).jpeg,backyard,patio,0.4522,0.2372,1.0,0.2652,5,0.3202,0.1956,2.3186,0.4755,4,0.0659,5,26.6665,0.3598,163848.84,163 849 RUB,Косметический
backyard (114).jpg,backyard,hunting_lodge/outdoor,0.3706,0.1928,1.0,0.2697,1,0.0879,0.208,2.32,0.4798,0,0.1377,0,0.0,0.3031,114861.66,114 862 RUB,Косметический
backyard (115).jpeg,backyard,yard,0.4506,0.2352,1.0,0.1871,0,0.1375,0.2015,2.3186,0.4781,1,0.0149,0,0.0,0.3566,91147.25,91 147 RUB,Косметический
backyard (115).jpg,backyard,yard,0.4655,0.1731,1.0,0.185,0,0.1173,0.214,2.3061,0.6283,0,0.066,0,0.0,0.361,89588.53,89 589 RUB,Без ремонта
backyard (116).jpeg,backyard,lawn,0.497,0.2671,1.0,0.2167,7,0.3229,0.2058,2.3069,0.4626,2,0.07,5,29.9399,0.3877,149663.55,149 664 RUB,Косметический
backyard (116).jpg,backyard,patio,0.4914,0.2872,1.0,0.1222,7,0.087,0.1903,2.3333,0.4155,1,0.0548,4,21.3332,0.3808,144270.59,144 271 RUB,Косметический
backyard (117).jpeg,backyard,yard,0.3039,0.2299,1.0,0.2372,0,0.1194,0.1764,2.3059,0.2435,0,0.0649,0,0.0,0.2861,112038.16,112 038 RUB,Косметический
backyard (117).jpg,backyard,patio,0.4886,0.2386,1.0,0.1856,14,0.003,0.2221,2.31,0.5116,0,0.1522,12,72.5071,0.3586,169050.15,169 050 RUB,Косметический
backyard (118).jpeg,backyard,manufactured_home,0.4544,0.2712,1.0,0.2423,1,0.1725,0.2093,2.32,0.4032,1,0.1466,0,0.0,0.3505,121133.09,121 133 RUB,Косметический
backyard (118).jpg,backyard,schoolhouse,0.556,0.2633,1.0,0.1385,0,0.3361,0.1753,2.3186,0.5265,0,0.0219,0,0.0,0.4283,82781.37,82 781 RUB,Без ремонта
backyard (119).jpeg,backyard,yard,0.4001,0.2403,1.0,0.2969,1,0.4495,0.2076,2.33,0.3995,3,0.1499,0,0.0,0.3456,135882.39,135 882 RUB,Косметический
backyard (119).jpg,backyard,manufactured_home,0.5064,0.208,1.0,0.2078,2,0.0426,0.1979,2.3186,0.5894,1,0.0685,2,10.6666,0.3653,127149.57,127 150 RUB,Косметический
backyard (12).jpeg,backyard,yard,0.4368,0.3423,0.3948,0.0523,6,0.0985,0.1437,2.3186,0.2163,0,0.0322,4,21.3332,0.5556,140242.82,140 243 RUB,Косметический
backyard (12).jpg,backyard,kennel/outdoor,0.6161,0.1596,1.0,0.3542,0,0.0055,0.1753,2.3186,0.741,2,0.0313,0,0.0,0.387,96779.74,96 780 RUB,Косметический
backyard (120).jpeg,backyard,manufactured_home,0.6635,0.2412,1.0,0.1928,0,0.0068,0.1622,2.3186,0.6365,4,0.0133,0,0.0,0.4275,113219.59,113 220 RUB,Косметический
backyard (120).jpg,backyard,yard,0.5248,0.2319,1.0,0.2642,1,0.0103,0.1927,2.3186,0.5582,3,0.0464,1,5.3333,0.3581,129787.41,129 787 RUB,Косметический
backyard (121).jpeg,backyard,patio,0.5568,0.2194,1.0,0.2048,6,0.0097,0.2418,2.31,0.606,5,0.0611,6,36.2536,0.3827,153304.86,153 305 RUB,Косметический
backyard (121).jpg,backyard,manufactured_home,0.539,0.1797,1.0,0.173,0,0.0047,0.2055,2.33,0.6667,2,0.035,0,0.0,0.3815,94389.59,94 390 RUB,Косметический
backyard (122).jpeg,backyard,patio,0.4451,0.1563,1.0,0.2739,11,0.1025,0.2191,2.32,0.6488,1,0.1389,10,60.2406,0.3335,166250.29,166 250 RUB,Косметический
backyard (122).jpg,backyard,manufactured_home,0.5081,0.2259,1.0,0.2318,10,0.0116,0.1942,2.3186,0.5554,0,0.0848,7,37.3331,0.3581,151722.18,151 722 RUB,Косметический
backyard (123).jpeg,backyard,patio,0.629,0.263,1.0,0.1253,7,0.0303,0.1775,2.32,0.5819,2,0.0683,5,30.1203,0.4296,143146.84,143 147 RUB,Косметический
backyard (123).jpg,backyard,yard,0.5722,0.2128,1.0,0.1545,0,0.3291,0.2059,2.32,0.628,1,0.0161,0,0.0,0.4309,85034.14,85 034 RUB,Без ремонта
backyard (124).jpeg,backyard,manufactured_home,0.7081,0.2135,1.0,0.1976,4,0.0121,0.1831,2.33,0.6985,1,0.0203,4,24.0239,0.4449,123191.95,123 192 RUB,Косметический
backyard (124).jpg,backyard,manufactured_home,0.5687,0.1866,1.0,0.2527,3,0.3216,0.1934,2.3186,0.6718,0,0.0345,0,0.0,0.4091,93127.09,93 127 RUB,Косметический
backyard (125).jpeg,backyard,yard,0.5061,0.2923,1.0,0.211,0,0.0667,0.1763,2.3304,0.4224,0,0.058,0,0.0,0.3669,96936.94,96 937 RUB,Косметический
backyard (125).jpg,backyard,manufactured_home,0.4827,0.2888,1.0,0.172,4,0.0353,0.1864,2.31,0.4016,1,0.0666,4,24.169,0.3622,129777.65,129 778 RUB,Косметический
backyard (126).jpeg,backyard,patio,0.4359,0.1791,1.0,0.1632,9,0.0041,0.2231,2.33,0.5891,1,0.1588,6,36.0358,0.3421,165586.23,165 586 RUB,Косметический
backyard (126).jpg,backyard,rice_paddy,0.4927,0.3036,1.0,0.165,0,0.3993,0.1845,2.3069,0.3839,0,0.0654,0,0.0,0.404,100767.4,100 767 RUB,Косметический
backyard (127).jpeg,backyard,yard,0.3947,0.262,1.0,0.1712,0,0.1459,0.1946,2.3186,0.3362,1,0.0798,0,0.0,0.3382,107500.92,107 501 RUB,Косметический
backyard (127).jpg,backyard,doorway/outdoor,0.5843,0.2629,1.0,0.2051,0,0.0001,0.1843,2.3186,0.55,3,0.1597,0,0.0,0.3927,137150.46,137 150 RUB,Косметический
backyard (128).jpeg,backyard,yard,0.6292,0.2456,1.0,0.1549,11,0.0433,0.1859,2.32,0.6097,0,0.0346,8,48.1925,0.425,133767.23,133 767 RUB,Косметический
backyard (128).jpg,backyard,garage/outdoor,0.6797,0.2307,1.0,0.2313,1,0.0252,0.1761,2.33,0.6606,0,0.0384,0,0.0,0.4281,91854.14,91 854 RUB,Косметический
backyard (129).jpeg,backyard,patio,0.5335,0.2717,1.0,0.236,18,0.1287,0.2335,2.3,0.4906,2,0.0992,15,90.9085,0.3791,190080.89,190 081 RUB,Капитальный
backyard (129).jpg,backyard,patio,0.4012,0.2262,1.0,0.2808,11,0.1519,0.2174,2.33,0.4361,1,0.1129,8,48.0478,0.3195,168950.04,168 950 RUB,Косметический
backyard (13).jpeg,backyard,yard,0.4825,0.2746,1.0,0.2579,1,0.1474,0.2106,2.3186,0.4309,0,0.1565,0,0.0,0.3562,117177.73,117 178 RUB,Косметический
backyard (13).jpg,backyard,pavilion,0.5437,0.2126,1.0,0.2066,4,0.2998,0.194,2.3186,0.609,0,0.0616,1,5.3333,0.4061,110418.33,110 418 RUB,Косметический
backyard (130).jpeg,backyard,manufactured_home,0.3791,0.2501,1.0,0.1258,0,0.039,0.1873,2.32,0.3403,2,0.0393,0,0.0,0.3304,104838.01,104 838 RUB,Косметический
backyard (130).jpg,backyard,garage/outdoor,0.5586,0.1784,1.0,0.1986,0,0.0189,0.2164,2.31,0.6806,2,0.0233,0,0.0,0.3856,92265.37,92 265 RUB,Косметический
backyard (131).jpeg,backyard,garage/outdoor,0.431,0.2084,1.0,0.2559,0,0.2047,0.2487,2.33,0.5165,0,0.1415,0,0.0,0.3417,114276.91,114 277 RUB,Косметический
backyard (132).jpeg,backyard,yard,0.6733,0.2098,1.0,0.2663,7,0.1167,0.2262,2.33,0.6884,3,0.023,5,30.0298,0.4277,151791.47,151 791 RUB,Косметический
backyard (132).jpg,backyard,residential_neighborhood,0.3868,0.1913,1.0,0.2108,6,0.4661,0.1836,2.33,0.5056,1,0.1162,1,6.006,0.3592,140449.01,140 449 RUB,Косметический
backyard (133).jpeg,backyard,yard,0.6004,0.2521,0.4543,0.1095,0,0.4638,0.2045,2.3186,0.58,0,0.0075,0,0.0,0.6283,71407.2,71 407 RUB,Без ремонта
backyard (133).jpg,backyard,manufactured_home,0.4729,0.2687,1.0,0.257,2,0.1076,0.2158,2.3186,0.4319,2,0.1399,0,0.0,0.3485,129883.82,129 884 RUB,Косметический
backyard (134).jpeg,backyard,patio,0.6248,0.2471,1.0,0.1971,9,0.2839,0.1966,2.3186,0.6045,3,0.0083,8,42.6664,0.4389,156393.62,156 394 RUB,Косметический
backyard (134).jpg,backyard,garage/outdoor,0.3535,0.2003,1.0,0.3075,0,0.3784,0.2057,2.3186,0.4334,0,0.1482,0,0.0,0.3192,121343.41,121 343 RUB,Косметический
backyard (135).jpeg,backyard,porch,0.2939,0.2163,1.0,0.2422,2,0.33,0.1941,2.33,0.264,0,0.1447,1,6.006,0.3021,140872.94,140 873 RUB,Косметический
backyard (135).jpg,backyard,yard,0.5919,0.2384,0.8054,0.127,0,0.0093,0.1982,2.3333,0.5972,2,0.0139,0,0.0,0.4707,91864.18,91 864 RUB,Косметический
backyard (136).jpeg,backyard,yard,0.4562,0.2018,1.0,0.2983,1,0.6187,0.1999,2.33,0.5576,0,0.0605,0,0.0,0.3847,95367.13,95 367 RUB,Косметический
backyard (136).jpg,backyard,yard,0.5828,0.2204,1.0,0.1461,0,0.0072,0.1965,2.3186,0.6217,1,0.0044,0,0.0,0.4046,87718.81,87 719 RUB,Без ремонта
backyard (137).jpeg,backyard,yard,0.5143,0.2692,1.0,0.1371,0,0.0,0.1515,2.33,0.4767,0,0.0339,0,0.0,0.3783,91023.62,91 024 RUB,Косметический
backyard (137).jpg,backyard,garage/outdoor,0.4995,0.2495,0.8463,0.1692,0,0.009,0.1986,2.3303,0.5004,0,0.0128,0,0.0,0.413,80714.57,80 715 RUB,Без ремонта
backyard (138).jpeg,backyard,yard,0.4649,0.2142,1.0,0.2955,0,0.2285,0.2173,2.32,0.5392,1,0.1404,0,0.0,0.3497,123043.55,123 044 RUB,Косметический
backyard (138).jpg,backyard,patio,0.494,0.2704,1.0,0.1938,9,0.0041,0.2068,2.33,0.4525,0,0.0935,9,54.0537,0.3592,169159.92,169 160 RUB,Косметический
backyard (139).jpeg,backyard,yard,0.6621,0.2653,1.0,0.1806,4,0.1776,0.1791,2.3069,0.5992,1,0.0322,3,17.964,0.4465,123052.2,123 052 RUB,Косметический
backyard (139).jpg,backyard,yard,0.5369,0.2678,1.0,0.2108,6,0.0201,0.1991,2.32,0.5013,0,0.0821,4,24.0962,0.3746,140913.26,140 913 RUB,Косметический
backyard (14).jpeg,backyard,yard,0.54,0.248,1.0,0.1434,5,0.0055,0.1894,2.33,0.5408,0,0.0675,5,30.0298,0.3879,130115.07,130 115 RUB,Косметический
backyard (14).jpg,backyard,patio,0.3636,0.2473,1.0,0.2419,11,0.0706,0.2065,2.3186,0.32,0,0.0895,9,47.9997,0.3041,169301.05,169 301 RUB,Косметический
backyard (140).jpeg,backyard,yard,0.481,0.1875,1.0,0.2699,3,0.6011,0.1972,2.3186,0.6102,0,0.0604,2,10.6666,0.3985,118863.19,118 863 RUB,Косметический
backyard (140).jpg,backyard,manufactured_home,0.3343,0.2604,1.0,0.135,0,0.0004,0.1649,2.3186,0.2211,0,0.0361,0,0.0,0.3068,94729.46,94 729 RUB,Косметический
backyard (141).jpeg,backyard,hunting_lodge/outdoor,0.4117,0.2466,1.0,0.1883,0,0.2741,0.1944,2.31,0.401,1,0.1236,0,0.0,0.3544,112136.15,112 136 RUB,Косметический
backyard (141).jpg,backyard,playground,0.5582,0.2518,1.0,0.1718,10,0.0633,0.226,2.33,0.549,0,0.0897,1,6.006,0.3953,130171.28,130 171 RUB,Косметический
backyard (142).jpeg,backyard,library/outdoor,0.521,0.237,1.0,0.2554,1,0.1458,0.2209,2.3333,0.5451,1,0.0549,1,6.006,0.3719,112132.83,112 133 RUB,Косметический
backyard (142).jpg,backyard,patio,0.4776,0.2853,1.0,0.2577,11,0.291,0.211,2.3186,0.4026,2,0.0919,11,58.6664,0.3686,182862.38,182 862 RUB,Капитальный
backyard (143).jpeg,backyard,driveway,0.4683,0.2194,1.0,0.2886,1,0.0345,0.2538,2.33,0.5316,1,0.1368,1,6.006,0.3331,137877.74,137 878 RUB,Косметический
backyard (143).jpg,backyard,yard,0.3346,0.2173,1.0,0.2713,0,0.4719,0.1878,2.3186,0.3506,2,0.0512,0,0.0,0.3268,108685.55,108 686 RUB,Косметический
backyard (144).jpeg,backyard,farm,0.4428,0.2247,1.0,0.1126,0,0.0072,0.1768,2.33,0.4926,0,0.0467,0,0.0,0.3553,85782.65,85 783 RUB,Без ремонта
backyard (144).jpg,backyard,shed,0.3314,0.252,1.0,0.1928,2,0.2253,0.1892,2.3059,0.2396,1,0.067,2,14.2348,0.3165,139327.98,139 328 RUB,Косметический
backyard (145).jpeg,backyard,porch,0.5466,0.2293,1.0,0.2166,3,0.0982,0.239,2.33,0.5804,2,0.0552,2,12.0119,0.3851,133493.72,133 494 RUB,Косметический
backyard (145).jpg,backyard,yard,0.5922,0.2853,0.6572,0.1217,0,0.2286,0.1893,2.31,0.5182,0,0.0253,0,0.0,0.5382,79801.81,79 802 RUB,Без ремонта
backyard (146).jpeg,backyard,patio,0.3965,0.1862,1.0,0.3049,7,0.1843,0.2349,2.3,0.5302,0,0.1145,6,36.3634,0.317,156869.8,156 870 RUB,Косметический
backyard (146).jpg,backyard,yard,0.261,0.2006,1.0,0.262,3,0.3943,0.1823,2.33,0.2315,1,0.1528,2,12.0119,0.2914,162907.17,162 907 RUB,Косметический
backyard (147).jpeg,backyard,driveway,0.4591,0.2775,1.0,0.2463,1,0.1445,0.2044,2.3186,0.3955,2,0.0415,1,5.3333,0.3488,122209.94,122 210 RUB,Косметический
backyard (147).jpg,backyard,yard,0.5962,0.235,1.0,0.195,3,0.0272,0.2095,2.31,0.6058,2,0.051,3,18.1268,0.4022,135142.16,135 142 RUB,Косметический
backyard (148).jpeg,backyard,patio,0.4575,0.2504,1.0,0.2207,8,0.04,0.1997,2.33,0.4527,0,0.0611,7,42.0418,0.3429,150985.23,150 985 RUB,Косметический
backyard (148).jpg,backyard,yard,0.5866,0.2789,1.0,0.1901,5,0.3541,0.2174,2.33,0.5245,3,0.0523,4,24.0239,0.432,145592.93,145 593 RUB,Косметический
backyard (149).jpeg,backyard,manufactured_home,0.4365,0.3256,1.0,0.0718,0,0.0008,0.1653,2.3186,0.254,2,0.0089,0,0.0,0.3603,113138.79,113 139 RUB,Косметический
backyard (149).jpg,backyard,yard,0.4258,0.2512,1.0,0.2896,0,0.2156,0.1964,2.3186,0.4101,1,0.0914,0,0.0,0.334,118894.06,118 894 RUB,Косметический
backyard (15).jpeg,backyard,yard,0.4947,0.1542,1.0,0.2307,0,0.6204,0.2008,2.3186,0.6884,0,0.0416,0,0.0,0.4138,82672.16,82 672 RUB,Без ремонта
backyard (15).jpg,backyard,swimming_pool/outdoor,0.4613,0.2438,0.8039,0.1031,3,0.0384,0.2032,2.32,0.4716,0,0.048,2,12.0481,0.4266,123600.17,123 600 RUB,Косметический
backyard (150).jpeg,backyard,manufactured_home,0.4946,0.2168,1.0,0.2905,0,0.0418,0.241,2.3168,0.5616,2,0.1714,0,0.0,0.3439,131645.91,131 646 RUB,Косметический
backyard (150).jpg,backyard,farm,0.4987,0.2907,1.0,0.2322,1,0.5303,0.1783,2.3333,0.4172,0,0.0886,0,0.0,0.4061,103024.63,103 025 RUB,Косметический
backyard (151).jpeg,backyard,driveway,0.5366,0.2509,1.0,0.2919,0,0.0488,0.2356,2.33,0.5324,2,0.4086,0,0.0,0.3611,149844.63,149 845 RUB,Косметический
backyard (151).jpg,backyard,farm,0.6271,0.1586,1.0,0.1077,0,0.0081,0.1877,2.33,0.747,0,0.022,0,0.0,0.4301,70025.4,70 025 RUB,Без ремонта
backyard (152).jpeg,backyard,yard,0.5982,0.1997,1.0,0.1931,1,0.19,0.2173,2.31,0.6662,2,0.0424,0,0.0,0.4197,101030.71,101 031 RUB,Косметический
backyard (152).jpg,backyard,yard,0.6397,0.1516,0.4967,0.1165,0,0.1669,0.1852,2.3186,0.7629,0,0.0021,0,0.0,0.6003,62572.32,62 572 RUB,Без ремонта
backyard (153).jpeg,backyard,shed,0.425,0.2278,1.0,0.1793,5,0.1358,0.2231,2.33,0.4639,2,0.0637,5,30.0298,0.3477,142296.21,142 296 RUB,Косметический
backyard (153).jpg,backyard,yard,0.4366,0.2604,1.0,0.2291,1,0.0244,0.192,2.3303,0.4035,0,0.0505,0,0.0,0.3313,95368.82,95 369 RUB,Косметический
backyard (154).jpeg,backyard,patio,0.5751,0.3004,0.8429,0.1077,9,0.0087,0.1961,2.3186,0.4777,0,0.0344,6,31.9998,0.4565,140883.77,140 884 RUB,Косметический
backyard (154).jpg,backyard,lawn,0.4214,0.2493,1.0,0.2627,4,0.097,0.1999,2.32,0.4084,0,0.1027,0,0.0,0.3257,110479.47,110 479 RUB,Косметический
backyard (155).jpeg,backyard,cabin/outdoor,0.3858,0.2338,1.0,0.3275,0,0.25,0.2187,2.3186,0.394,2,0.1823,0,0.0,0.3193,151712.81,151 713 RUB,Косметический
backyard (155).jpg,backyard,yard,0.5603,0.1576,1.0,0.2152,4,0.0051,0.2252,2.33,0.7187,2,0.0437,1,6.006,0.3816,126005.69,126 006 RUB,Косметический
backyard (156).jpeg,backyard,lawn,0.4472,0.2064,1.0,0.3392,1,0.0746,0.2127,2.3047,0.5384,1,0.1039,0,0.0,0.3263,124196.28,124 196 RUB,Косметический
backyard (156).jpg,backyard,manufactured_home,0.521,0.1616,1.0,0.2319,0,0.0266,0.2336,2.3168,0.6899,3,0.0827,0,0.0,0.3647,111469.8,111 470 RUB,Косметический
backyard (157).jpeg,backyard,manufactured_home,0.4836,0.3125,1.0,0.0977,3,0.2607,0.1887,2.3186,0.3537,1,0.0364,1,5.3333,0.4,114501.44,114 501 RUB,Косметический
backyard (157).jpg,backyard,manufactured_home,0.4651,0.2846,1.0,0.12,3,0.0242,0.1975,2.3186,0.3881,0,0.0371,3,15.9999,0.3645,121650.19,121 650 RUB,Косметический
backyard (158).jpeg,backyard,yard,0.4376,0.256,1.0,0.1301,3,0.0038,0.1969,2.33,0.4149,2,0.0733,0,0.0,0.3494,119319.14,119 319 RUB,Косметический
backyard (159).jpeg,backyard,yard,0.3749,0.2484,1.0,0.3118,0,0.0791,0.209,2.32,0.3373,1,0.2446,0,0.0,0.2978,143616.15,143 616 RUB,Косметический
backyard (159).jpg,backyard,yard,0.4503,0.2245,1.0,0.3091,4,0.0542,0.2342,2.3186,0.5014,4,0.1821,4,21.3332,0.3255,194534.05,194 534 RUB,Капитальный
backyard (16).jpeg,backyard,manufactured_home,0.5353,0.3114,1.0,0.1051,1,0.0279,0.2133,2.33,0.4183,2,0.0192,0,0.0,0.3959,98602.75,98 603 RUB,Косметический
backyard (16).jpg,backyard,manufactured_home,0.557,0.2531,0.3693,0.0864,0,0.0314,0.1871,2.3269,0.5457,1,0.0538,0,0.0,0.5979,89913.4,89 913 RUB,Без ремонта
backyard (160).jpeg,backyard,yard,0.6542,0.231,1.0,0.2927,0,0.0353,0.1967,2.3186,0.647,3,0.0289,0,0.0,0.4067,118677.89,118 678 RUB,Косметический
backyard (160).jpg,backyard,yard,0.5393,0.1684,1.0,0.2523,7,0.0001,0.2253,2.33,0.6877,0,0.0728,6,36.0358,0.3653,141657.58,141 658 RUB,Косметический
backyard (161).jpeg,backyard,porch,0.6378,0.264,1.0,0.2017,3,0.1348,0.1949,2.31,0.5861,1,0.0564,2,12.0845,0.4282,126728.08,126 728 RUB,Косметический
backyard (161).jpg,backyard,manufactured_home,0.6007,0.2971,1.0,0.1208,1,0.1839,0.1879,2.31,0.5054,0,0.0249,0,0.0,0.4345,78626.12,78 626 RUB,Без ремонта
backyard (162).jpeg,backyard,porch,0.4448,0.1951,1.0,0.2777,0,0.1496,0.218,2.32,0.5613,1,0.0664,0,0.0,0.3373,105177.29,105 177 RUB,Косметический
backyard (162).jpg,backyard,yard,0.5794,0.1799,1.0,0.191,0,0.0,0.1942,2.33,0.6895,0,0.079,0,0.0,0.3935,92985.4,92 985 RUB,Косметический
backyard (163).jpeg,backyard,yard,0.511,0.235,1.0,0.3109,0,0.1092,0.2282,2.3186,0.5401,1,0.0575,0,0.0,0.3553,99493.91,99 494 RUB,Косметический
backyard (163).jpg,backyard,yard,0.4561,0.2343,1.0,0.2523,0,0.3854,0.1928,2.3186,0.4863,0,0.0925,0,0.0,0.3705,108119.75,108 120 RUB,Косметический
backyard (164).jpeg,backyard,patio,0.4674,0.17,1.0,0.1986,9,0.4028,0.1906,2.3333,0.6363,0,0.0243,9,35.9999,0.3875,137081.69,137 082 RUB,Косметический
backyard (164).jpg,backyard,yard,0.4517,0.2561,0.8623,0.1483,0,0.2891,0.206,2.3186,0.4329,0,0.0973,0,0.0,0.4212,106690.92,106 691 RUB,Косметический
backyard (165).jpeg,backyard,manufactured_home,0.5506,0.1984,1.0,0.2033,0,0.0082,0.2129,2.33,0.6397,2,0.054,0,0.0,0.3804,99471.29,99 471 RUB,Косметический
backyard (165).jpg,backyard,field/cultivated,0.6103,0.2049,1.0,0.2215,0,0.3311,0.2057,2.33,0.6643,0,0.0253,0,0.0,0.4329,78639.28,78 639 RUB,Без ремонта
backyard (166).jpeg,backyard,patio,0.4735,0.2166,1.0,0.1978,11,0.0237,0.2421,2.3069,0.5425,1,0.103,11,65.8679,0.3522,152906.87,152 907 RUB,Косметический
backyard (166).jpg,backyard,yard,0.5997,0.1676,1.0,0.2245,0,0.0037,0.2043,2.33,0.7206,1,0.0257,0,0.0,0.3954,90308.38,90 308 RUB,Косметический
backyard (167).jpeg,backyard,garage/outdoor,0.5236,0.3436,1.0,0.1207,8,0.1986,0.1836,2.32,0.3437,0,0.0703,3,18.0722,0.4052,147694.14,147 694 RUB,Косметический
backyard (167).jpg,backyard,manufactured_home,0.5321,0.2475,1.0,0.1476,1,0.3167,0.1593,2.3186,0.5348,0,0.0441,1,5.3333,0.415,105235.36,105 235 RUB,Косметический
backyard (168).jpeg,backyard,shed,0.4784,0.3007,1.0,0.1835,1,0.0705,0.2037,2.3186,0.3714,1,0.0643,1,5.3333,0.3617,122442.5,122 442 RUB,Косметический
backyard (168).jpg,backyard,yard,0.5244,0.1837,1.0,0.2944,0,0.6085,0.2,2.3186,0.6497,0,0.0206,0,0.0,0.4117,83233.25,83 233 RUB,Без ремонта
backyard (169).jpeg,backyard,patio,0.4888,0.217,1.0,0.174,4,0.247,0.1937,2.3186,0.5561,0,0.0697,3,15.9999,0.3854,127039.31,127 039 RUB,Косметический
backyard (169).jpg,backyard,garage/outdoor,0.4562,0.2767,1.0,0.2114,0,0.015,0.2103,2.3186,0.3934,1,0.1066,0,0.0,0.3417,113688.9,113 689 RUB,Косметический
backyard (17).jpeg,backyard,manufactured_home,0.4211,0.2371,1.0,0.1864,0,0.074,0.1942,2.3186,0.437,3,0.0491,0,0.0,0.3385,110280.73,110 281 RUB,Косметический
backyard (170).jpeg,backyard,yard,0.5509,0.2322,1.0,0.2311,1,0.2527,0.1988,2.3186,0.5786,2,0.0367,1,5.3333,0.3994,122322.25,122 322 RUB,Косметический
backyard (170).jpg,backyard,yard,0.4686,0.2164,1.0,0.229,0,0.3462,0.1962,2.3186,0.5383,1,0.0447,0,0.0,0.3762,96800.67,96 801 RUB,Косметический
backyard (171).jpeg,backyard,patio,0.4044,0.2234,1.0,0.2324,6,0.2038,0.1988,2.3069,0.4475,0,0.1141,5,29.9399,0.3357,156308.71,156 309 RUB,Косметический
backyard (171).jpg,backyard,manufactured_home,0.5319,0.2744,1.0,0.1805,2,0.1555,0.1975,2.31,0.4842,2,0.0515,1,6.0423,0.3922,123360.7,123 361 RUB,Косметический
backyard (172).jpeg,backyard,yard,0.5025,0.1929,1.0,0.2424,1,0.019,0.2179,2.31,0.6162,1,0.0658,0,0.0,0.3544,102457.62,102 458 RUB,Косметический
backyard (172).jpg,backyard,manufactured_home,0.4377,0.203,1.0,0.248,10,0.0915,0.2165,2.3214,0.5363,1,0.1077,8,43.0105,0.3346,154620.06,154 620 RUB,Косметический
backyard (173).jpeg,backyard,barn,0.4833,0.1851,1.0,0.2576,0,0.0564,0.2081,2.3186,0.6171,0,0.0358,0,0.0,0.3475,83565.96,83 566 RUB,Без ремонта
backyard (173).jpg,backyard,porch,0.4544,0.2146,1.0,0.2292,1,0.0004,0.195,2.3186,0.5278,0,0.1258,1,5.3333,0.3359,121916.51,121 917 RUB,Косметический
backyard (174).jpeg,backyard,porch,0.4628,0.2203,1.0,0.2076,2,0.2263,0.2194,2.3186,0.5239,2,0.0666,2,10.6666,0.3662,139184.52,139 185 RUB,Косметический
backyard (174).jpg,backyard,yard,0.4841,0.233,1.0,0.1805,1,0.0067,0.1962,2.3186,0.5187,0,0.0859,0,0.0,0.3582,93537.95,93 538 RUB,Косметический
backyard (175).jpeg,backyard,yard,0.5803,0.2509,1.0,0.2119,0,0.0892,0.2139,2.31,0.5675,0,0.0722,0,0.0,0.3987,97446.46,97 446 RUB,Косметический
backyard (175).jpg,backyard,manufactured_home,0.6546,0.1778,1.0,0.1908,0,0.2724,0.1949,2.32,0.7283,0,0.0177,0,0.0,0.4509,73945.47,73 945 RUB,Без ремонта
backyard (176).jpeg,backyard,yard,0.5006,0.2084,1.0,0.2307,9,0.133,0.2078,2.3186,0.5837,1,0.0802,8,42.6664,0.3674,151931.23,151 931 RUB,Косметический
backyard (176).jpg,backyard,manufactured_home,0.5825,0.2355,1.0,0.1989,0,0.0021,0.1993,2.33,0.5956,3,0.0456,0,0.0,0.3934,109207.53,109 208 RUB,Косметический
backyard (177).jpeg,backyard,manufactured_home,0.481,0.3492,0.238,0.0262,0,0.1632,0.1377,2.3186,0.274,1,0.0149,0,0.0,0.6321,93976.36,93 976 RUB,Косметический
backyard (177).jpg,backyard,yard,0.4787,0.233,1.0,0.3493,0,0.4595,0.2261,2.3186,0.5131,1,0.1462,0,0.0,0.3774,117848.77,117 849 RUB,Косметический
backyard (178).jpeg,backyard,stable,0.4832,0.208,1.0,0.2244,7,0.0361,0.235,2.31,0.5695,1,0.126,4,24.169,0.352,152972.78,152 973 RUB,Косметический
backyard (178).jpg,backyard,garage/outdoor,0.5103,0.1638,1.0,0.2407,1,0.1634,0.2473,2.31,0.6789,1,0.0948,1,6.0423,0.3723,115350.38,115 350 RUB,Косметический
backyard (179).jpeg,backyard,farm,0.5803,0.1427,1.0,0.1582,0,0.2239,0.2243,2.33,0.7541,2,0.0062,0,0.0,0.4229,79536.11,79 536 RUB,Без ремонта
backyard (179).jpg,backyard,swimming_pool/outdoor,0.4627,0.2968,1.0,0.2589,6,0.0989,0.213,2.3186,0.3584,2,0.1356,3,15.9999,0.3432,172100.49,172 100 RUB,Капитальный
backyard (18).jpeg,backyard,garage/outdoor,0.537,0.1777,1.0,0.2071,1,0.056,0.2198,2.33,0.6691,3,0.034,1,6.006,0.379,123550.41,123 550 RUB,Косметический
backyard (180).jpeg,backyard,garage/outdoor,0.4861,0.287,1.0,0.1635,0,0.0558,0.1797,2.33,0.4095,3,0.1202,0,0.0,0.3673,116111.36,116 111 RUB,Косметический
backyard (180).jpg,backyard,pavilion,0.4645,0.2073,1.0,0.2091,0,0.0144,0.2039,2.33,0.5537,0,0.1512,0,0.0,0.3454,114431.3,114 431 RUB,Косметический
backyard (181).jpeg,backyard,yard,0.4991,0.2588,1.0,0.1888,0,0.0457,0.1612,2.3186,0.4816,0,0.0203,0,0.0,0.3665,86523.96,86 524 RUB,Без ремонта
backyard (181).jpg,backyard,garage/outdoor,0.7606,0.2014,1.0,0.1875,1,0.0147,0.1931,2.31,0.7352,1,0.0111,1,6.0423,0.4682,96179.17,96 179 RUB,Косметический
backyard (182).jpeg,backyard,manufactured_home,0.5622,0.3333,1.0,0.1103,1,0.0785,0.1424,2.3292,0.4072,0,0.0642,1,7.326,0.4107,123173.97,123 174 RUB,Косметический
backyard (182).jpg,backyard,manufactured_home,0.4708,0.2109,0.6319,0.0925,0,0.0094,0.1961,2.3186,0.552,1,0.0345,0,0.0,0.4812,87801.0,87 801 RUB,Без ремонта
backyard (183).jpeg,backyard,manufactured_home,0.6206,0.2798,1.0,0.1519,0,0.1555,0.1683,2.3069,0.5491,0,0.0268,0,0.0,0.4334,79428.0,79 428 RUB,Без ремонта
backyard (183).jpg,backyard,yard,0.6099,0.251,0.418,0.0828,0,0.0075,0.1458,2.3176,0.5885,0,0.0202,0,0.0,0.6028,74644.07,74 644 RUB,Без ремонта
backyard (184).jpeg,backyard,garage/outdoor,0.5653,0.2602,1.0,0.1411,0,0.0,0.1789,2.33,0.5398,1,0.0477,0,0.0,0.3979,96500.1,96 500 RUB,Косметический
backyard (185).jpeg,backyard,yard,0.4977,0.224,1.0,0.205,7,0.4407,0.2055,2.3186,0.5501,1,0.0663,6,31.9998,0.4022,140405.59,140 406 RUB,Косметический
backyard (185).jpg,backyard,yard,0.4133,0.1627,1.0,0.1898,2,0.5732,0.1935,2.33,0.6065,0,0.055,2,12.0119,0.3847,122953.11,122 953 RUB,Косметический
backyard (186).jpeg,backyard,yard,0.3802,0.2149,1.0,0.278,0,0.3924,0.2185,2.33,0.4347,1,0.1057,0,0.0,0.3357,122395.32,122 395 RUB,Косметический
backyard (186).jpg,backyard,patio,0.5196,0.2898,1.0,0.1497,3,0.1908,0.1908,2.3186,0.4423,0,0.0527,1,5.3333,0.397,110367.31,110 367 RUB,Косметический
backyard (187).jpeg,backyard,yard,0.3964,0.2143,1.0,0.2999,0,0.5057,0.1977,2.3069,0.4593,1,0.0646,0,0.0,0.3491,111794.88,111 795 RUB,Косметический
backyard (187).jpg,backyard,yard,0.4624,0.2489,1.0,0.2312,0,0.157,0.1984,2.3186,0.4617,0,0.0391,0,0.0,0.3544,94480.39,94 480 RUB,Косметический
backyard (188).jpeg,backyard,patio,0.5081,0.2071,1.0,0.2044,9,0.4619,0.2031,2.3097,0.5925,0,0.0871,7,37.433,0.4085,147235.22,147 235 RUB,Косметический
backyard (188).jpg,backyard,manufactured_home,0.5532,0.2922,0.9248,0.1729,2,0.1022,0.1777,2.3186,0.4717,0,0.0204,2,10.6666,0.4195,118597.69,118 598 RUB,Косметический
backyard (189).jpeg,backyard,yard,0.5721,0.1563,1.0,0.2678,1,0.3815,0.2116,2.3186,0.7269,1,0.012,1,5.3333,0.4134,100838.39,100 838 RUB,Косметический
backyard (189).jpg,backyard,yard,0.4964,0.147,1.0,0.1726,0,0.0869,0.2014,2.33,0.7039,0,0.0326,0,0.0,0.3727,79604.69,79 605 RUB,Без ремонта
backyard (19).jpeg,backyard,yard,0.5526,0.3137,1.0,0.1649,8,0.0458,0.1746,2.33,0.4322,0,0.0888,8,48.0478,0.3926,155561.77,155 562 RUB,Косметический
backyard (19).jpg,backyard,manufactured_home,0.3831,0.1876,1.0,0.1715,1,0.0102,0.1826,2.3186,0.5103,1,0.0405,0,0.0,0.32,99877.24,99 877 RUB,Косметический
backyard (190).jpeg,backyard,manufactured_home,0.5923,0.2455,1.0,0.2376,4,0.1415,0.2143,2.33,0.5855,2,0.0873,3,18.0179,0.4036,144103.97,144 104 RUB,Косметический
backyard (190).jpg,backyard,yard,0.3599,0.1715,1.0,0.3181,1,0.2364,0.2122,2.33,0.5235,0,0.1406,0,0.0,0.3076,112918.36,112 918 RUB,Косметический
backyard (191).jpg,backyard,garage/outdoor,0.4798,0.1764,1.0,0.1864,3,0.039,0.1992,2.33,0.6322,0,0.0655,2,12.0119,0.3585,123689.15,123 689 RUB,Косметический
backyard (192).jpeg,backyard,manufactured_home,0.4061,0.232,1.0,0.3227,1,0.1805,0.1994,2.33,0.4288,2,0.1741,0,0.0,0.3205,136396.36,136 396 RUB,Косметический
backyard (192).jpg,backyard,porch,0.3511,0.1844,1.0,0.189,9,0.1921,0.1876,2.33,0.4748,1,0.1224,8,48.0478,0.3218,164468.81,164 469 RUB,Косметический
backyard (193).jpeg,backyard,yard,0.5386,0.247,1.0,0.2876,0,0.1405,0.2301,2.32,0.5413,2,0.0937,0,0.0,0.3719,114425.9,114 426 RUB,Косметический
backyard (193).jpg,backyard,chalet,0.5939,0.2235,1.0,0.2057,4,0.055,0.2,2.3,0.6238,0,0.0523,1,6.0606,0.4019,110968.54,110 969 RUB,Косметический
backyard (194).jpeg,backyard,yard,0.5548,0.1585,1.0,0.1978,1,0.0214,0.2105,2.33,0.7143,1,0.0329,0,0.0,0.3845,92546.77,92 547 RUB,Косметический
backyard (194).jpg,backyard,yard,0.5492,0.2683,1.0,0.2505,0,0.0978,0.2132,2.33,0.5115,2,0.0731,0,0.0,0.3794,111137.67,111 138 RUB,Косметический
backyard (195).jpg,backyard,manufactured_home,0.5617,0.2423,1.0,0.2178,0,0.0805,0.2004,2.3125,0.5686,1,0.0771,0,0.0,0.3892,102149.93,102 150 RUB,Косметический
backyard (196).jpg,backyard,yard,0.6322,0.2516,1.0,0.1803,0,0.034,0.2088,2.33,0.602,2,0.0359,0,0.0,0.4202,103011.02,103 011 RUB,Косметический
backyard (197).jpg,backyard,manufactured_home,0.6104,0.2601,0.897,0.1603,0,0.0127,0.1545,2.3186,0.5739,0,0.0125,0,0.0,0.4443,75695.81,75 696 RUB,Без ремонта
backyard (198).jpg,backyard,yard,0.3949,0.2356,1.0,0.1958,2,0.3103,0.1979,2.33,0.4034,0,0.0762,2,12.0119,0.3498,133711.81,133 712 RUB,Косметический
backyard (199).jpg,backyard,manufactured_home,0.4928,0.2301,1.0,0.2991,1,0.2765,0.2187,2.3069,0.5331,1,0.071,1,5.988,0.365,124137.68,124 138 RUB,Косметический
backyard (2).jpeg,backyard,kennel/outdoor,0.6043,0.295,1.0,0.1972,0,0.2243,0.1556,2.31,0.5118,0,0.0388,0,0.0,0.4247,83990.1,83 990 RUB,Без ремонта
backyard (2).jpg,backyard,porch,0.453,0.2028,1.0,0.1814,1,0.0765,0.2269,2.3186,0.5523,1,0.1091,1,5.3333,0.3526,119833.59,119 834 RUB,Косметический
backyard (20).jpeg,backyard,yard,0.391,0.2522,1.0,0.2367,1,0.0391,0.1926,2.3186,0.3549,1,0.0753,1,5.3333,0.313,122429.12,122 429 RUB,Косметический
backyard (20).jpg,backyard,roof_garden,0.4196,0.204,1.0,0.2836,1,0.4622,0.1963,2.3186,0.5138,0,0.0707,1,5.3333,0.3573,113309.32,113 309 RUB,Косметический
backyard (200).jpg,backyard,lawn,0.36,0.2726,1.0,0.292,0,0.3486,0.2173,2.3186,0.2429,3,0.3125,0,0.0,0.3205,167794.9,167 795 RUB,Косметический
backyard (201).jpg,backyard,patio,0.3566,0.1947,1.0,0.2052,1,0.1608,0.1718,2.3186,0.454,1,0.0616,0,0.0,0.3177,104887.62,104 888 RUB,Косметический
backyard (202).jpg,backyard,manufactured_home,0.5878,0.1361,1.0,0.1558,0,0.0019,0.1585,2.33,0.7684,0,0.028,0,0.0,0.4042,77173.22,77 173 RUB,Без ремонта
backyard (203).jpg,backyard,hangar/outdoor,0.6358,0.2627,1.0,0.1236,0,0.0,0.1792,2.32,0.5868,0,0.0325,0,0.0,0.4296,85240.14,85 240 RUB,Без ремонта
backyard (204).jpg,backyard,yard,0.3151,0.2129,1.0,0.2575,0,0.0559,0.1986,2.33,0.3244,0,0.1192,0,0.0,0.2802,114532.98,114 533 RUB,Косметический
backyard (205).jpg,backyard,yard,0.4255,0.2231,1.0,0.3328,0,0.6881,0.2245,2.3186,0.4757,0,0.0724,0,0.0,0.379,103884.56,103 885 RUB,Косметический
backyard (206).jpg,backyard,lawn,0.5055,0.1684,1.0,0.2743,1,0.0238,0.1979,2.3186,0.6669,0,0.0356,1,5.3333,0.3497,107090.3,107 090 RUB,Косметический
backyard (207).jpg,backyard,garage/outdoor,0.3918,0.2622,1.0,0.2116,4,0.0074,0.2029,2.33,0.3308,2,0.0886,3,18.0179,0.3151,150234.69,150 235 RUB,Косметический
backyard (208).jpg,backyard,yard,0.4102,0.148,1.0,0.2753,5,0.2519,0.2322,2.32,0.6393,1,0.1063,4,24.0962,0.3342,140164.95,140 165 RUB,Косметический
backyard (209).jpg,backyard,hunting_lodge/outdoor,0.1179,0.1589,0.299,0.0426,1,0.0,0.1083,2.31,0.0,0,0.0239,0,0.0,0.449,97115.58,97 116 RUB,Косметический
backyard (21).jpeg,backyard,yard,0.564,0.2698,1.0,0.1375,0,0.0013,0.1904,2.3069,0.5216,0,0.0434,0,0.0,0.3982,84852.7,84 853 RUB,Без ремонта
backyard (21).jpg,backyard,yard,0.4672,0.2165,1.0,0.2165,1,0.1122,0.2135,2.33,0.5365,1,0.0459,0,0.0,0.3548,100889.32,100 889 RUB,Косметический
backyard (210).jpg,backyard,yard,0.4845,0.2768,1.0,0.2541,5,0.1676,0.2302,2.33,0.4287,2,0.0865,3,18.0179,0.3597,147554.34,147 554 RUB,Косметический
backyard (211).jpg,backyard,porch,0.5082,0.1792,1.0,0.1989,2,0.0876,0.2238,2.3186,0.6474,2,0.0279,2,10.6666,0.3723,129045.64,129 046 RUB,Косметический
backyard (212).jpg,backyard,kennel/outdoor,0.3635,0.1785,1.0,0.1456,0,0.0519,0.1958,2.3186,0.5088,1,0.0255,0,0.0,0.3215,95002.86,95 003 RUB,Косметический
backyard (213).jpg,backyard,playground,0.4543,0.1528,1.0,0.2344,2,0.326,0.2369,2.31,0.6637,0,0.0968,1,6.0423,0.3675,117779.12,117 779 RUB,Косметический
backyard (214).jpg,backyard,lawn,0.5537,0.2206,1.0,0.1613,4,0.1162,0.2151,2.33,0.6017,4,0.0369,2,12.0119,0.4008,151915.14,151 915 RUB,Косметический
backyard (215).jpg,backyard,yard,0.4501,0.2245,1.0,0.2577,4,0.5359,0.2134,2.3186,0.5013,2,0.0513,2,10.6666,0.3821,135964.4,135 964 RUB,Косметический
backyard (216).jpg,backyard,kennel/outdoor,0.5152,0.1949,1.0,0.2106,0,0.1911,0.2163,2.32,0.6217,2,0.067,0,0.0,0.3831,103960.39,103 960 RUB,Косметический
backyard (217).jpg,backyard,driveway,0.6401,0.1737,1.0,0.2144,1,0.0923,0.2181,2.3333,0.7286,3,0.0333,1,6.006,0.4224,125581.32,125 581 RUB,Косметический
backyard (218).jpg,backyard,manufactured_home,0.5187,0.3091,1.0,0.1419,1,0.1743,0.1796,2.3186,0.4041,0,0.0465,1,5.3333,0.3965,106865.88,106 866 RUB,Косметический
backyard (219).jpg,backyard,garage/outdoor,0.5681,0.2646,1.0,0.1586,0,0.0726,0.1775,2.33,0.5343,0,0.033,0,0.0,0.4028,86164.51,86 165 RUB,Без ремонта
backyard (22).jpeg,backyard,patio,0.4927,0.3134,1.0,0.108,2,0.0113,0.1785,2.32,0.3639,0,0.0285,2,12.0481,0.3766,123283.46,123 283 RUB,Косметический
backyard (220).jpg,backyard,patio,0.4928,0.2507,1.0,0.2588,11,0.1246,0.2459,2.33,0.4913,1,0.1186,11,66.0657,0.3578,167809.9,167 810 RUB,Косметический
backyard (221).jpg,backyard,yard,0.4112,0.2522,1.0,0.2991,0,0.1019,0.2117,2.33,0.3865,2,0.2263,0,0.0,0.3148,145964.42,145 964 RUB,Косметический
backyard (222).jpg,backyard,manufactured_home,0.3423,0.2369,1.0,0.1625,1,0.003,0.1908,2.3186,0.3079,0,0.0779,1,5.3333,0.3047,116564.15,116 564 RUB,Косметический
backyard (223).jpg,backyard,manufactured_home,0.4913,0.2287,1.0,0.1049,9,0.002,0.1916,2.33,0.5344,0,0.0331,6,36.0358,0.3757,140774.69,140 775 RUB,Косметический
backyard (224).jpg,backyard,patio,0.4366,0.1434,1.0,0.1403,16,0.0335,0.1914,2.3186,0.6716,0,0.0969,12,63.9997,0.3499,148242.64,148 243 RUB,Косметический
backyard (225).jpg,backyard,yard,0.4072,0.2755,1.0,0.2396,0,0.001,0.167,2.3186,0.3234,1,0.136,0,0.0,0.3151,118186.55,118 187 RUB,Косметический
backyard (226).jpg,backyard,driveway,0.5018,0.2099,1.0,0.1799,0,0.1772,0.186,2.3186,0.5817,1,0.057,0,0.0,0.3825,89139.19,89 139 RUB,Без ремонта
backyard (227).jpg,backyard,manufactured_home,0.545,0.2091,1.0,0.2607,0,0.0661,0.2067,2.3186,0.6164,2,0.0285,0,0.0,0.3725,99461.73,99 462 RUB,Косметический
backyard (229).jpg,backyard,driveway,0.4569,0.2718,1.0,0.1985,1,0.0446,0.2113,2.32,0.405,0,0.081,1,6.0241,0.3475,116712.37,116 712 RUB,Косметический
backyard (23).jpeg,backyard,yard,0.4835,0.2199,1.0,0.2592,0,0.6024,0.2104,2.3186,0.5452,4,0.0325,0,0.0,0.4018,124612.64,124 613 RUB,Косметический
backyard (23).jpg,backyard,yard,0.5609,0.2748,1.0,0.1102,0,0.0118,0.1663,2.33,0.5101,0,0.0193,0,0.0,0.4035,82856.94,82 857 RUB,Без ремонта
backyard (230).jpg,backyard,yard,0.5057,0.2632,1.0,0.1954,0,0.0965,0.2173,2.33,0.4795,2,0.0767,0,0.0,0.3729,111293.62,111 294 RUB,Косметический
backyard (231).jpg,backyard,yard,0.6135,0.2789,1.0,0.2154,5,0.1256,0.1961,2.33,0.5454,1,0.133,0,0.0,0.4149,116301.72,116 302 RUB,Косметический
backyard (232).jpg,backyard,yard,0.4061,0.1968,1.0,0.1844,0,0.0019,0.193,2.3303,0.5154,0,0.0409,0,0.0,0.3258,84184.5,84 184 RUB,Без ремонта
backyard (233).jpg,backyard,yard,0.4649,0.2274,1.0,0.2063,0,0.013,0.2086,2.3303,0.5108,0,0.0773,0,0.0,0.346,97858.26,97 858 RUB,Косметический
backyard (234).jpg,backyard,yard,0.5588,0.2451,1.0,0.2055,0,0.0032,0.1909,2.3303,0.5614,0,0.018,0,0.0,0.3827,85831.81,85 832 RUB,Без ремонта
backyard (236).jpg,backyard,manufactured_home,0.5095,0.1428,1.0,0.1875,0,0.0472,0.1989,2.33,0.7197,0,0.0422,0,0.0,0.371,79689.68,79 690 RUB,Без ремонта
backyard (237).jpg,backyard,shed,0.329,0.148,1.0,0.1905,0,0.3167,0.165,2.3186,0.5501,0,0.0759,0,0.0,0.3252,91503.22,91 503 RUB,Косметический
backyard (238).jpg,backyard,patio,0.4933,0.2557,1.0,0.2223,12,0.2934,0.2117,2.32,0.4816,4,0.0567,12,72.2887,0.3822,188313.18,188 313 RUB,Капитальный
backyard (239).jpg,backyard,porch,0.5629,0.2004,1.0,0.3129,0,0.3845,0.2525,2.32,0.6441,1,0.1441,0,0.0,0.4036,107097.54,107 098 RUB,Косметический
backyard (24).jpeg,backyard,yard,0.4154,0.282,1.0,0.2135,0,0.2947,0.1713,2.3186,0.321,2,0.2294,0,0.0,0.3529,147613.41,147 613 RUB,Косметический
backyard (24).jpg,backyard,manufactured_home,0.5933,0.1729,1.0,0.1494,0,0.0,0.1754,2.32,0.7087,3,0.0008,0,0.0,0.4075,93578.62,93 579 RUB,Косметический
backyard (240).jpg,backyard,yard,0.6606,0.2806,1.0,0.2074,1,0.0861,0.1882,2.3097,0.5752,0,0.04,0,0.0,0.4314,93693.16,93 693 RUB,Косметический
backyard (241).jpg,backyard,yard,0.5203,0.2487,1.0,0.2088,0,0.1264,0.1962,2.3186,0.5219,1,0.0224,0,0.0,0.379,91560.78,91 561 RUB,Косметический
backyard (242).jpg,backyard,lawn,0.51,0.3371,1.0,0.2057,2,0.0322,0.1612,2.32,0.339,0,0.098,2,12.0481,0.3661,142396.4,142 396 RUB,Косметический
backyard (243).jpg,backyard,yard,0.4883,0.1773,1.0,0.2337,6,0.0445,0.2206,2.31,0.6369,2,0.054,5,30.2113,0.353,139223.53,139 224 RUB,Косметический
backyard (244).jpg,backyard,yard,0.4134,0.2387,1.0,0.2482,1,0.0581,0.2249,2.32,0.4226,2,0.1758,0,0.0,0.3215,139403.11,139 403 RUB,Косметический
backyard (245).jpg,backyard,yard,0.4106,0.1755,1.0,0.282,0,0.2494,0.2072,2.3186,0.5726,1,0.0709,0,0.0,0.3328,104394.94,104 395 RUB,Косметический
backyard (246).jpg,backyard,manufactured_home,0.5617,0.2842,1.0,0.1722,0,0.0388,0.2068,2.33,0.4941,1,0.0743,0,0.0,0.3941,99836.88,99 837 RUB,Косметический
backyard (247).jpg,backyard,yard,0.4954,0.1957,1.0,0.2481,1,0.062,0.2225,2.3333,0.605,3,0.077,0,0.0,0.3547,110248.4,110 248 RUB,Косметический
backyard (248).jpg,backyard,manufactured_home,0.4836,0.245,1.0,0.223,4,0.1008,0.2043,2.3059,0.4934,0,0.0711,2,14.2348,0.3589,127903.27,127 903 RUB,Косметический
backyard (249).jpg,backyard,yard,0.4663,0.2542,1.0,0.2394,0,0.5599,0.1989,2.3186,0.4549,1,0.0329,0,0.0,0.3946,101832.14,101 832 RUB,Косметический
backyard (25).jpeg,backyard,yard,0.4316,0.2343,0.9514,0.154,0,0.0018,0.2041,2.3186,0.457,1,0.038,0,0.0,0.3566,99208.76,99 209 RUB,Косметический
backyard (25).jpg,backyard,park,0.5148,0.2498,1.0,0.2945,2,0.1473,0.2197,2.3186,0.5148,1,0.0648,0,0.0,0.3618,114382.4,114 382 RUB,Косметический
backyard (250).jpg,backyard,yard,0.4892,0.2495,1.0,0.2025,2,0.001,0.1888,2.3186,0.4899,1,0.0277,1,5.3333,0.3553,112937.07,112 937 RUB,Косметический
backyard (251).jpg,backyard,yard,0.5252,0.242,1.0,0.2209,0,0.1572,0.1798,2.3186,0.5392,6,0.0605,0,0.0,0.3816,129001.88,129 002 RUB,Косметический
backyard (252).jpg,backyard,swimming_pool/outdoor,0.4182,0.2545,1.0,0.2316,0,0.1033,0.2081,2.3186,0.3914,2,0.0531,0,0.0,0.3313,108917.89,108 918 RUB,Косметический
backyard (253).jpg,backyard,yard,0.5272,0.2694,1.0,0.0782,2,0.0109,0.1673,2.3069,0.489,0,0.0415,2,11.976,0.3963,131196.58,131 197 RUB,Косметический
backyard (254).jpg,backyard,manufactured_home,0.5034,0.157,0.4147,0.1064,0,0.0785,0.1677,2.3186,0.6881,0,0.0472,0,0.0,0.5636,74992.88,74 993 RUB,Без ремонта
backyard (255).jpg,backyard,patio,0.2268,0.2265,1.0,0.1881,8,0.0012,0.1737,2.33,0.0011,0,0.1158,7,42.0418,0.2532,167046.17,167 046 RUB,Косметический
backyard (257).jpg,backyard,yard,0.6022,0.2386,1.0,0.1718,2,0.3067,0.1619,2.3097,0.6038,0,0.0064,0,0.0,0.4372,80989.9,80 990 RUB,Без ремонта
backyard (258).jpg,backyard,manufactured_home,0.5537,0.2582,1.0,0.1498,1,0.0025,0.1599,2.33,0.5336,0,0.0235,0,0.0,0.3918,84739.86,84 740 RUB,Без ремонта
backyard (259).jpg,backyard,yard,0.3862,0.1753,1.0,0.1671,1,0.2728,0.1954,2.3069,0.546,0,0.0514,1,5.988,0.3483,104747.6,104 748 RUB,Косметический
backyard (26).jpeg,backyard,hunting_lodge/outdoor,0.4224,0.2134,1.0,0.3031,11,0.3179,0.2487,2.31,0.4948,1,0.1361,4,24.169,0.3407,171520.86,171 521 RUB,Капитальный
backyard (26).jpg,backyard,manufactured_home,0.645,0.2677,1.0,0.1847,0,0.0716,0.2078,2.3069,0.5849,3,0.0371,0,0.0,0.4282,110882.22,110 882 RUB,Косметический
backyard (260).jpg,backyard,porch,0.3969,0.2039,1.0,0.248,1,0.0768,0.2138,2.3186,0.4862,2,0.064,0,0.0,0.3169,107648.73,107 649 RUB,Косметический
backyard (261).jpg,backyard,yard,0.4982,0.2931,1.0,0.196,2,0.3667,0.1912,2.3186,0.4117,1,0.0395,2,10.6666,0.3967,129196.52,129 197 RUB,Косметический
backyard (262).jpg,backyard,shed,0.6324,0.3305,1.0,0.104,1,0.1845,0.1652,2.3186,0.4774,1,0.0452,0,0.0,0.4506,90475.19,90 475 RUB,Косметический
backyard (265).jpg,backyard,patio,0.4085,0.2509,1.0,0.2469,6,0.1132,0.1767,2.3186,0.3857,0,0.1097,5,26.6665,0.3253,154040.79,154 041 RUB,Косметический
backyard (267).jpg,backyard,porch,0.4405,0.2907,1.0,0.1408,1,0.0004,0.1828,2.3186,0.34,0,0.0694,0,0.0,0.3481,98671.25,98 671 RUB,Косметический
backyard (268).jpg,backyard,garage/outdoor,0.5032,0.2091,0.8722,0.1025,2,0.0019,0.1733,2.3186,0.5845,0,0.0241,1,5.3333,0.4193,97928.89,97 929 RUB,Косметический
backyard (269).jpg,backyard,manufactured_home,0.5368,0.2731,1.0,0.2624,6,0.2,0.2214,2.3186,0.4913,1,0.1074,4,21.3332,0.3822,153672.3,153 672 RUB,Косметический
backyard (27).jpeg,backyard,yard,0.5874,0.2293,1.0,0.2226,0,0.033,0.2164,2.3186,0.6096,0,0.053,0,0.0,0.3937,97047.04,97 047 RUB,Косметический
backyard (27).jpg,backyard,yard,0.5637,0.2548,1.0,0.1522,0,0.3585,0.1721,2.33,0.548,0,0.0209,0,0.0,0.4309,80556.82,80 557 RUB,Без ремонта
backyard (270).jpg,backyard,shed,0.3683,0.3028,1.0,0.1376,1,0.0021,0.1588,2.3186,0.1777,0,0.1031,0,0.0,0.32,115782.32,115 782 RUB,Косметический
backyard (271).jpg,backyard,porch,0.4793,0.2692,1.0,0.2058,0,0.1304,0.2036,2.3186,0.4384,1,0.0417,0,0.0,0.3636,100598.34,100 598 RUB,Косметический
backyard (272).jpg,backyard,kennel/outdoor,0.5144,0.298,1.0,0.2383,0,0.1311,0.1906,2.3186,0.4208,0,0.0568,0,0.0,0.3712,95209.33,95 209 RUB,Косметический
backyard (273).jpg,backyard,kennel/outdoor,0.6156,0.2374,1.0,0.1762,0,0.2347,0.1978,2.3186,0.6144,0,0.0229,0,0.0,0.4345,79124.45,79 124 RUB,Без ремонта
backyard (274).jpg,backyard,lawn,0.5395,0.2529,1.0,0.3121,0,0.544,0.2299,2.3186,0.5313,0,0.1273,0,0.0,0.4102,111350.32,111 350 RUB,Косметический
backyard (275).jpg,backyard,manufactured_home,0.4542,0.2501,0.5033,0.0698,0,0.3257,0.1756,2.3186,0.4494,1,0.0346,0,0.0,0.5493,95762.39,95 762 RUB,Косметический
backyard (276).jpg,backyard,yard,0.464,0.3099,1.0,0.1226,0,0.1342,0.1741,2.3186,0.332,0,0.0271,0,0.0,0.3745,90269.11,90 269 RUB,Косметический
backyard (277).jpg,backyard,patio,0.5357,0.3331,1.0,0.1439,11,0.0001,0.1783,2.3186,0.3781,0,0.0614,9,47.9997,0.3855,158094.66,158 095 RUB,Косметический
backyard (278).jpg,backyard,manufactured_home,0.4169,0.2761,0.6356,0.1134,1,0.296,0.1788,2.3186,0.3377,0,0.0499,0,0.0,0.483,100059.56,100 060 RUB,Косметический
backyard (279).jpg,backyard,swimming_pool/outdoor,0.5164,0.1668,0.5851,0.1063,1,0.0001,0.2194,2.3186,0.6769,1,0.0315,1,5.3333,0.5098,105737.66,105 738 RUB,Косметический
backyard (28).jpeg,backyard,garage/outdoor,0.5447,0.2113,0.4753,0.0728,0,0.0143,0.197,2.32,0.6121,1,0.0672,0,0.0,0.5622,94167.34,94 167 RUB,Косметический
backyard (28).jpg,backyard,driveway,0.5046,0.2181,0.3938,0.1381,4,0.0483,0.1975,2.3333,0.5677,1,0.0158,2,10.6666,0.5609,112656.57,112 657 RUB,Косметический
backyard (280).jpg,backyard,stable,0.4093,0.2262,0.8581,0.1212,1,0.0003,0.2106,2.3186,0.4474,2,0.0716,1,5.3333,0.3821,126192.98,126 193 RUB,Косметический
backyard (281).jpg,backyard,yard,0.4488,0.206,1.0,0.288,4,0.0061,0.2197,2.3186,0.541,0,0.0625,1,5.3333,0.3226,116510.72,116 511 RUB,Косметический
backyard (282).jpg,backyard,manufactured_home,0.5108,0.2356,0.6075,0.075,0,0.0,0.1522,2.3186,0.5388,1,0.0357,0,0.0,0.5071,92178.85,92 179 RUB,Косметический
backyard (283).jpg,backyard,yard,0.647,0.2089,0.8331,0.1385,0,0.0721,0.2083,2.3186,0.6771,2,0.0303,0,0.0,0.4884,89703.59,89 704 RUB,Без ремонта
backyard (284).jpg,backyard,yard,0.5794,0.2037,1.0,0.1976,0,0.2751,0.2086,2.3186,0.6485,0,0.0299,0,0.0,0.4198,86176.07,86 176 RUB,Без ремонта
backyard (285).jpg,backyard,yard,0.5082,0.2982,0.3224,0.0912,0,0.0298,0.1703,2.3186,0.4133,2,0.0296,0,0.0,0.5913,98065.56,98 066 RUB,Косметический
backyard (286).jpg,backyard,patio,0.5001,0.318,1.0,0.1696,8,0.0783,0.1969,2.3186,0.3641,1,0.0717,7,37.3331,0.3739,154319.89,154 320 RUB,Косметический
backyard (287).jpg,backyard,yard,0.5208,0.2632,0.7439,0.1606,0,0.2697,0.1865,2.3186,0.4946,2,0.0168,0,0.0,0.48,93697.71,93 698 RUB,Косметический
backyard (288).jpg,backyard,shed,0.4599,0.2595,1.0,0.2308,0,0.1453,0.1978,2.3186,0.4358,1,0.0636,0,0.0,0.3523,105437.75,105 438 RUB,Косметический
backyard (289).jpg,backyard,manufactured_home,0.4279,0.1775,1.0,0.0935,2,0.0301,0.1777,2.3186,0.5851,0,0.053,1,5.3333,0.3555,109459.99,109 460 RUB,Косметический
backyard (29).jpeg,backyard,yard,0.5336,0.224,1.0,0.1932,1,0.4507,0.2068,2.33,0.5802,1,0.0244,0,0.0,0.4199,92161.73,92 162 RUB,Косметический
backyard (29).jpg,backyard,manufactured_home,0.5722,0.3013,1.0,0.207,0,0.1394,0.1628,2.3333,0.4735,1,0.024,0,0.0,0.4014,94928.47,94 928 RUB,Косметический
backyard (290).jpg,backyard,yard,0.399,0.3123,1.0,0.0964,0,0.0816,0.1684,2.3186,0.2173,1,0.0519,0,0.0,0.3485,116931.58,116 932 RUB,Косметический
backyard (291).jpg,backyard,yard,0.3574,0.2558,1.0,0.1502,4,0.1252,0.1786,2.3186,0.2842,2,0.0546,1,5.3333,0.3255,130146.6,130 147 RUB,Косметический
backyard (292).jpg,backyard,yard,0.3541,0.2115,1.0,0.1953,0,0.3614,0.1986,2.3186,0.4028,1,0.0722,0,0.0,0.3387,108203.21,108 203 RUB,Косметический
backyard (293).jpg,backyard,yard,0.477,0.2244,0.9375,0.2037,0,0.1955,0.1943,2.3186,0.5295,1,0.0697,0,0.0,0.3884,100150.98,100 151 RUB,Косметический
backyard (294).jpg,backyard,yard,0.5263,0.2333,0.1916,0.0511,0,0.2217,0.1899,2.3186,0.5566,0,0.0125,0,0.0,0.665,72404.1,72 404 RUB,Без ремонта
backyard (295).jpg,backyard,doorway/outdoor,0.4217,0.2154,1.0,0.1168,3,0.0533,0.1966,2.3186,0.4892,1,0.0599,1,5.3333,0.3507,113784.86,113 785 RUB,Косметический
backyard (296).jpg,backyard,garage/outdoor,0.6194,0.2114,1.0,0.2578,0,0.0053,0.2198,2.3186,0.6587,0,0.0559,0,0.0,0.3967,98178.14,98 178 RUB,Косметический
backyard (297).jpg,backyard,garage/outdoor,0.673,0.2313,0.7501,0.1185,0,0.0,0.1862,2.3186,0.6564,0,0.0171,0,0.0,0.5205,81204.17,81 204 RUB,Без ремонта
backyard (298).jpg,backyard,yard,0.5793,0.2306,1.0,0.1777,2,0.1446,0.2167,2.3186,0.6019,0,0.0404,0,0.0,0.4107,94667.99,94 668 RUB,Косметический
backyard (299).jpg,backyard,yard,0.498,0.1982,1.0,0.2607,0,0.1911,0.2035,2.3186,0.602,2,0.0371,0,0.0,0.3662,101548.27,101 548 RUB,Косметический
backyard (3).jpeg,backyard,lawn,0.4066,0.2372,1.0,0.2068,1,0.0174,0.1612,2.3333,0.4166,0,0.033,0,0.0,0.323,96012.28,96 012 RUB,Косметический
backyard (3).jpg,backyard,yard,0.4231,0.2216,1.0,0.235,0,0.1147,0.1901,2.3186,0.4764,3,0.0588,0,0.0,0.3337,117315.8,117 316 RUB,Косметический
backyard (30).jpeg,backyard,manufactured_home,0.5234,0.2432,1.0,0.1867,4,0.0107,0.2005,2.3303,0.5354,3,0.0288,2,10.7238,0.3731,133704.47,133 704 RUB,Косметический
backyard (30).jpg,backyard,manufactured_home,0.4919,0.1848,1.0,0.1429,0,0.205,0.1995,2.33,0.6242,1,0.0206,0,0.0,0.3887,87751.88,87 752 RUB,Без ремонта
backyard (300).jpg,backyard,patio,0.5545,0.2284,1.0,0.18,6,0.3101,0.197,2.3186,0.588,4,0.0492,5,26.6665,0.4168,149228.74,149 229 RUB,Косметический
backyard (301).jpg,backyard,pasture,0.5113,0.2037,0.8924,0.2102,0,0.4431,0.1912,2.3186,0.6017,1,0.0384,0,0.0,0.4391,89084.68,89 085 RUB,Без ремонта
backyard (302).jpg,backyard,yard,0.339,0.2226,1.0,0.2077,0,0.2281,0.1962,2.3186,0.3435,1,0.068,0,0.0,0.3169,106950.22,106 950 RUB,Косметический
backyard (303).jpg,backyard,barn,0.6247,0.2893,0.5812,0.0903,0,0.2794,0.1772,2.3186,0.5369,0,0.0363,0,0.0,0.5854,78123.27,78 123 RUB,Без ремонта
backyard (304).jpg,backyard,patio,0.4471,0.2465,1.0,0.1544,7,0.1637,0.2068,2.3186,0.4487,2,0.0671,7,37.3331,0.3643,153207.42,153 207 RUB,Косметический
backyard (305).jpg,backyard,yard,0.5643,0.2289,0.5543,0.083,0,0.3409,0.1821,2.3186,0.5943,1,0.0145,0,0.0,0.5769,83521.79,83 522 RUB,Без ремонта
backyard (306).jpg,backyard,shed,0.4399,0.2363,1.0,0.2076,0,0.2662,0.2088,2.3186,0.4629,3,0.0674,0,0.0,0.361,118474.95,118 475 RUB,Косметический
backyard (307).jpg,backyard,yard,0.4611,0.2575,1.0,0.218,1,0.3485,0.2042,2.3186,0.4415,1,0.0613,0,0.0,0.3757,107403.18,107 403 RUB,Косметический
backyard (308).jpg,backyard,lawn,0.4527,0.2429,1.0,0.1516,0,0.6359,0.1887,2.3186,0.4636,0,0.024,0,0.0,0.4144,85497.0,85 497 RUB,Без ремонта
backyard (309).jpg,backyard,yard,0.4959,0.1867,0.611,0.1534,0,0.2884,0.1906,2.3186,0.6235,0,0.0684,0,0.0,0.5132,85810.37,85 810 RUB,Без ремонта
backyard (31).jpeg,backyard,yard,0.4835,0.2766,1.0,0.2446,0,0.1775,0.198,2.3303,0.4278,1,0.0404,0,0.0,0.3622,99957.06,99 957 RUB,Косметический
backyard (310).jpg,backyard,yard,0.4779,0.2306,0.8346,0.1169,1,0.4452,0.2119,2.3186,0.5175,1,0.0486,1,5.3333,0.4619,107621.4,107 621 RUB,Косметический
backyard (311).jpg,backyard,yard,0.4051,0.2225,1.0,0.1958,0,0.4132,0.1856,2.3186,0.4508,0,0.0989,0,0.0,0.3642,102635.87,102 636 RUB,Косметический
backyard (312).jpg,backyard,yard,0.5931,0.2767,1.0,0.1908,1,0.3608,0.1865,2.3186,0.5334,1,0.0273,0,0.0,0.4351,91224.31,91 224 RUB,Косметический
backyard (313).jpg,backyard,yard,0.4028,0.2513,1.0,0.1764,0,0.2678,0.1889,2.3186,0.3761,0,0.0755,0,0.0,0.3526,97383.49,97 383 RUB,Косметический
backyard (314).jpg,backyard,patio,0.4161,0.2114,1.0,0.2303,11,0.0022,0.1979,2.3186,0.4919,1,0.1003,9,47.9997,0.3206,165053.75,165 054 RUB,Косметический
backyard (315).jpg,backyard,yard,0.5383,0.2896,0.3728,0.0668,0,0.2259,0.1562,2.3186,0.4621,0,0.0045,0,0.0,0.6127,80139.81,80 140 RUB,Без ремонта
backyard (316).jpg,backyard,porch,0.3173,0.1642,1.0,0.1389,1,0.0319,0.1805,2.3186,0.4824,1,0.0745,0,0.0,0.3023,103548.26,103 548 RUB,Косметический
backyard (317).jpg,backyard,yard,0.5668,0.293,1.0,0.2735,1,0.3342,0.1976,2.3186,0.4831,0,0.1067,0,0.0,0.4054,114701.5,114 702 RUB,Косметический
backyard (318).jpg,backyard,yard,0.4719,0.2668,1.0,0.1924,0,0.418,0.1936,2.3186,0.4346,1,0.077,0,0.0,0.3921,100033.76,100 034 RUB,Косметический
backyard (319).jpg,backyard,manufactured_home,0.453,0.2068,1.0,0.2751,0,0.1056,0.2028,2.3186,0.5435,3,0.0507,0,0.0,0.3367,116279.08,116 279 RUB,Косметический
backyard (32).jpeg,backyard,yard,0.4671,0.2123,1.0,0.2706,1,0.0499,0.2271,2.33,0.5456,0,0.0701,1,6.006,0.3377,116560.9,116 561 RUB,Косметический
backyard (32).jpg,backyard,pavilion,0.3844,0.2294,1.0,0.2065,0,0.0099,0.2003,2.3055,0.4033,0,0.1478,0,0.0,0.3135,116941.72,116 942 RUB,Косметический
backyard (320).jpg,backyard,manufactured_home,0.5987,0.235,1.0,0.1892,0,0.0759,0.2117,2.3186,0.6075,0,0.0552,0,0.0,0.4092,87957.74,87 958 RUB,Без ремонта
backyard (321).jpg,backyard,porch,0.5179,0.2419,1.0,0.1708,5,0.0726,0.2227,2.3186,0.533,1,0.0833,4,21.3332,0.3803,130136.1,130 136 RUB,Косметический
backyard (322).jpg,backyard,patio,0.5874,0.2851,1.0,0.1291,3,0.1031,0.2149,2.3186,0.5147,0,0.0638,1,5.3333,0.4195,111181.37,111 181 RUB,Косметический
backyard (323).jpg,backyard,yard,0.451,0.194,1.0,0.1787,1,0.2431,0.1917,2.3186,0.5698,1,0.0645,0,0.0,0.369,97764.83,97 765 RUB,Косметический
backyard (324).jpg,backyard,garage/outdoor,0.516,0.1734,0.9745,0.1573,0,0.0,0.2084,2.3186,0.6639,0,0.0618,0,0.0,0.3826,87795.67,87 796 RUB,Без ремонта
backyard (325).jpg,backyard,yard,0.502,0.296,1.0,0.2298,0,0.0612,0.2042,2.3186,0.4102,2,0.1162,0,0.0,0.3609,122382.58,122 383 RUB,Косметический
backyard (326).jpg,backyard,manufactured_home,0.5492,0.2621,0.3559,0.0996,0,0.0006,0.1463,2.3186,0.5228,0,0.0255,0,0.0,0.593,80020.6,80 021 RUB,Без ремонта
backyard (327).jpg,backyard,patio,0.5604,0.2235,1.0,0.166,4,0.0322,0.2099,2.3186,0.6012,2,0.0468,4,21.3332,0.3942,132685.79,132 686 RUB,Косметический
backyard (328).jpg,backyard,yard,0.546,0.2089,1.0,0.2623,1,0.006,0.2177,2.3186,0.6175,1,0.025,1,5.3333,0.3665,116326.47,116 326 RUB,Косметический
backyard (329).jpg,backyard,manufactured_home,0.5514,0.1195,0.5976,0.0916,1,0.0001,0.1908,2.3186,0.7832,0,0.0216,0,0.0,0.5229,73237.56,73 238 RUB,Без ремонта
backyard (33).jpeg,backyard,manufactured_home,0.5484,0.2487,1.0,0.2042,1,0.3081,0.2152,2.3186,0.5464,0,0.0644,0,0.0,0.4093,97054.27,97 054 RUB,Косметический
backyard (33).jpg,backyard,porch,0.4197,0.2182,1.0,0.2477,15,0.2077,0.2391,2.3186,0.4802,2,0.1235,15,79.9996,0.3391,184502.73,184 503 RUB,Капитальный
backyard (330).jpg,backyard,manufactured_home,0.5492,0.2967,1.0,0.1834,0,0.1525,0.2323,2.3186,0.4598,3,0.0813,0,0.0,0.3983,116493.12,116 493 RUB,Косметический
backyard (331).jpg,backyard,barndoor,0.498,0.2544,1.0,0.1693,0,0.0003,0.187,2.3186,0.4892,0,0.077,0,0.0,0.3654,95134.53,95 135 RUB,Косметический
backyard (332).jpg,backyard,yard,0.5165,0.2849,1.0,0.1162,0,0.388,0.2052,2.3186,0.4484,1,0.0282,0,0.0,0.4222,96780.45,96 780 RUB,Косметический
backyard (333).jpg,backyard,motel,0.5674,0.2949,1.0,0.16,5,0.0005,0.2016,2.3186,0.4804,0,0.0735,5,26.6665,0.395,134105.93,134 106 RUB,Косметический
backyard (334).jpg,backyard,manufactured_home,0.6365,0.2845,1.0,0.1649,3,0.0004,0.1882,2.3186,0.553,2,0.0655,0,0.0,0.4216,110749.42,110 749 RUB,Косметический
backyard (335).jpg,backyard,patio,0.5444,0.2157,0.8567,0.1353,10,0.0,0.1822,2.3186,0.6037,0,0.0242,8,42.6664,0.4337,129859.14,129 859 RUB,Косметический
backyard (336).jpg,backyard,hunting_lodge/outdoor,0.5849,0.281,1.0,0.1769,0,0.0001,0.2033,2.3186,0.5195,2,0.0491,0,0.0,0.3986,102146.9,102 147 RUB,Косметический
backyard (337).jpg,backyard,manufactured_home,0.4947,0.3119,0.2581,0.0485,0,0.0005,0.1724,2.3186,0.3695,0,0.0276,0,0.0,0.6108,78641.91,78 642 RUB,Без ремонта
backyard (338).jpg,backyard,yard,0.5641,0.2762,1.0,0.1796,1,0.0002,0.185,2.3186,0.5103,0,0.0483,0,0.0,0.3897,95135.6,95 136 RUB,Косметический
backyard (339).jpg,backyard,patio,0.5689,0.3021,1.0,0.1387,8,0.0027,0.1819,2.3186,0.469,1,0.0375,4,21.3332,0.4001,140950.0,140 950 RUB,Косметический
backyard (34).jpeg,backyard,kennel/outdoor,0.5957,0.2601,0.8905,0.1717,0,0.2164,0.2015,2.3186,0.5633,1,0.013,0,0.0,0.4584,82571.86,82 572 RUB,Без ремонта
backyard (34).jpg,backyard,driveway,0.3936,0.1817,1.0,0.3166,0,0.114,0.2071,2.3186,0.5384,0,0.116,0,0.0,0.3089,110363.29,110 363 RUB,Косметический
backyard (340).jpg,backyard,manufactured_home,0.6481,0.3409,1.0,0.1248,1,0.0119,0.1869,2.3186,0.474,1,0.0507,0,0.0,0.4355,94869.08,94 869 RUB,Косметический
backyard (341).jpg,backyard,yard,0.492,0.1435,0.4894,0.121,1,0.0257,0.1917,2.3186,0.7084,0,0.0381,0,0.0,0.5283,76987.15,76 987 RUB,Без ремонта
backyard (342).jpg,backyard,yard,0.5709,0.2405,1.0,0.1991,0,0.0759,0.2176,2.3186,0.5788,1,0.0549,0,0.0,0.3961,99125.91,99 126 RUB,Косметический
backyard (343).jpg,backyard,yard,0.3485,0.2535,0.711,0.1634,2,0.188,0.2012,2.3186,0.2725,0,0.0945,1,5.3333,0.4122,124368.99,124 369 RUB,Косметический
backyard (344).jpg,backyard,swimming_pool/outdoor,0.517,0.2637,1.0,0.1643,2,0.0745,0.2444,2.3186,0.4899,1,0.1509,1,5.3333,0.3814,127778.33,127 778 RUB,Косметический
backyard (345).jpg,backyard,motel,0.5081,0.2324,1.0,0.1214,6,0.0282,0.1986,2.3186,0.5426,0,0.0341,5,26.6665,0.3818,126918.77,126 919 RUB,Косметический
backyard (346).jpg,backyard,pavilion,0.4421,0.2212,0.9836,0.1422,5,0.0505,0.2015,2.3186,0.4995,0,0.084,3,15.9999,0.3584,130200.54,130 201 RUB,Косметический
backyard (347).jpg,backyard,manufactured_home,0.6369,0.3044,1.0,0.185,5,0.0533,0.2052,2.3186,0.522,0,0.0627,4,21.3332,0.4231,127304.17,127 304 RUB,Косметический
backyard (348).jpg,backyard,porch,0.5498,0.2103,0.6635,0.1033,0,0.018,0.2054,2.3186,0.6176,0,0.0113,0,0.0,0.502,75032.59,75 033 RUB,Без ремонта
backyard (349).jpg,backyard,patio,0.5841,0.2654,1.0,0.2028,4,0.0329,0.2336,2.3186,0.5457,2,0.0802,4,21.3332,0.3964,142915.15,142 915 RUB,Косметический
backyard (35).jpeg,backyard,yard,0.5985,0.2667,1.0,0.1556,7,0.2002,0.2086,2.33,0.5544,0,0.0428,5,30.0298,0.4283,133782.64,133 783 RUB,Косметический
backyard (35).jpg,backyard,garage/outdoor,0.5903,0.2945,0.5229,0.1139,0,0.2132,0.1772,2.3186,0.501,0,0.0126,0,0.0,0.5778,78275.59,78 276 RUB,Без ремонта
backyard (350).jpg,backyard,yard,0.438,0.2392,1.0,0.2251,0,0.1547,0.1975,2.3186,0.4539,2,0.0635,0,0.0,0.3457,112444.16,112 444 RUB,Косметический
backyard (351).jpg,backyard,porch,0.5656,0.2271,1.0,0.1567,5,0.0276,0.2264,2.3186,0.5984,1,0.0483,3,15.9999,0.3977,122245.11,122 245 RUB,Косметический
backyard (352).jpg,backyard,yard,0.6177,0.2116,1.0,0.1893,1,0.105,0.243,2.3186,0.6574,2,0.0264,1,5.3333,0.4197,112783.79,112 784 RUB,Косметический
backyard (353).jpg,backyard,manufactured_home,0.6231,0.345,1.0,0.1727,0,0.1289,0.1641,2.3186,0.4464,0,0.1045,0,0.0,0.4276,100556.79,100 557 RUB,Косметический
backyard (354).jpg,backyard,swimming_pool/outdoor,0.4624,0.29,1.0,0.1251,5,0.0305,0.2164,2.3186,0.3728,2,0.0323,4,21.3332,0.363,140739.5,140 740 RUB,Косметический
backyard (355).jpg,backyard,playground,0.5952,0.1861,1.0,0.1475,2,0.0124,0.2241,2.3186,0.6874,1,0.0652,2,10.6666,0.4098,125477.24,125 477 RUB,Косметический
backyard (356).jpg,backyard,yard,0.5286,0.276,1.0,0.1497,4,0.022,0.2023,2.3186,0.478,0,0.0658,2,10.6666,0.3837,121819.46,121 819 RUB,Косметический
backyard (357).jpg,backyard,barn,0.6445,0.2566,1.0,0.1662,0,0.0511,0.1934,2.3186,0.6018,1,0.0366,0,0.0,0.4297,90600.04,90 600 RUB,Косметический
backyard (358).jpg,backyard,yard,0.3531,0.2184,1.0,0.255,0,0.4905,0.2099,2.3186,0.3815,0,0.1478,0,0.0,0.3393,121869.6,121 870 RUB,Косметический
backyard (359).jpg,backyard,yard,0.4344,0.2167,1.0,0.3008,1,0.3592,0.2441,2.3186,0.5011,3,0.1116,0,0.0,0.3497,130943.95,130 944 RUB,Косметический
backyard (36).jpeg,backyard,yard,0.5637,0.2699,1.0,0.1501,3,0.0233,0.1814,2.33,0.5212,1,0.0504,3,18.0179,0.3978,123599.14,123 599 RUB,Косметический
backyard (36).jpg,backyard,manufactured_home,0.559,0.1822,1.0,0.3246,2,0.0904,0.2043,2.33,0.6741,2,0.0721,0,0.0,0.3727,115440.64,115 441 RUB,Косметический
backyard (360).jpg,backyard,barndoor,0.6928,0.3142,0.6871,0.0781,2,0.0328,0.1598,2.3186,0.5465,2,0.0173,0,0.0,0.5586,101721.75,101 722 RUB,Косметический
backyard (361).jpg,backyard,garage/outdoor,0.4818,0.1909,1.0,0.148,3,0.2417,0.2119,2.3186,0.6038,1,0.0628,2,10.6666,0.3873,120264.94,120 265 RUB,Косметический
backyard (362).jpg,backyard,fire_station,0.583,0.2545,1.0,0.1992,1,0.0275,0.2192,2.3186,0.5635,2,0.0667,0,0.0,0.3961,103046.61,103 047 RUB,Косметический
backyard (363).jpg,backyard,yard,0.5662,0.2542,1.0,0.2165,0,0.3102,0.2224,2.3186,0.551,0,0.104,0,0.0,0.4142,103942.38,103 942 RUB,Косметический
backyard (364).jpg,backyard,picnic_area,0.575,0.3355,1.0,0.2073,10,0.1506,0.2046,2.3186,0.4166,4,0.1027,5,26.6665,0.4036,172614.67,172 615 RUB,Капитальный
backyard (365).jpg,backyard,swimming_pool/outdoor,0.3855,0.2046,1.0,0.2353,1,0.2726,0.2137,2.3186,0.4693,0,0.1497,1,5.3333,0.3344,131574.39,131 574 RUB,Косметический
backyard (366).jpg,backyard,yard,0.3643,0.2602,1.0,0.2077,1,0.2584,0.2021,2.3186,0.2856,1,0.0841,1,5.3333,0.33,124839.71,124 840 RUB,Косметический
backyard (367).jpg,backyard,swimming_pool/outdoor,0.6071,0.2464,0.608,0.0899,2,0.0504,0.2081,2.3186,0.5942,1,0.037,0,0.0,0.5475,92125.12,92 125 RUB,Косметический
backyard (368).jpg,backyard,patio,0.405,0.2982,1.0,0.1062,6,0.0401,0.1834,2.3186,0.2636,2,0.0529,6,31.9998,0.3448,157570.19,157 570 RUB,Косметический
backyard (369).jpg,backyard,manufactured_home,0.6129,0.194,0.5953,0.121,0,0.0133,0.1935,2.3186,0.6834,1,0.0311,0,0.0,0.5437,78277.13,78 277 RUB,Без ремонта
backyard (37).jpeg,backyard,garage/outdoor,0.424,0.2174,1.0,0.2837,0,0.24,0.203,2.3186,0.4873,3,0.031,0,0.0,0.3369,122686.77,122 687 RUB,Косметический
backyard (37).jpg,backyard,yard,0.5011,0.1968,0.6482,0.1664,0,0.0182,0.1717,2.3186,0.6073,0,0.0059,0,0.0,0.4745,77512.12,77 512 RUB,Без ремонта
backyard (370).jpg,backyard,swimming_pool/outdoor,0.632,0.2631,1.0,0.1442,2,0.0027,0.1954,2.3186,0.5837,0,0.0665,0,0.0,0.4243,83828.39,83 828 RUB,Без ремонта
backyard (371).jpg,backyard,yard,0.4952,0.3123,0.7382,0.0817,0,0.5221,0.159,2.3186,0.3692,2,0.0249,0,0.0,0.5125,102652.0,102 652 RUB,Косметический
backyard (372).jpg,backyard,yard,0.7311,0.2348,1.0,0.1535,0,0.1236,0.1532,2.3186,0.6788,1,0.0238,0,0.0,0.4741,77809.44,77 809 RUB,Без ремонта
backyard (373).jpg,backyard,yard,0.4872,0.2663,1.0,0.1597,1,0.3628,0.1948,2.3186,0.4533,0,0.0721,1,5.3333,0.3992,116153.68,116 154 RUB,Косметический
backyard (374).jpg,backyard,yard,0.4576,0.2746,1.0,0.1783,0,0.078,0.2113,2.3186,0.3999,0,0.0661,0,0.0,0.3552,95708.73,95 709 RUB,Косметический
backyard (375).jpg,backyard,patio,0.5798,0.2492,1.0,0.148,7,0.0576,0.2252,2.3186,0.5702,4,0.0631,6,31.9998,0.4081,148218.34,148 218 RUB,Косметический
backyard (376).jpg,backyard,manufactured_home,0.5594,0.2528,0.5975,0.0742,2,0.0239,0.1981,2.3186,0.5481,2,0.0184,0,0.0,0.5321,100385.57,100 386 RUB,Косметический
backyard (377).jpg,backyard,swimming_pool/outdoor,0.4906,0.1983,0.7545,0.0878,5,0.009,0.2014,2.3186,0.5957,0,0.0563,3,15.9999,0.4532,125712.5,125 712 RUB,Косметический
backyard (378).jpg,backyard,yard,0.5011,0.2113,0.7484,0.1557,1,0.117,0.2073,2.3186,0.5783,2,0.0158,0,0.0,0.4565,91531.35,91 531 RUB,Косметический
backyard (379).jpg,backyard,porch,0.6029,0.2678,1.0,0.1274,0,0.0619,0.1824,2.3186,0.5558,1,0.0326,0,0.0,0.4218,90847.57,90 848 RUB,Косметический
backyard (38).jpeg,backyard,yard,0.3906,0.2351,1.0,0.2716,0,0.3443,0.212,2.3186,0.398,4,0.1245,0,0.0,0.3363,133188.01,133 188 RUB,Косметический
backyard (38).jpg,backyard,manufactured_home,0.5163,0.2311,1.0,0.1937,0,0.0286,0.1689,2.3186,0.5525,0,0.04,0,0.0,0.3706,82960.83,82 961 RUB,Без ремонта
backyard (380).jpg,backyard,patio,0.5474,0.2756,1.0,0.148,6,0.0733,0.2101,2.3186,0.4966,1,0.0591,6,31.9998,0.3967,136123.17,136 123 RUB,Косметический
backyard (381).jpg,backyard,yard,0.4203,0.2599,1.0,0.1745,9,0.1867,0.1911,2.3186,0.3815,1,0.0739,5,26.6665,0.3519,153002.55,153 003 RUB,Косметический
backyard (382).jpg,backyard,yard,0.6315,0.266,1.0,0.1616,7,0.1232,0.1867,2.3186,0.5788,0,0.0546,7,37.3331,0.4326,137798.35,137 798 RUB,Косметический
backyard (383).jpg,backyard,swimming_pool/outdoor,0.5911,0.2311,0.7035,0.0655,0,0.0323,0.1737,2.3186,0.6091,0,0.0409,0,0.0,0.5155,83079.18,83 079 RUB,Без ремонта
backyard (384).jpg,backyard,porch,0.423,0.2356,0.6446,0.1415,4,0.0063,0.1931,2.3186,0.443,0,0.0377,4,21.3332,0.4482,125934.36,125 934 RUB,Косметический
backyard (385).jpg,backyard,patio,0.5878,0.2344,1.0,0.1756,7,0.0387,0.1948,2.3186,0.6012,2,0.0799,6,31.9998,0.4039,146952.21,146 952 RUB,Косметический
backyard (386).jpg,backyard,manufactured_home,0.6348,0.2539,0.6467,0.0989,0,0.0107,0.177,2.3186,0.6,0,0.0354,0,0.0,0.5412,79727.68,79 728 RUB,Без ремонта
backyard (387).jpg,backyard,shed,0.5021,0.2256,1.0,0.1511,6,0.2451,0.2464,2.3186,0.5507,2,0.0389,5,26.6665,0.3951,134134.41,134 134 RUB,Косметический
backyard (388).jpg,backyard,patio,0.4951,0.3819,1.0,0.126,6,0.023,0.1647,2.3186,0.2286,1,0.1186,4,21.3332,0.3752,170090.03,170 090 RUB,Капитальный
backyard (389).jpg,backyard,yard,0.4504,0.2348,1.0,0.1913,0,0.0405,0.2016,2.3186,0.4786,0,0.0422,0,0.0,0.346,88760.53,88 761 RUB,Без ремонта
backyard (39).jpeg,backyard,patio,0.4618,0.2286,1.0,0.2298,1,0.3058,0.1837,2.33,0.5051,1,0.0547,1,6.006,0.3694,117844.88,117 845 RUB,Косметический
backyard (39).jpg,backyard,hayfield,0.5009,0.2165,0.7886,0.1436,4,0.0006,0.2094,2.33,0.5679,1,0.0642,0,0.0,0.4351,104331.36,104 331 RUB,Косметический
backyard (390).jpg,backyard,hunting_lodge/outdoor,0.5437,0.2144,1.0,0.1739,0,0.0441,0.2309,2.3186,0.6057,1,0.0694,0,0.0,0.3871,95388.49,95 388 RUB,Косметический
backyard (391).jpg,backyard,patio,0.7395,0.2443,0.3341,0.0631,2,0.0867,0.16,2.3186,0.6696,0,0.0103,0,0.0,0.6916,73523.46,73 523 RUB,Без ремонта
backyard (392).jpg,backyard,yard,0.5009,0.228,1.0,0.2034,2,0.0824,0.2279,2.3186,0.5448,0,0.0567,0,0.0,0.3679,95101.72,95 102 RUB,Косметический
backyard (393).jpg,backyard,porch,0.5358,0.2439,1.0,0.1465,16,0.0138,0.2232,2.3186,0.5447,3,0.0915,16,85.3329,0.3864,176170.36,176 170 RUB,Капитальный
backyard (394).jpg,backyard,yard,0.6427,0.2076,1.0,0.1407,0,0.1454,0.1996,2.3186,0.6769,0,0.046,0,0.0,0.4435,78553.64,78 554 RUB,Без ремонта
backyard (395).jpg,backyard,yard,0.5721,0.2535,1.0,0.1628,0,0.3014,0.2162,2.3186,0.5569,1,0.0803,0,0.0,0.4264,99383.45,99 383 RUB,Косметический
backyard (396).jpg,backyard,patio,0.4556,0.247,1.0,0.2031,5,0.2217,0.2064,2.3186,0.4578,0,0.1137,5,26.6665,0.3638,152202.57,152 203 RUB,Косметический
backyard (397).jpg,backyard,patio,0.5644,0.265,1.0,0.1376,8,0.0214,0.2105,2.3186,0.5304,3,0.0566,8,42.6664,0.4004,152601.81,152 602 RUB,Косметический
backyard (398).jpg,backyard,yard,0.542,0.1811,0.5115,0.0996,0,0.0017,0.1764,2.3186,0.6659,0,0.0109,0,0.0,0.5436,73748.88,73 749 RUB,Без ремонта
backyard (399).jpg,backyard,manufactured_home,0.4431,0.2911,0.5372,0.0724,0,0.1212,0.1625,2.3186,0.3431,0,0.0261,0,0.0,0.5137,87239.35,87 239 RUB,Без ремонта
backyard (4).jpeg,backyard,yard,0.4132,0.1528,0.3575,0.1036,0,0.2194,0.1842,2.3186,0.6303,0,0.0259,0,0.0,0.5593,76998.73,76 999 RUB,Без ремонта
backyard (4).jpg,backyard,driveway,0.6436,0.2991,0.3103,0.06,0,0.0026,0.1591,2.3186,0.5353,1,0.0159,0,0.0,0.6526,78429.52,78 430 RUB,Без ремонта
backyard (40).jpeg,backyard,yard,0.4408,0.1978,1.0,0.2475,0,0.0169,0.1999,2.3059,0.5513,1,0.0623,0,0.0,0.3285,99973.32,99 973 RUB,Косметический
backyard (40).jpg,backyard,patio,0.547,0.2054,1.0,0.1941,7,0.0151,0.2204,2.33,0.6245,3,0.0923,6,36.0358,0.3815,164107.47,164 107 RUB,Косметический
backyard (400).jpg,backyard,yard,0.7088,0.3382,0.2935,0.0241,0,0.3232,0.1087,2.3186,0.5229,1,0.0046,0,0.0,0.723,83562.74,83 563 RUB,Без ремонта
backyard (401).jpg,backyard,yard,0.4409,0.3141,0.5121,0.0496,2,0.0535,0.1419,2.3186,0.2876,0,0.0405,1,5.3333,0.5181,113039.22,113 039 RUB,Косметический
backyard (402).jpg,backyard,athletic_field/outdoor,0.5654,0.2562,0.3191,0.0592,2,0.0059,0.1499,2.3186,0.5469,0,0.0514,0,0.0,0.6192,87383.7,87 384 RUB,Без ремонта
backyard (403).jpg,backyard,yard,0.6458,0.2392,1.0,0.1755,0,0.3749,0.1839,2.3186,0.6297,0,0.0333,0,0.0,0.4607,82740.48,82 740 RUB,Без ремонта
backyard (404).jpg,backyard,yard,0.4849,0.2557,1.0,0.1528,0,0.2315,0.2172,2.3186,0.4727,0,0.0498,0,0.0,0.3865,93940.58,93 941 RUB,Косметический
backyard (405).jpg,backyard,manufactured_home,0.5913,0.3108,0.7508,0.0535,0,0.0531,0.1722,2.3186,0.4744,0,0.0405,0,0.0,0.5059,88027.69,88 028 RUB,Без ремонта
backyard (406).jpg,backyard,yard,0.5209,0.2477,0.9835,0.1086,0,0.2713,0.2186,2.3186,0.5245,2,0.0242,0,0.0,0.4187,101246.18,101 246 RUB,Косметический
backyard (407).jpg,backyard,yard,0.4753,0.253,0.4222,0.0571,1,0.0069,0.1843,2.3186,0.4678,0,0.0249,0,0.0,0.5527,82965.11,82 965 RUB,Без ремонта
backyard (408).jpg,backyard,garage/outdoor,0.5952,0.2508,0.6631,0.084,0,0.1019,0.2002,2.3186,0.5787,0,0.0581,0,0.0,0.5326,85866.74,85 867 RUB,Без ремонта
backyard (409).jpg,backyard,yard,0.5329,0.2569,1.0,0.1708,0,0.0021,0.2115,2.3186,0.5179,0,0.0201,0,0.0,0.3792,81628.97,81 629 RUB,Без ремонта
backyard (41).jpeg,backyard,yard,0.4093,0.1957,1.0,0.1798,0,0.0198,0.1732,2.3186,0.522,1,0.0299,0,0.0,0.3298,93517.66,93 518 RUB,Косметический
backyard (41).jpg,backyard,garage/outdoor,0.5061,0.2165,1.0,0.1814,0,0.0003,0.2295,2.33,0.5721,2,0.0455,0,0.0,0.3662,97493.02,97 493 RUB,Косметический
backyard (410).jpg,backyard,yard,0.4705,0.2873,1.0,0.1861,3,0.3825,0.1999,2.3186,0.3893,1,0.098,0,0.0,0.3892,107777.66,107 778 RUB,Косметический
backyard (411).jpg,backyard,yard,0.4832,0.1728,0.9014,0.1632,0,0.2126,0.1835,2.3186,0.6423,1,0.0468,0,0.0,0.4115,88911.24,88 911 RUB,Без ремонта
backyard (412).jpg,backyard,yard,0.3374,0.2543,1.0,0.1597,2,0.0144,0.1718,2.3186,0.2462,1,0.0806,1,5.3333,0.3044,125531.28,125 531 RUB,Косметический
backyard (413).jpg,backyard,garage/outdoor,0.4281,0.2714,1.0,0.0951,1,0.2277,0.2022,2.3186,0.3661,1,0.0423,0,0.0,0.375,98466.32,98 466 RUB,Косметический
backyard (414).jpg,backyard,patio,0.5627,0.2298,0.6683,0.1055,6,0.0338,0.2135,2.3186,0.5917,1,0.0258,6,31.9998,0.5069,131433.59,131 434 RUB,Косметический
backyard (415).jpg,backyard,yard,0.4985,0.25,0.5735,0.1019,0,0.3236,0.2006,2.3186,0.4985,0,0.0373,0,0.0,0.5393,84208.21,84 208 RUB,Без ремонта
backyard (416).jpg,backyard,yard,0.7066,0.2734,1.0,0.1135,0,0.1539,0.193,2.3186,0.6131,1,0.0825,0,0.0,0.4753,87458.02,87 458 RUB,Без ремонта
backyard (417).jpg,backyard,lawn,0.4955,0.2954,1.0,0.2229,2,0.5477,0.1932,2.3186,0.4038,1,0.0484,1,5.3333,0.4084,118231.76,118 232 RUB,Косметический
backyard (418).jpg,backyard,roof_garden,0.5258,0.2512,1.0,0.224,6,0.0263,0.2147,2.3186,0.5221,1,0.1702,5,26.6665,0.3681,161843.36,161 843 RUB,Косметический
backyard (419).jpg,backyard,manufactured_home,0.4595,0.2816,1.0,0.0974,0,0.1428,0.1554,2.3186,0.3871,1,0.094,0,0.0,0.3786,111438.68,111 439 RUB,Косметический
backyard (42).jpeg,backyard,yard,0.5147,0.2711,1.0,0.1303,0,0.0051,0.1858,2.3186,0.4733,0,0.0167,0,0.0,0.3803,84581.91,84 582 RUB,Без ремонта
backyard (42).jpg,backyard,field/cultivated,0.5409,0.1783,1.0,0.1797,0,0.0047,0.2091,2.33,0.6705,0,0.0501,0,0.0,0.3809,84401.75,84 402 RUB,Без ремонта
backyard (420).jpg,backyard,manufactured_home,0.4551,0.2718,0.5338,0.0838,1,0.1444,0.1619,2.3186,0.4029,0,0.0297,1,5.3333,0.5196,102830.3,102 830 RUB,Косметический
backyard (421).jpg,backyard,garage/outdoor,0.5356,0.2625,0.5828,0.0662,1,0.1871,0.1801,2.3186,0.5099,0,0.0312,1,5.3333,0.5449,99207.85,99 208 RUB,Косметический
backyard (422).jpg,backyard,server_room,0.4485,0.25,0.7265,0.0463,2,0.0,0.1582,2.3186,0.4427,0,0.0875,1,5.3333,0.4522,122717.51,122 718 RUB,Косметический
backyard (423).jpg,backyard,manufactured_home,0.5558,0.2449,1.0,0.1206,1,0.0225,0.1979,2.3186,0.5593,1,0.0388,0,0.0,0.4004,88936.18,88 936 RUB,Без ремонта
backyard (424).jpg,backyard,manufactured_home,0.6367,0.2818,0.567,0.0714,1,0.1485,0.1741,2.3186,0.5573,1,0.0264,0,0.0,0.5851,83860.14,83 860 RUB,Без ремонта
backyard (425).jpg,backyard,yard,0.5787,0.2106,1.0,0.2182,0,0.0492,0.2429,2.3186,0.6361,0,0.079,0,0.0,0.3927,95453.49,95 453 RUB,Косметический
backyard (426).jpg,backyard,yard,0.5576,0.1989,0.7623,0.1017,1,0.0617,0.1994,2.3186,0.6434,0,0.0811,1,5.3333,0.4802,106837.9,106 838 RUB,Косметический
backyard (427).jpg,backyard,yard,0.5238,0.2579,1.0,0.2804,0,0.041,0.1899,2.3186,0.5077,2,0.0928,0,0.0,0.3576,120573.98,120 574 RUB,Косметический
backyard (428).jpg,backyard,yard,0.6536,0.191,1.0,0.1507,0,0.1577,0.1881,2.3186,0.7078,1,0.0644,0,0.0,0.4471,88995.75,88 996 RUB,Без ремонта
backyard (429).jpg,backyard,yard,0.6166,0.2209,1.0,0.2189,0,0.3002,0.218,2.3186,0.6416,2,0.0344,0,0.0,0.4329,102945.82,102 946 RUB,Косметический
backyard (43).jpeg,backyard,garage/outdoor,0.5176,0.2843,0.7668,0.0677,0,0.2921,0.1674,2.3186,0.4507,1,0.0241,0,0.0,0.4927,93848.0,93 848 RUB,Косметический
backyard (43).jpg,backyard,yard,0.5963,0.2488,1.0,0.1694,0,0.1511,0.1922,2.3186,0.5827,1,0.0097,0,0.0,0.4197,86426.91,86 427 RUB,Без ремонта
backyard (430).jpg,backyard,yard,0.5052,0.2705,1.0,0.2313,0,0.2379,0.2031,2.3186,0.4644,2,0.0959,0,0.0,0.3796,118932.32,118 932 RUB,Косметический
backyard (431).jpg,backyard,swimming_pool/outdoor,0.5688,0.2616,1.0,0.2222,1,0.1708,0.1987,2.3186,0.5401,0,0.0633,1,5.3333,0.4002,112518.1,112 518 RUB,Косметический
backyard (433).jpg,backyard,yard,0.5464,0.2027,0.5617,0.153,1,0.0426,0.201,2.3186,0.6291,1,0.0294,0,0.0,0.5237,90424.0,90 424 RUB,Косметический
backyard (434).jpg,backyard,yard,0.5576,0.2694,1.0,0.1231,2,0.1474,0.1915,2.3186,0.5169,0,0.0458,1,5.3333,0.4132,103957.33,103 957 RUB,Косметический
backyard (435).jpg,backyard,shed,0.6377,0.2527,1.0,0.1213,0,0.1226,0.204,2.3186,0.6038,0,0.0302,0,0.0,0.4431,80637.69,80 638 RUB,Без ремонта
backyard (436).jpg,backyard,yard,0.5376,0.245,1.0,0.2805,4,0.4195,0.212,2.3186,0.5443,1,0.0907,3,15.9999,0.4009,142134.43,142 134 RUB,Косметический
backyard (437).jpg,backyard,garage/outdoor,0.7205,0.1721,1.0,0.2029,0,0.0152,0.2084,2.3186,0.7611,1,0.023,0,0.0,0.4491,85494.33,85 494 RUB,Без ремонта
backyard (438).jpg,backyard,manufactured_home,0.4679,0.1291,0.7189,0.1268,0,0.2653,0.1733,2.3186,0.724,0,0.0311,0,0.0,0.4727,77853.15,77 853 RUB,Без ремонта
backyard (439).jpg,backyard,yard,0.6207,0.2172,0.6067,0.1177,0,0.3405,0.1967,2.3186,0.6501,0,0.0286,0,0.0,0.5768,78051.53,78 052 RUB,Без ремонта
backyard (44).jpeg,backyard,manufactured_home,0.4914,0.2707,1.0,0.1779,0,0.01,0.2063,2.3186,0.4492,1,0.0622,0,0.0,0.362,100313.99,100 314 RUB,Косметический
backyard (44).jpg,backyard,manufactured_home,0.5497,0.2772,1.0,0.1026,0,0.0048,0.1687,2.3186,0.4958,0,0.0435,0,0.0,0.3999,86258.67,86 259 RUB,Без ремонта
backyard (440).jpg,backyard,patio,0.4722,0.2891,1.0,0.1538,15,0.1041,0.2104,2.3186,0.3877,0,0.0657,12,63.9997,0.3685,164895.17,164 895 RUB,Косметический
backyard (441).jpg,backyard,yard,0.4867,0.2786,1.0,0.2751,2,0.1123,0.2039,2.3186,0.4275,2,0.2459,2,10.6666,0.3509,174766.34,174 766 RUB,Капитальный
backyard (442).jpg,backyard,manufactured_home,0.5939,0.2046,0.6589,0.1292,0,0.0018,0.207,2.3186,0.6555,0,0.037,0,0.0,0.5142,82410.24,82 410 RUB,Без ремонта
backyard (443).jpg,backyard,manufactured_home,0.563,0.2153,1.0,0.1749,0,0.0306,0.201,2.3186,0.6177,1,0.0673,0,0.0,0.3933,95392.22,95 392 RUB,Косметический
backyard (444).jpg,backyard,manufactured_home,0.4295,0.255,0.4128,0.0545,0,0.0973,0.1922,2.3186,0.4063,1,0.0422,0,0.0,0.5468,96432.91,96 433 RUB,Косметический
backyard (445).jpg,backyard,porch,0.5083,0.2234,0.7792,0.1136,6,0.044,0.2114,2.3186,0.5604,2,0.0455,3,15.9999,0.4512,140184.96,140 185 RUB,Косметический
backyard (446).jpg,backyard,beach_house,0.5001,0.2595,1.0,0.2083,0,0.2541,0.2278,2.3186,0.4812,0,0.0201,0,0.0,0.3838,88384.1,88 384 RUB,Без ремонта
backyard (447).jpg,backyard,manufactured_home,0.5672,0.2596,1.0,0.1377,3,0.0105,0.2144,2.3186,0.5422,1,0.0377,2,10.6666,0.4004,120575.27,120 575 RUB,Косметический
backyard (448).jpg,backyard,yard,0.5249,0.3143,0.6179,0.0782,9,0.2752,0.171,2.3186,0.4012,2,0.0163,3,15.9999,0.5365,158129.21,158 129 RUB,Косметический
backyard (449).jpg,backyard,porch,0.4746,0.2743,0.8486,0.1519,1,0.0253,0.2101,2.3186,0.4221,0,0.0728,1,5.3333,0.4074,115547.86,115 548 RUB,Косметический
backyard (45).jpeg,backyard,yard,0.463,0.239,1.0,0.2631,1,0.2129,0.2012,2.33,0.4837,2,0.0289,0,0.0,0.3538,105392.24,105 392 RUB,Косметический
backyard (45).jpg,backyard,swimming_pool/outdoor,0.4886,0.2558,1.0,0.2286,6,0.0226,0.216,2.3097,0.4764,3,0.0886,6,32.0854,0.352,168217.22,168 217 RUB,Косметический
backyard (450).jpg,backyard,yard,0.6748,0.2248,1.0,0.1662,5,0.4567,0.1899,2.3186,0.6669,0,0.0255,5,26.6665,0.4823,122591.0,122 591 RUB,Косметический
backyard (451).jpg,backyard,lawn,0.6055,0.2584,1.0,0.171,1,0.3196,0.2002,2.3186,0.5732,1,0.0704,0,0.0,0.4399,96144.31,96 144 RUB,Косметический
backyard (452).jpg,backyard,yard,0.6257,0.3052,1.0,0.1611,1,0.1522,0.1695,2.3186,0.5123,2,0.1243,0,0.0,0.4333,112764.15,112 764 RUB,Косметический
backyard (453).jpg,backyard,corridor,0.5433,0.2311,1.0,0.1782,0,0.0614,0.192,2.3186,0.5747,0,0.0279,0,0.0,0.3878,81330.93,81 331 RUB,Без ремонта
backyard (454).jpg,backyard,porch,0.5437,0.2604,1.0,0.1684,1,0.0442,0.2002,2.3186,0.5211,1,0.1574,0,0.0,0.3882,110866.47,110 866 RUB,Косметический
backyard (455).jpg,backyard,yard,0.4906,0.3147,0.7994,0.078,0,0.4413,0.161,2.3186,0.3584,0,0.0381,0,0.0,0.4849,95691.49,95 691 RUB,Косметический
backyard (456).jpg,backyard,manufactured_home,0.5597,0.2803,0.7346,0.0875,7,0.2571,0.1734,2.3186,0.4992,0,0.0463,4,21.3332,0.5117,133513.95,133 514 RUB,Косметический
backyard (457).jpg,backyard,hunting_lodge/outdoor,0.5063,0.2163,1.0,0.1589,1,0.0971,0.213,2.3186,0.5727,0,0.0394,0,0.0,0.3804,87708.39,87 708 RUB,Без ремонта
backyard (459).jpg,backyard,farm,0.6229,0.2307,0.4973,0.0766,0,0.0042,0.1665,2.3186,0.6297,0,0.0101,0,0.0,0.5851,68225.57,68 226 RUB,Без ремонта
backyard (46).jpeg,backyard,yard,0.403,0.2673,1.0,0.2705,0,0.2317,0.2023,2.3186,0.3368,2,0.079,0,0.0,0.3303,113755.12,113 755 RUB,Косметический
backyard (460).jpg,backyard,hunting_lodge/outdoor,0.4903,0.2763,1.0,0.2366,1,0.2397,0.2029,2.3186,0.4365,0,0.1392,0,0.0,0.3728,110737.79,110 738 RUB,Косметический
backyard (461).jpg,backyard,yard,0.4186,0.2654,1.0,0.1895,0,0.0334,0.1704,2.3186,0.366,0,0.1104,0,0.0,0.3329,104588.81,104 589 RUB,Косметический
backyard (462).jpg,backyard,yard,0.6274,0.2758,0.5745,0.0855,0,0.0377,0.165,2.3186,0.5603,0,0.0349,0,0.0,0.5653,79437.12,79 437 RUB,Без ремонта
backyard (463).jpg,backyard,yard,0.6481,0.2474,0.6442,0.1175,0,0.0422,0.1863,2.3186,0.6184,0,0.0152,0,0.0,0.5467,77433.29,77 433 RUB,Без ремонта
backyard (464).jpg,backyard,yard,0.4977,0.2989,1.0,0.2384,0,0.1068,0.2193,2.3186,0.3995,0,0.0844,0,0.0,0.3621,110616.77,110 617 RUB,Косметический
backyard (465).jpg,backyard,hunting_lodge/outdoor,0.4804,0.2667,1.0,0.1718,3,0.2252,0.2147,2.3186,0.4449,0,0.0554,2,10.6666,0.3803,125404.7,125 405 RUB,Косметический
backyard (466).jpg,backyard,courtyard,0.4763,0.2448,0.6924,0.1048,6,0.0959,0.2023,2.3186,0.4861,0,0.0747,3,15.9999,0.4714,138471.51,138 472 RUB,Косметический
backyard (467).jpg,backyard,yard,0.6045,0.267,1.0,0.1001,0,0.2636,0.186,2.3186,0.5583,0,0.0745,0,0.0,0.4481,86063.15,86 063 RUB,Без ремонта
backyard (468).jpg,backyard,driveway,0.551,0.2092,1.0,0.2587,0,0.0568,0.2146,2.3186,0.6204,0,0.0203,0,0.0,0.3743,84561.29,84 561 RUB,Без ремонта
backyard (469).jpg,backyard,yard,0.4852,0.347,0.419,0.0658,1,0.0766,0.1605,2.3186,0.2849,0,0.0082,1,5.3333,0.5629,99506.71,99 507 RUB,Косметический
backyard (47).jpeg,backyard,hunting_lodge/outdoor,0.5556,0.2989,0.5422,0.1414,0,0.0372,0.1899,2.3043,0.462,2,0.0537,0,0.0,0.535,103244.46,103 244 RUB,Косметический
backyard (47).jpg,backyard,playground,0.517,0.2676,1.0,0.2041,3,0.006,0.2147,2.3186,0.4824,1,0.0721,0,0.0,0.3666,103563.78,103 564 RUB,Косметический
backyard (470).jpg,backyard,shed,0.3694,0.2337,0.8729,0.123,0,0.0684,0.1802,2.3186,0.3674,0,0.0381,0,0.0,0.3681,93964.46,93 964 RUB,Косметический
backyard (471).jpg,backyard,patio,0.5289,0.2114,0.7569,0.1036,7,0.0037,0.1723,2.3186,0.6002,0,0.0169,6,31.9998,0.4641,125979.84,125 980 RUB,Косметический
backyard (472).jpg,backyard,hunting_lodge/outdoor,0.5792,0.2743,1.0,0.1849,1,0.1047,0.2263,2.3186,0.5263,2,0.0447,0,0.0,0.4052,99079.16,99 079 RUB,Косметический
backyard (473).jpg,backyard,yard,0.5578,0.2296,0.6349,0.1108,0,0.0282,0.1903,2.3186,0.5883,0,0.0294,0,0.0,0.5133,79941.57,79 942 RUB,Без ремонта
backyard (474).jpg,backyard,yard,0.5713,0.2154,0.8378,0.2002,0,0.285,0.2153,2.3186,0.6229,0,0.0118,0,0.0,0.4656,80786.89,80 787 RUB,Без ремонта
backyard (475).jpg,backyard,garage/outdoor,0.5091,0.2509,1.0,0.2306,0,0.1629,0.2064,2.3186,0.5071,0,0.0397,0,0.0,0.3738,89267.4,89 267 RUB,Без ремонта
backyard (476).jpg,backyard,yard,0.7235,0.3245,0.4513,0.0383,0,0.1547,0.1435,2.3186,0.5515,1,0.0298,0,0.0,0.6618,82851.43,82 851 RUB,Без ремонта
backyard (477).jpg,backyard,yard,0.5624,0.2523,0.8357,0.1054,4,0.0034,0.2115,2.3186,0.5514,0,0.0211,4,21.3332,0.4535,117595.4,117 595 RUB,Косметический
backyard (478).jpg,backyard,yard,0.5783,0.2172,1.0,0.2333,1,0.1854,0.2158,2.3186,0.6244,1,0.021,1,5.3333,0.4032,111749.44,111 749 RUB,Косметический
backyard (479).jpg,backyard,campus,0.6325,0.2448,0.7228,0.1109,0,0.0001,0.2047,2.3186,0.613,1,0.0218,0,0.0,0.514,83117.23,83 117 RUB,Без ремонта
backyard (48).jpeg,backyard,yard,0.3558,0.1957,1.0,0.3012,2,0.072,0.1784,2.32,0.4499,2,0.125,1,6.0241,0.2895,146882.47,146 882 RUB,Косметический
backyard (48).jpg,backyard,yard,0.6378,0.2814,1.0,0.1876,2,0.0912,0.1764,2.31,0.5589,1,0.0467,2,12.0845,0.4267,126386.45,126 386 RUB,Косметический
backyard (480).jpg,backyard,porch,0.5556,0.2499,1.0,0.1579,2,0.0291,0.2026,2.3186,0.5501,1,0.0446,2,10.6666,0.3936,120533.73,120 534 RUB,Косметический
backyard (481).jpg,backyard,lawn,0.5263,0.2509,1.0,0.1932,0,0.2604,0.2418,2.3186,0.5232,0,0.0633,0,0.0,0.3979,89826.23,89 826 RUB,Без ремонта
backyard (482).jpg,backyard,patio,0.5272,0.2397,1.0,0.1884,6,0.0298,0.2018,2.3186,0.5452,1,0.1127,2,10.6666,0.3762,131041.63,131 042 RUB,Косметический
backyard (483).jpg,backyard,garage/outdoor,0.6726,0.2595,0.7735,0.106,2,0.127,0.1712,2.3186,0.6142,0,0.0222,1,5.3333,0.5285,98714.75,98 715 RUB,Косметический
backyard (484).jpg,backyard,garage/outdoor,0.5862,0.2031,0.7916,0.1054,0,0.0118,0.2278,2.3186,0.6535,1,0.0287,0,0.0,0.4771,86970.5,86 970 RUB,Без ремонта
backyard (485).jpg,backyard,garage/outdoor,0.6527,0.2797,1.0,0.1074,0,0.013,0.1777,2.3186,0.5715,3,0.034,0,0.0,0.4409,110343.54,110 344 RUB,Косметический
backyard (486).jpg,backyard,yard,0.6058,0.2257,0.6956,0.1437,0,0.0207,0.2017,2.3186,0.6274,1,0.0154,0,0.0,0.507,81476.54,81 477 RUB,Без ремонта
backyard (487).jpg,backyard,yard,0.4291,0.2111,1.0,0.2053,0,0.1968,0.2127,2.3186,0.5081,1,0.0784,0,0.0,0.3503,102619.41,102 619 RUB,Косметический
backyard (488).jpg,backyard,patio,0.576,0.2395,1.0,0.2482,4,0.045,0.2205,2.3186,0.5842,0,0.1821,1,5.3333,0.3853,136207.0,136 207 RUB,Косметический
backyard (489).jpg,backyard,yard,0.5635,0.2803,0.9786,0.1192,1,0.0908,0.2067,2.3186,0.5025,0,0.0359,0,0.0,0.417,85973.25,85 973 RUB,Без ремонта
backyard (49).jpeg,backyard,manufactured_home,0.5057,0.1952,1.0,0.1504,16,0.1384,0.1919,2.3186,0.614,0,0.0611,16,85.3329,0.386,145437.35,145 437 RUB,Косметический
backyard (49).jpg,backyard,garage/outdoor,0.5087,0.2716,1.0,0.1398,0,0.1909,0.2038,2.3186,0.4661,4,0.0965,0,0.0,0.3946,125964.78,125 965 RUB,Косметический
backyard (490).jpg,backyard,patio,0.5095,0.2831,1.0,0.2176,6,0.0896,0.2214,2.3186,0.4443,2,0.0351,3,15.9999,0.3692,153309.27,153 309 RUB,Косметический
backyard (491).jpg,backyard,driveway,0.7472,0.3177,0.7326,0.0677,1,0.0149,0.1453,2.3186,0.5748,2,0.0139,1,5.3333,0.567,100284.75,100 285 RUB,Косметический
backyard (492).jpg,backyard,yard,0.5796,0.2982,1.0,0.1431,1,0.2297,0.2086,2.3186,0.4855,0,0.0454,0,0.0,0.4262,86232.41,86 232 RUB,Без ремонта
backyard (493).jpg,backyard,yard,0.6278,0.2165,0.6118,0.0939,0,0.0197,0.2026,2.3186,0.6552,0,0.0237,0,0.0,0.5508,81737.99,81 738 RUB,Без ремонта
backyard (494).jpg,backyard,swimming_pool/outdoor,0.6452,0.2065,1.0,0.1065,8,0.0797,0.2263,2.3186,0.6799,1,0.1095,6,31.9998,0.4448,141618.21,141 618 RUB,Косметический
backyard (495).jpg,backyard,hunting_lodge/outdoor,0.5562,0.1889,1.0,0.1565,0,0.2022,0.1959,2.3186,0.6604,4,0.0315,0,0.0,0.4114,112731.47,112 731 RUB,Косметический
backyard (496).jpg,backyard,patio,0.5162,0.2666,1.0,0.2066,3,0.1616,0.2269,2.3186,0.4837,0,0.063,2,10.6666,0.3813,127654.77,127 655 RUB,Косметический
backyard (497).jpg,backyard,yard,0.5398,0.295,1.0,0.1077,0,0.1046,0.2046,2.3186,0.4536,1,0.023,0,0.0,0.4049,95319.42,95 319 RUB,Косметический
backyard (498).jpg,backyard,athletic_field/outdoor,0.6586,0.3119,0.5746,0.0455,0,0.1969,0.1781,2.3186,0.5265,0,0.0116,0,0.0,0.6017,75099.48,75 099 RUB,Без ремонта
backyard (499).jpg,backyard,yard,0.5185,0.2537,1.0,0.2194,0,0.2387,0.2024,2.3186,0.5108,3,0.0317,0,0.0,0.3874,111997.06,111 997 RUB,Косметический
backyard (5).jpeg,backyard,yard,0.4717,0.1699,1.0,0.2765,0,0.4835,0.1988,2.3186,0.6398,0,0.0513,0,0.0,0.3817,89442.61,89 443 RUB,Без ремонта
backyard (5).jpg,backyard,yard,0.7364,0.2062,0.5087,0.103,0,0.4428,0.1739,2.3,0.72,1,0.0193,0,0.0,0.6656,68995.05,68 995 RUB,Без ремонта
backyard (50).jpeg,backyard,yard,0.4351,0.1972,1.0,0.312,0,0.5147,0.2071,2.3186,0.5467,3,0.0658,0,0.0,0.3655,117963.16,117 963 RUB,Косметический
backyard (50).jpg,backyard,yard,0.6833,0.2407,1.0,0.2019,0,0.1326,0.195,2.3333,0.6477,0,0.0181,0,0.0,0.4462,84962.98,84 963 RUB,Без ремонта
backyard (500).jpg,backyard,yard,0.5043,0.249,1.0,0.226,1,0.4795,0.1893,2.3186,0.5063,1,0.0868,0,0.0,0.4045,102647.02,102 647 RUB,Косметический
backyard (501).jpg,backyard,garage/outdoor,0.4876,0.2549,0.3173,0.0706,2,0.0002,0.1923,2.3186,0.4771,0,0.0273,1,5.3333,0.5857,99775.89,99 776 RUB,Косметический
backyard (502).jpg,backyard,yard,0.7874,0.2917,0.4183,0.0673,2,0.0236,0.1241,2.3186,0.6295,2,0.0079,2,10.6666,0.6784,119437.62,119 438 RUB,Косметический
backyard (503).jpg,backyard,swimming_pool/outdoor,0.6973,0.2532,0.6113,0.0717,2,0.0072,0.2052,2.3186,0.6369,0,0.0209,0,0.0,0.5819,75892.95,75 893 RUB,Без ремонта
backyard (504).jpg,backyard,yard,0.4151,0.2694,1.0,0.2472,1,0.3128,0.2179,2.3186,0.3509,0,0.0287,0,0.0,0.3479,102930.89,102 931 RUB,Косметический
backyard (505).jpg,backyard,yard,0.5087,0.2916,1.0,0.2064,4,0.0236,0.1998,2.3186,0.4267,1,0.0926,2,10.6666,0.3646,133857.33,133 857 RUB,Косметический
backyard (506).jpg,backyard,patio,0.6762,0.2675,0.6725,0.1073,5,0.0077,0.1748,2.3186,0.6044,2,0.0051,4,21.3332,0.5481,129339.12,129 339 RUB,Косметический
backyard (507).jpg,backyard,shed,0.6197,0.1818,0.6205,0.1228,0,0.0505,0.2003,2.3186,0.7067,1,0.0103,0,0.0,0.5422,72742.9,72 743 RUB,Без ремонта
backyard (508).jpg,backyard,barn,0.5608,0.2341,1.0,0.2178,0,0.0106,0.2187,2.3186,0.5826,2,0.0377,0,0.0,0.3818,105946.91,105 947 RUB,Косметический
backyard (509).jpg,backyard,yard,0.5502,0.2345,1.0,0.1888,0,0.1723,0.2052,2.3186,0.5738,2,0.0134,0,0.0,0.3995,95502.8,95 503 RUB,Косметический
backyard (51).jpeg,backyard,garage/outdoor,0.7063,0.222,1.0,0.2535,1,0.052,0.2435,2.33,0.6857,2,0.0671,0,0.0,0.437,102729.35,102 729 RUB,Косметический
backyard (51).jpg,backyard,yard,0.4568,0.2434,1.0,0.1729,0,0.0136,0.1984,2.3069,0.4671,0,0.0277,0,0.0,0.3495,88760.23,88 760 RUB,Без ремонта
backyard (510).jpg,backyard,yard,0.5967,0.2225,0.7219,0.1174,0,0.0069,0.1989,2.3186,0.6271,0,0.0177,0,0.0,0.4993,75591.45,75 591 RUB,Без ремонта
backyard (511).jpg,backyard,manufactured_home,0.5331,0.2626,1.0,0.1488,0,0.2824,0.2029,2.3186,0.5074,1,0.0368,0,0.0,0.4117,91641.89,91 642 RUB,Косметический
backyard (512).jpg,backyard,yard,0.6228,0.2029,0.4705,0.062,1,0.1992,0.2069,2.3186,0.6743,1,0.0387,1,5.3333,0.6155,100652.49,100 652 RUB,Косметический
backyard (513).jpg,backyard,yard,0.581,0.3032,0.6789,0.1261,0,0.0204,0.2121,2.3186,0.4781,0,0.016,0,0.0,0.5056,81642.31,81 642 RUB,Без ремонта
backyard (514).jpg,backyard,golf_course,0.7078,0.1617,0.3778,0.0783,0,0.0004,0.1905,2.3186,0.7715,0,0.0059,0,0.0,0.6542,66406.55,66 407 RUB,Без ремонта
backyard (515).jpg,backyard,yard,0.5945,0.267,0.8839,0.1244,1,0.0297,0.2046,2.3186,0.551,0,0.02,1,5.3333,0.4507,100222.78,100 223 RUB,Косметический
backyard (516).jpg,backyard,yard,0.6245,0.2649,0.6889,0.092,1,0.0292,0.1905,2.3186,0.5758,0,0.0095,0,0.0,0.5277,71397.07,71 397 RUB,Без ремонта
backyard (517).jpg,backyard,yard,0.4873,0.3129,1.0,0.1586,3,0.2412,0.1976,2.3186,0.3579,0,0.0226,2,10.6666,0.3873,121801.85,121 802 RUB,Косметический
backyard (518).jpg,backyard,yard,0.5019,0.2054,0.5984,0.1592,0,0.0409,0.1926,2.3186,0.5907,1,0.0263,0,0.0,0.4935,87873.84,87 874 RUB,Без ремонта
backyard (519).jpg,backyard,shed,0.7649,0.2266,0.4251,0.071,1,0.0197,0.1722,2.3186,0.7037,0,0.0371,0,0.0,0.6662,76789.96,76 790 RUB,Без ремонта
backyard (52).jpeg,backyard,garage/outdoor,0.6072,0.2368,1.0,0.1501,1,0.0259,0.2008,2.33,0.61,0,0.0613,0,0.0,0.4154,87104.94,87 105 RUB,Без ремонта
backyard (52).jpg,backyard,yard,0.466,0.2353,1.0,0.2009,0,0.0492,0.1783,2.31,0.4952,4,0.0168,0,0.0,0.3512,119709.49,119 709 RUB,Косметический
backyard (520).jpg,backyard,swimming_pool/outdoor,0.4702,0.216,0.3503,0.0535,1,0.1186,0.2023,2.3186,0.5407,0,0.0435,0,0.0,0.5841,84615.32,84 615 RUB,Без ремонта
backyard (521).jpg,backyard,lawn,0.6412,0.2417,0.8992,0.1202,1,0.3411,0.1869,2.3186,0.623,1,0.0438,0,0.0,0.4968,84472.9,84 473 RUB,Без ремонта
backyard (522).jpg,backyard,yard,0.4096,0.3439,1.0,0.1906,1,0.0959,0.1825,2.3186,0.1604,2,0.16,0,0.0,0.3353,138308.96,138 309 RUB,Косметический
backyard (523).jpg,backyard,hunting_lodge/outdoor,0.6119,0.2539,0.5461,0.0707,2,0.0232,0.205,2.3186,0.5851,0,0.0364,1,5.3333,0.5691,96132.46,96 132 RUB,Косметический
backyard (524).jpg,backyard,yard,0.6054,0.1992,0.364,0.0848,0,0.0378,0.2024,2.3186,0.6709,1,0.0143,0,0.0,0.6198,76568.62,76 569 RUB,Без ремонта
backyard (525).jpg,backyard,watering_hole,0.671,0.2394,0.5855,0.0944,0,0.026,0.1822,2.3186,0.6431,0,0.019,0,0.0,0.5765,76030.78,76 031 RUB,Без ремонта
backyard (526).jpg,backyard,yard,0.5906,0.2698,0.9403,0.1474,0,0.0818,0.2062,2.3186,0.5431,0,0.0262,0,0.0,0.4328,84900.31,84 900 RUB,Без ремонта
backyard (527).jpg,backyard,fishpond,0.5334,0.2999,1.0,0.2072,1,0.163,0.2116,2.3186,0.4378,3,0.0736,1,5.3333,0.3882,127919.41,127 919 RUB,Косметический
backyard (528).jpg,backyard,yard,0.5624,0.2403,0.5728,0.0839,1,0.0392,0.1771,2.3186,0.5727,0,0.0263,1,5.3333,0.5402,100256.81,100 257 RUB,Косметический
backyard (529).jpg,backyard,yard,0.4432,0.2624,1.0,0.265,3,0.3865,0.2168,2.3186,0.4078,0,0.0831,1,5.3333,0.3629,123217.09,123 217 RUB,Косметический
backyard (53).jpeg,backyard,patio,0.4588,0.164,1.0,0.2176,0,0.1093,0.2099,2.33,0.6425,0,0.0541,0,0.0,0.3509,89587.12,89 587 RUB,Без ремонта
backyard (53).jpg,backyard,yard,0.5909,0.2323,1.0,0.2441,0,0.0138,0.2056,2.33,0.6069,0,0.0352,0,0.0,0.3889,90327.91,90 328 RUB,Косметический
backyard (530).jpg,backyard,yard,0.3922,0.2291,1.0,0.1287,1,0.0019,0.1925,2.3186,0.4158,0,0.1016,1,5.3333,0.3313,115905.76,115 906 RUB,Косметический
backyard (531).jpg,backyard,farm,0.6073,0.2492,0.6248,0.094,0,0.0249,0.1532,2.3186,0.5896,0,0.0168,0,0.0,0.5392,73058.93,73 059 RUB,Без ремонта
backyard (532).jpg,backyard,cemetery,0.4355,0.2235,1.0,0.1273,0,0.0159,0.2125,2.3186,0.4867,0,0.032,0,0.0,0.3503,87367.07,87 367 RUB,Без ремонта
backyard (533).jpg,backyard,yard,0.5246,0.2667,0.3274,0.0787,0,0.0613,0.1755,2.3186,0.4916,0,0.0074,0,0.0,0.602,80663.66,80 664 RUB,Без ремонта
backyard (534).jpg,backyard,yard,0.5791,0.2512,1.0,0.1453,0,0.0144,0.2024,2.3186,0.5662,0,0.0533,0,0.0,0.404,87121.67,87 122 RUB,Без ремонта
backyard (535).jpg,backyard,manufactured_home,0.5988,0.1912,0.934,0.1486,3,0.0677,0.1855,2.3186,0.6806,0,0.0268,3,15.9999,0.4364,115300.71,115 301 RUB,Косметический
backyard (536).jpg,backyard,field/cultivated,0.5698,0.1834,0.5843,0.1119,0,0.0129,0.1945,2.3186,0.6781,0,0.0082,0,0.0,0.5316,66942.02,66 942 RUB,Без ремонта
backyard (537).jpg,backyard,patio,0.6087,0.2937,1.0,0.1334,1,0.0005,0.2101,2.3186,0.5174,1,0.0236,0,0.0,0.4168,88554.85,88 555 RUB,Без ремонта
backyard (538).jpg,backyard,garage/outdoor,0.5684,0.2192,0.8035,0.1289,0,0.0022,0.1684,2.3186,0.6144,0,0.0049,0,0.0,0.4607,78895.08,78 895 RUB,Без ремонта
backyard (539).jpg,backyard,yard,0.5883,0.2463,0.787,0.1411,1,0.0151,0.1909,2.3186,0.5814,0,0.0121,0,0.0,0.4725,72716.16,72 716 RUB,Без ремонта
backyard (54).jpeg,backyard,manufactured_home,0.3804,0.1305,1.0,0.1745,0,0.1823,0.1962,2.32,0.6569,1,0.0449,0,0.0,0.3355,94608.38,94 608 RUB,Косметический
backyard (54).jpg,backyard,yard,0.5283,0.2547,1.0,0.2174,0,0.3688,0.2157,2.3274,0.5178,0,0.0921,0,0.0,0.4047,108514.13,108 514 RUB,Косметический
backyard (540).jpg,backyard,yard,0.602,0.2277,0.4832,0.1076,0,0.0064,0.1931,2.3186,0.6218,0,0.0352,0,0.0,0.575,76039.16,76 039 RUB,Без ремонта
backyard (541).jpg,backyard,manufactured_home,0.5628,0.2975,0.4188,0.0939,0,0.07,0.1926,2.3186,0.4714,0,0.0221,0,0.0,0.5877,83459.3,83 459 RUB,Без ремонта
backyard (542).jpg,backyard,yard,0.5078,0.247,1.0,0.2109,0,0.1454,0.2175,2.3186,0.5136,0,0.0449,0,0.0,0.3755,91825.05,91 825 RUB,Косметический
backyard (543).jpg,backyard,swimming_pool/outdoor,0.5594,0.2023,0.3771,0.0955,0,0.0078,0.2041,2.3186,0.6384,0,0.0179,0,0.0,0.5923,75796.88,75 797 RUB,Без ремонта
backyard (544).jpg,backyard,pavilion,0.4645,0.2857,1.0,0.1692,2,0.0591,0.2191,2.3186,0.385,0,0.0762,0,0.0,0.3579,106369.51,106 370 RUB,Косметический
backyard (545).jpg,backyard,yard,0.4051,0.357,1.0,0.1107,0,0.0068,0.1674,2.3186,0.1187,2,0.0326,0,0.0,0.3406,117934.4,117 934 RUB,Косметический
backyard (546).jpg,backyard,yard,0.6428,0.2599,0.691,0.1156,0,0.0039,0.1595,2.3186,0.5956,0,0.0132,0,0.0,0.5271,75370.72,75 371 RUB,Без ремонта
backyard (547).jpg,backyard,yard,0.4834,0.2564,1.0,0.1909,1,0.0975,0.193,2.3186,0.4695,0,0.0445,0,0.0,0.3649,90807.83,90 808 RUB,Косметический
backyard (548).jpg,backyard,patio,0.4609,0.3018,1.0,0.1581,2,0.0271,0.2055,2.3186,0.3451,0,0.0478,0,0.0,0.3555,99966.74,99 967 RUB,Косметический
backyard (549).jpg,backyard,pasture,0.5051,0.1647,0.3766,0.0861,0,0.0526,0.1885,2.3186,0.6739,0,0.0207,0,0.0,0.5771,71632.02,71 632 RUB,Без ремонта
backyard (55).jpeg,backyard,manufactured_home,0.3266,0.2036,1.0,0.1849,1,0.0076,0.1942,2.3069,0.3767,1,0.0963,0,0.0,0.2944,108293.2,108 293 RUB,Косметический
backyard (55).jpg,backyard,yard,0.4564,0.3053,0.369,0.0534,0,0.0013,0.1939,2.3274,0.331,0,0.0185,0,0.0,0.5613,79492.27,79 492 RUB,Без ремонта
backyard (550).jpg,backyard,yard,0.4543,0.1532,1.0,0.2354,0,0.2954,0.2137,2.3186,0.6629,1,0.0542,0,0.0,0.3642,95489.74,95 490 RUB,Косметический
backyard (552).jpg,backyard,yard,0.5271,0.204,1.0,0.2034,1,0.031,0.2167,2.3186,0.6129,3,0.017,1,5.3333,0.3732,120970.69,120 971 RUB,Косметический
backyard (553).jpg,backyard,playground,0.6266,0.2791,0.9342,0.1597,0,0.0112,0.1698,2.3186,0.5547,0,0.0434,0,0.0,0.4396,83812.75,83 813 RUB,Без ремонта
backyard (554).jpg,backyard,doorway/outdoor,0.5808,0.2016,0.8749,0.1764,1,0.1126,0.2217,2.3186,0.653,0,0.0512,1,5.3333,0.4458,101221.19,101 221 RUB,Косметический
backyard (555).jpg,backyard,yard,0.582,0.3024,0.9931,0.1561,1,0.0053,0.1847,2.3186,0.4803,0,0.022,1,5.3333,0.4042,104128.24,104 128 RUB,Косметический
backyard (556).jpg,backyard,yard,0.5896,0.2576,0.5114,0.0893,0,0.0243,0.1721,2.3186,0.5631,0,0.0101,0,0.0,0.567,76598.65,76 599 RUB,Без ремонта
backyard (557).jpg,backyard,yard,0.4911,0.2622,1.0,0.2563,4,0.0029,0.231,2.3186,0.4662,3,0.1558,4,21.3332,0.3455,178171.44,178 171 RUB,Капитальный
backyard (558).jpg,backyard,yard,0.5392,0.2568,0.3447,0.0859,0,0.0,0.1605,2.3186,0.5237,0,0.017,0,0.0,0.5951,83071.82,83 072 RUB,Без ремонта
backyard (559).jpg,backyard,beach_house,0.5068,0.2118,0.8259,0.1625,0,0.0482,0.2206,2.3186,0.5821,0,0.0076,0,0.0,0.4273,72479.74,72 480 RUB,Без ремонта
backyard (56).jpeg,backyard,orchard,0.4803,0.2308,1.0,0.2089,0,0.3367,0.2282,2.32,0.5194,2,0.1392,0,0.0,0.384,122987.7,122 988 RUB,Косметический
backyard (56).jpg,backyard,yard,0.5987,0.2687,1.0,0.1695,3,0.2328,0.1884,2.32,0.5511,0,0.0381,1,6.0241,0.4289,107310.33,107 310 RUB,Косметический
backyard (560).jpg,backyard,manufactured_home,0.6052,0.2158,0.8979,0.1682,1,0.0299,0.2148,2.3186,0.6435,1,0.0326,0,0.0,0.4421,91888.8,91 889 RUB,Косметический
backyard (561).jpg,backyard,manufactured_home,0.5218,0.2302,0.6885,0.1302,0,0.0017,0.1904,2.3186,0.5589,1,0.056,0,0.0,0.4763,87461.77,87 462 RUB,Без ремонта
backyard (562).jpg,backyard,porch,0.4343,0.1793,0.6703,0.1393,1,0.0116,0.1847,2.3186,0.5873,2,0.0504,1,5.3333,0.4459,112505.49,112 505 RUB,Косметический
backyard (563).jpg,backyard,beach_house,0.5548,0.2154,0.5033,0.0823,0,0.0003,0.1704,2.3186,0.6117,1,0.0231,0,0.0,0.5545,84701.05,84 701 RUB,Без ремонта
backyard (564).jpg,backyard,garage/outdoor,0.4248,0.2243,0.8602,0.1184,2,0.0,0.1884,2.3186,0.472,0,0.0726,1,5.3333,0.3882,117793.45,117 793 RUB,Косметический
backyard (565).jpg,backyard,yard,0.5014,0.2866,0.8916,0.1541,0,0.0011,0.1929,2.3186,0.4284,3,0.0098,0,0.0,0.4024,105125.6,105 126 RUB,Косметический
backyard (566).jpg,backyard,driveway,0.6575,0.2148,1.0,0.1288,1,0.0027,0.2243,2.3186,0.6733,0,0.0239,0,0.0,0.4375,77286.42,77 286 RUB,Без ремонта
backyard (567).jpg,backyard,farm,0.3364,0.2402,1.0,0.2016,0,0.0001,0.1904,2.3186,0.286,2,0.0929,0,0.0,0.2943,126263.15,126 263 RUB,Косметический
backyard (568).jpg,backyard,yard,0.5198,0.2455,1.0,0.2151,0,0.0669,0.2177,2.3186,0.5276,1,0.0275,0,0.0,0.3716,97727.84,97 728 RUB,Косметический
backyard (569).jpg,backyard,swimming_pool/outdoor,0.5742,0.1961,0.545,0.1082,3,0.0193,0.197,2.3186,0.6584,0,0.01,0,0.0,0.5465,77352.18,77 352 RUB,Без ремонта
backyard (57).jpeg,backyard,yard,0.4924,0.2667,1.0,0.1764,0,0.0231,0.1772,2.3059,0.4583,0,0.0319,0,0.0,0.364,94221.65,94 222 RUB,Косметический
backyard (57).jpg,backyard,yard,0.3682,0.26,1.0,0.1994,8,0.0266,0.1898,2.33,0.2938,2,0.082,4,24.0239,0.31,160504.88,160 505 RUB,Косметический
backyard (570).jpg,backyard,yard,0.6256,0.2173,1.0,0.1982,0,0.0001,0.2041,2.3186,0.6526,1,0.0074,0,0.0,0.4106,90506.67,90 507 RUB,Косметический
backyard (571).jpg,backyard,patio,0.5044,0.2621,1.0,0.2144,1,0.0014,0.2088,2.3186,0.4803,3,0.0774,0,0.0,0.359,118132.87,118 133 RUB,Косметический
backyard (58).jpeg,backyard,yard,0.6328,0.252,1.0,0.1599,0,0.348,0.1819,2.33,0.6017,0,0.025,0,0.0,0.4559,81602.94,81 603 RUB,Без ремонта
backyard (58).jpg,backyard,yard,0.464,0.3655,1.0,0.1849,2,0.0152,0.1515,2.3186,0.2123,0,0.0616,1,5.3333,0.3501,123483.24,123 483 RUB,Косметический
backyard (59).jpeg,backyard,campus,0.5054,0.2586,1.0,0.2878,3,0.1747,0.2105,2.31,0.4883,1,0.1084,3,18.1268,0.3621,159050.73,159 051 RUB,Косметический
backyard (6).jpeg,backyard,porch,0.2697,0.2426,0.7568,0.1022,1,0.0548,0.1544,2.3333,0.1003,1,0.0577,0,0.0,0.3659,119322.21,119 322 RUB,Косметический
backyard (6).jpg,backyard,garage/outdoor,0.6314,0.1901,1.0,0.2008,2,0.1958,0.2333,2.3,0.6989,1,0.0217,2,12.1211,0.432,117355.43,117 355 RUB,Косметический
backyard (60).jpeg,backyard,yard,0.4277,0.2748,1.0,0.2352,2,0.1779,0.2115,2.3186,0.3575,3,0.0718,2,10.6666,0.3418,153545.95,153 546 RUB,Косметический
backyard (60).jpg,backyard,lawn,0.4046,0.2086,1.0,0.2644,1,0.0415,0.2111,2.31,0.4843,1,0.1825,0,0.0,0.3131,136921.72,136 922 RUB,Косметический
backyard (61).jpeg,backyard,patio,0.4665,0.2491,1.0,0.1499,5,0.0114,0.196,2.3333,0.4661,0,0.064,4,28.5712,0.3578,137858.5,137 858 RUB,Косметический
backyard (61).jpg,backyard,yard,0.5485,0.1611,1.0,0.2932,0,0.4899,0.2022,2.3186,0.7062,1,0.0362,0,0.0,0.4097,90273.96,90 274 RUB,Косметический
backyard (62).jpeg,backyard,yard,0.4982,0.213,1.0,0.1813,0,0.1772,0.2045,2.3059,0.5725,1,0.0524,0,0.0,0.3807,94260.38,94 260 RUB,Косметический
backyard (62).jpg,backyard,yard,0.4408,0.1757,1.0,0.3358,0,0.1674,0.1999,2.3097,0.6015,1,0.1209,0,0.0,0.3331,115260.57,115 261 RUB,Косметический
backyard (63).jpeg,backyard,yard,0.3755,0.2368,1.0,0.261,1,0.2808,0.2077,2.3186,0.3693,3,0.1076,1,5.3333,0.3261,145957.38,145 957 RUB,Косметический
backyard (63).jpg,backyard,yard,0.5672,0.232,0.6593,0.1286,0,0.004,0.1646,2.3186,0.591,0,0.0159,0,0.0,0.5038,79819.76,79 820 RUB,Без ремонта
backyard (64).jpeg,backyard,yard,0.5311,0.1706,1.0,0.2161,1,0.018,0.2053,2.33,0.6788,3,0.0695,0,0.0,0.371,111245.66,111 246 RUB,Косметический
backyard (64).jpg,backyard,roof_garden,0.479,0.2145,1.0,0.3187,0,0.6267,0.2215,2.3186,0.5522,1,0.1163,0,0.0,0.3943,114736.29,114 736 RUB,Косметический
backyard (65).jpeg,backyard,patio,0.5252,0.2956,1.0,0.2013,4,0.0614,0.2025,2.32,0.4371,3,0.0856,0,0.0,0.3759,127570.12,127 570 RUB,Косметический
backyard (65).jpg,backyard,farm,0.5405,0.2313,1.0,0.1671,0,0.0,0.1899,2.3186,0.572,0,0.016,0,0.0,0.3828,77973.08,77 973 RUB,Без ремонта
backyard (66).jpeg,backyard,manufactured_home,0.6204,0.2803,1.0,0.1698,8,0.0134,0.1708,2.3182,0.5482,0,0.0504,8,43.8354,0.4155,142889.13,142 889 RUB,Косметический
backyard (66).jpg,backyard,swimming_pool/outdoor,0.5743,0.1258,0.5115,0.084,1,0.0028,0.209,2.3,0.781,3,0.0337,0,0.0,0.5598,89479.13,89 479 RUB,Без ремонта
backyard (67).jpeg,backyard,manufactured_home,0.4621,0.1691,1.0,0.1969,3,0.0291,0.2034,2.3186,0.634,2,0.059,1,5.3333,0.3484,121332.54,121 333 RUB,Косметический
backyard (67).jpg,backyard,yard,0.3333,0.212,1.0,0.2319,0,0.3075,0.1973,2.3186,0.3641,1,0.065,0,0.0,0.3177,108988.14,108 988 RUB,Косметический
backyard (68).jpeg,backyard,yard,0.4734,0.2046,1.0,0.2813,2,0.1238,0.1931,2.3186,0.5678,1,0.0656,0,0.0,0.3455,106550.79,106 551 RUB,Косметический
backyard (68).jpg,backyard,yard,0.4039,0.3017,1.0,0.1136,0,0.0182,0.167,2.3059,0.2531,0,0.053,0,0.0,0.3407,106804.02,106 804 RUB,Косметический
backyard (69).jpeg,backyard,yard,0.5713,0.3228,1.0,0.2828,0,0.2812,0.2208,2.3069,0.435,2,0.1784,0,0.0,0.4001,150810.07,150 810 RUB,Косметический
backyard (69).jpg,backyard,field/cultivated,0.5501,0.2056,0.2589,0.051,0,0.0,0.1566,2.3303,0.6262,0,0.0059,0,0.0,0.6322,77521.14,77 521 RUB,Без ремонта
backyard (7).jpeg,backyard,manufactured_home,0.4703,0.2132,0.9762,0.1327,0,0.0681,0.1871,2.3186,0.5466,0,0.0245,0,0.0,0.3755,80287.38,80 287 RUB,Без ремонта
backyard (7).jpg,backyard,yard,0.4557,0.2812,1.0,0.1659,0,0.3065,0.1896,2.32,0.3829,1,0.0542,0,0.0,0.3798,101183.03,101 183 RUB,Косметический
backyard (70).jpeg,backyard,yard,0.3766,0.2766,1.0,0.302,1,0.0991,0.2025,2.3063,0.2655,3,0.2125,1,5.4496,0.3006,168923.48,168 923 RUB,Косметический
backyard (70).jpg,backyard,field/cultivated,0.5384,0.2757,1.0,0.1825,0,0.2559,0.1847,2.3186,0.4879,0,0.0315,0,0.0,0.4044,83142.46,83 142 RUB,Без ремонта
backyard (71).jpeg,backyard,yard,0.4141,0.2546,1.0,0.2694,0,0.3501,0.2107,2.3059,0.3851,2,0.0739,0,0.0,0.3468,113832.01,113 832 RUB,Косметический
backyard (71).jpg,backyard,yard,0.4543,0.235,1.0,0.2156,0,0.279,0.2021,2.3186,0.4827,1,0.0703,0,0.0,0.3665,102191.94,102 192 RUB,Косметический
backyard (72).jpeg,backyard,garage/outdoor,0.4624,0.2266,1.0,0.1687,1,0.1789,0.2137,2.32,0.5099,1,0.0708,0,0.0,0.3691,101617.22,101 617 RUB,Косметический
backyard (72).jpg,backyard,yard,0.48,0.3305,0.6501,0.0626,2,0.1838,0.1733,2.3186,0.3115,0,0.0173,0,0.0,0.5028,91388.74,91 389 RUB,Косметический
backyard (73).jpeg,backyard,yard,0.4107,0.3226,1.0,0.0825,0,0.1855,0.1468,2.3333,0.2144,1,0.0504,0,0.0,0.3663,110007.09,110 007 RUB,Косметический
backyard (73).jpg,backyard,yard,0.5268,0.2665,1.0,0.1525,0,0.0671,0.1804,2.3186,0.494,0,0.0213,0,0.0,0.3869,88861.48,88 861 RUB,Без ремонта
backyard (74).jpeg,backyard,yard,0.5904,0.2137,1.0,0.16,0,0.0026,0.1621,2.3196,0.6381,1,0.0458,0,0.0,0.4044,90480.94,90 481 RUB,Косметический
backyard (74).jpg,backyard,yard,0.5306,0.1778,1.0,0.1492,0,0.0006,0.2051,2.33,0.665,1,0.0305,0,0.0,0.3825,88111.49,88 111 RUB,Без ремонта
backyard (75).jpeg,backyard,manufactured_home,0.4954,0.213,1.0,0.1854,0,0.125,0.2381,2.3069,0.5702,3,0.0554,0,0.0,0.3736,107707.58,107 708 RUB,Косметический
backyard (75).jpg,backyard,farm,0.4893,0.2312,1.0,0.1368,1,0.03,0.2134,2.3211,0.5274,1,0.0427,0,0.0,0.3714,90212.01,90 212 RUB,Косметический
backyard (76).jpeg,backyard,shed,0.4852,0.2875,1.0,0.2211,3,0.0707,0.2142,2.33,0.4076,0,0.0742,3,18.0179,0.357,141128.69,141 129 RUB,Косметический
backyard (76).jpg,backyard,playground,0.5734,0.1532,0.7465,0.1299,1,0.0376,0.1849,2.3186,0.7328,4,0.0194,0,0.0,0.4832,96815.51,96 816 RUB,Косметический
backyard (77).jpeg,backyard,yard,0.3502,0.2887,1.0,0.1507,0,0.3275,0.1548,2.3186,0.1757,0,0.0322,0,0.0,0.3427,107355.27,107 355 RUB,Косметический
backyard (77).jpg,backyard,garage/outdoor,0.606,0.2096,1.0,0.1522,0,0.0001,0.1997,2.32,0.6542,2,0.039,0,0.0,0.412,97041.22,97 041 RUB,Косметический
backyard (78).jpeg,backyard,porch,0.4669,0.298,1.0,0.2067,0,0.1933,0.2111,2.3186,0.3617,3,0.0799,0,0.0,0.3647,120034.32,120 034 RUB,Косметический
backyard (78).jpg,backyard,manufactured_home,0.504,0.2091,1.0,0.1839,0,0.0013,0.2088,2.3069,0.5852,2,0.0698,0,0.0,0.3649,99102.47,99 102 RUB,Косметический
backyard (79).jpeg,backyard,manufactured_home,0.6086,0.3071,1.0,0.1844,5,0.0107,0.1539,2.33,0.4954,0,0.0517,5,30.0298,0.4076,137610.65,137 611 RUB,Косметический
backyard (79).jpg,backyard,manufactured_home,0.5231,0.1923,1.0,0.3049,0,0.0603,0.2328,2.33,0.6323,1,0.1805,0,0.0,0.3553,127549.24,127 549 RUB,Косметический
backyard (8).jpeg,backyard,yard,0.4475,0.2744,1.0,0.2013,0,0.0157,0.1888,2.3186,0.3869,1,0.0354,0,0.0,0.3403,98679.61,98 680 RUB,Косметический
backyard (8).jpg,backyard,yard,0.5268,0.2424,0.6433,0.1248,0,0.011,0.1868,2.3186,0.5398,1,0.0497,0,0.0,0.4939,89816.76,89 817 RUB,Без ремонта
backyard (80).jpeg,backyard,yard,0.4935,0.2373,1.0,0.304,3,0.1086,0.2084,2.31,0.5192,1,0.0882,2,12.0845,0.3483,145730.14,145 730 RUB,Косметический
backyard (80).jpg,backyard,swimming_pool/outdoor,0.4514,0.176,1.0,0.0737,3,0.0001,0.1814,2.3333,0.6101,0,0.0632,2,10.6666,0.3659,121583.36,121 583 RUB,Косметический
backyard (81).jpeg,backyard,patio,0.5946,0.2315,1.0,0.1974,18,0.0944,0.2267,2.31,0.6107,2,0.0432,14,84.5916,0.4078,165825.63,165 826 RUB,Косметический
backyard (81).jpg,backyard,yard,0.6404,0.2556,1.0,0.1672,1,0.0026,0.1784,2.3186,0.6008,1,0.0236,1,5.3333,0.423,106357.94,106 358 RUB,Косметический
backyard (82).jpeg,backyard,lawn,0.3969,0.1997,1.0,0.3015,1,0.4935,0.1962,2.32,0.4968,1,0.0528,0,0.0,0.3481,112913.84,112 914 RUB,Косметический
backyard (82).jpg,backyard,kennel/outdoor,0.4922,0.2462,1.0,0.2123,0,0.0044,0.2142,2.3186,0.4998,1,0.0395,0,0.0,0.3549,95086.05,95 086 RUB,Косметический
backyard (83).jpeg,backyard,garage/outdoor,0.6747,0.2012,1.0,0.1514,0,0.0752,0.1848,2.32,0.7018,2,0.0259,0,0.0,0.4471,90037.88,90 038 RUB,Косметический
backyard (83).jpg,backyard,yard,0.5472,0.3138,1.0,0.2168,7,0.3458,0.1837,2.3186,0.4265,1,0.0765,7,37.3331,0.4101,147439.37,147 439 RUB,Косметический
backyard (84).jpeg,backyard,yard,0.4881,0.1576,0.9018,0.1342,0,0.0067,0.196,2.3186,0.6771,1,0.044,0,0.0,0.3985,86602.6,86 603 RUB,Без ремонта
backyard (84).jpg,backyard,yard,0.4541,0.272,1.0,0.1687,2,0.023,0.2062,2.3186,0.4011,2,0.0837,1,5.3333,0.3502,128408.96,128 409 RUB,Косметический
backyard (85).jpeg,backyard,manufactured_home,0.4942,0.2175,1.0,0.1219,0,0.2199,0.2111,2.33,0.5599,1,0.0661,0,0.0,0.3953,96923.89,96 924 RUB,Косметический
backyard (86).jpeg,backyard,lawn,0.468,0.2856,1.0,0.2477,1,0.3505,0.2063,2.33,0.3898,0,0.1249,0,0.0,0.3727,118599.16,118 599 RUB,Косметический
backyard (86).jpg,backyard,pavilion,0.3671,0.1399,1.0,0.3017,2,0.058,0.2022,2.3186,0.6188,0,0.0881,0,0.0,0.2926,101962.16,101 962 RUB,Косметический
backyard (87).jpeg,backyard,yard,0.6618,0.246,1.0,0.2175,0,0.0301,0.1768,2.33,0.6283,0,0.0337,0,0.0,0.4242,92305.43,92 305 RUB,Косметический
backyard (87).jpg,backyard,forest_road,0.4653,0.3174,1.0,0.1825,0,0.0401,0.1968,2.3303,0.318,2,0.0728,0,0.0,0.3536,109200.43,109 200 RUB,Косметический
backyard (88).jpeg,backyard,yard,0.4744,0.2428,1.0,0.2177,0,0.1346,0.1935,2.3186,0.4881,0,0.0619,0,0.0,0.3597,95552.59,95 553 RUB,Косметический
backyard (88).jpg,backyard,manufactured_home,0.5516,0.1642,1.0,0.2283,0,0.0004,0.169,2.33,0.7023,0,0.0311,0,0.0,0.375,81356.49,81 356 RUB,Без ремонта
backyard (89).jpeg,backyard,yard,0.3759,0.2095,1.0,0.3019,0,0.4299,0.1955,2.3069,0.4427,2,0.1019,0,0.0,0.3334,121845.49,121 845 RUB,Косметический
backyard (89).jpg,backyard,patio,0.5914,0.2321,1.0,0.1957,1,0.1613,0.2052,2.33,0.6075,6,0.0627,0,0.0,0.4135,123620.14,123 620 RUB,Косметический
backyard (9).jpeg,backyard,yard,0.5321,0.3151,0.9623,0.0836,5,0.252,0.1585,2.3186,0.4079,0,0.0133,4,21.3332,0.4326,120823.79,120 824 RUB,Косметический
backyard (9).jpg,backyard,manufactured_home,0.5501,0.2552,0.2647,0.0373,0,0.001,0.1832,2.3186,0.536,2,0.0106,0,0.0,0.6333,91277.79,91 278 RUB,Косметический
backyard (90).jpeg,backyard,yard,0.4666,0.296,1.0,0.2039,0,0.0062,0.1875,2.3097,0.3657,1,0.0762,0,0.0,0.3465,103330.13,103 330 RUB,Косметический
backyard (90).jpg,backyard,manufactured_home,0.4948,0.3198,1.0,0.0765,0,0.002,0.175,2.3186,0.3538,0,0.0563,0,0.0,0.3828,98372.95,98 373 RUB,Косметический
backyard (91).jpeg,backyard,yard,0.4345,0.2552,1.0,0.2,0,0.3774,0.1789,2.3186,0.4126,1,0.0343,0,0.0,0.3715,100869.65,100 870 RUB,Косметический
backyard (91).jpg,backyard,kennel/outdoor,0.6668,0.1885,1.0,0.2034,0,0.0565,0.1719,2.32,0.7173,3,0.013,0,0.0,0.4317,99035.56,99 036 RUB,Косметический
backyard (92).jpeg,backyard,field/cultivated,0.5249,0.2841,1.0,0.1193,0,0.4339,0.1459,2.3186,0.4588,0,0.0259,0,0.0,0.4295,84716.08,84 716 RUB,Без ремонта
backyard (92).jpg,backyard,porch,0.3918,0.1597,1.0,0.304,0,0.3857,0.2222,2.33,0.5924,0,0.1708,0,0.0,0.3353,110971.07,110 971 RUB,Косметический
backyard (93).jpeg,backyard,yard,0.5798,0.2442,1.0,0.2172,5,0.3431,0.2367,2.33,0.5789,4,0.0742,1,6.006,0.4228,147295.69,147 296 RUB,Косметический
backyard (93).jpg,backyard,yard,0.4271,0.312,1.0,0.1975,2,0.3101,0.1722,2.3059,0.2695,0,0.0557,2,14.2348,0.3623,137792.36,137 792 RUB,Косметический
backyard (94).jpeg,backyard,yard,0.4202,0.1794,1.0,0.2696,0,0.0785,0.1906,2.33,0.573,0,0.1288,0,0.0,0.322,103509.35,103 509 RUB,Косметический
backyard (95).jpeg,backyard,yard,0.5388,0.1138,1.0,0.1501,0,0.0495,0.1972,2.33,0.7888,0,0.0498,0,0.0,0.3904,83667.55,83 668 RUB,Без ремонта
backyard (95).jpg,backyard,kennel/outdoor,0.4318,0.2325,1.0,0.2755,1,0.3017,0.2159,2.3186,0.4615,1,0.1215,0,0.0,0.3478,126639.97,126 640 RUB,Косметический
backyard (96).jpeg,backyard,patio,0.4138,0.2308,1.0,0.1787,3,0.0233,0.1909,2.3186,0.4423,1,0.0302,3,15.9999,0.3321,130771.73,130 772 RUB,Косметический
backyard (97).jpeg,backyard,yard,0.4554,0.3293,0.7796,0.0821,0,0.099,0.1684,2.3186,0.2769,1,0.0186,0,0.0,0.4417,100732.18,100 732 RUB,Косметический
backyard (97).jpg,backyard,swimming_pool/outdoor,0.4346,0.1846,1.0,0.1767,13,0.0669,0.2268,2.33,0.5753,0,0.0588,8,48.0478,0.3452,143279.08,143 279 RUB,Косметический
backyard (98).jpeg,backyard,bow_window/indoor,0.5681,0.1989,0.5942,0.1053,1,0.0256,0.1947,2.3186,0.6499,0,0.0163,1,5.3333,0.5305,92368.6,92 369 RUB,Косметический
backyard (98).jpg,backyard,library/outdoor,0.4204,0.1895,1.0,0.2572,1,0.0785,0.2045,2.3186,0.5492,0,0.1155,1,5.3333,0.3246,120361.19,120 361 RUB,Косметический
backyard (99).jpeg,backyard,yard,0.5764,0.2496,1.0,0.2694,0,0.0408,0.1658,2.3186,0.5669,1,0.0664,0,0.0,0.3807,103620.56,103 621 RUB,Косметический
backyard (99).jpg,backyard,yard,0.569,0.1866,1.0,0.1144,2,0.0673,0.1893,2.32,0.6721,1,0.0179,1,6.0241,0.4114,104668.55,104 669 RUB,Косметический
backyard__1.jpeg,backyard,yard,0.4229,0.2449,1.0,0.1651,7,0.0018,0.1887,2.3186,0.4209,0,0.0448,6,31.9998,0.3363,143899.0,143 899 RUB,Косметический
backyard__2.jpg,backyard,porch,0.3879,0.2285,1.0,0.1585,8,0.0374,0.2038,2.33,0.4108,1,0.1034,8,48.0478,0.3272,159313.84,159 314 RUB,Косметический
bathroom (1).jpeg,bathroom,bathroom,0.5973,0.2238,0.5482,0.0496,5,0.0001,0.1788,2.3186,0.6253,0,0.015,0,0.0,0.5646,112677.23,112 677 RUB,Косметический
bathroom (1).jpg,bathroom,bathroom,0.4446,0.1515,0.1637,0.032,2,0.0,0.1627,2.3186,0.6591,1,0.0088,1,5.3333,0.6223,126598.59,126 599 RUB,Косметический
bathroom (10).jpeg,bathroom,bathroom,0.6018,0.1212,0.5387,0.0667,5,0.0,0.171,2.32,0.7987,2,0.0051,0,0.0,0.5658,121129.63,121 130 RUB,Косметический
bathroom (10).jpg,bathroom,bathroom,0.458,0.1512,0.286,0.0551,6,0.0,0.1784,2.3186,0.6699,0,0.0399,2,10.6666,0.5864,168257.58,168 258 RUB,Косметический
bathroom (100).jpeg,bathroom,bathroom,0.5015,0.1407,0.16,0.0188,1,0.0,0.1528,2.33,0.7195,0,0.0154,0,0.0,0.6488,100786.46,100 786 RUB,Косметический
bathroom (100).jpg,bathroom,shower,0.347,0.2425,0.467,0.0529,0,0.0038,0.1711,2.33,0.3011,2,0.015,0,0.0,0.4885,141248.44,141 248 RUB,Косметический
bathroom (101).jpeg,bathroom,bathroom,0.5489,0.1664,1.0,0.0831,2,0.0007,0.1779,2.32,0.6969,1,0.0276,0,0.0,0.403,124384.7,124 385 RUB,Косметический
bathroom (101).jpg,bathroom,utility_room,0.696,0.1051,1.0,0.0973,3,0.0034,0.1736,2.33,0.849,2,0.0166,0,0.0,0.4593,133322.17,133 322 RUB,Косметический
bathroom (102).jpeg,bathroom,bathroom,0.5111,0.117,0.1307,0.023,2,0.0,0.136,2.3186,0.7712,0,0.009,0,0.0,0.6606,92477.52,92 478 RUB,Косметический
bathroom (102).jpg,bathroom,bathroom,0.585,0.1695,0.9244,0.0565,6,0.0017,0.2014,2.31,0.7102,1,0.0369,1,6.0423,0.4456,150762.8,150 763 RUB,Косметический
bathroom (103).jpeg,bathroom,bathroom,0.4473,0.1763,0.248,0.0312,2,0.0,0.169,2.3186,0.6058,1,0.0127,0,0.0,0.5983,121018.57,121 019 RUB,Косметический
bathroom (103).jpg,bathroom,bathroom,0.4966,0.1341,0.1851,0.0582,2,0.0027,0.1861,2.3186,0.73,0,0.015,0,0.0,0.6317,102265.82,102 266 RUB,Косметический
bathroom (104).jpeg,bathroom,utility_room,0.5545,0.163,0.7747,0.0693,11,0.001,0.1527,2.3186,0.706,1,0.0166,1,5.3333,0.4756,143582.58,143 583 RUB,Косметический
bathroom (104).jpg,bathroom,shower,0.4344,0.2052,1.0,0.1608,1,0.0,0.1919,2.3186,0.5277,1,0.0646,0,0.0,0.3416,140546.34,140 546 RUB,Косметический
bathroom (105).jpeg,bathroom,shower,0.6682,0.1443,0.6139,0.0613,5,0.0,0.1679,2.33,0.7841,4,0.0084,0,0.0,0.5709,140867.5,140 868 RUB,Косметический
bathroom (105).jpg,bathroom,wet_bar,0.488,0.2005,1.0,0.0943,10,0.0,0.2271,2.33,0.5892,2,0.0476,0,0.0,0.3763,151206.0,151 206 RUB,Косметический
bathroom (106).jpeg,bathroom,bathroom,0.7287,0.0953,0.5061,0.0404,1,0.0,0.1407,2.32,0.8693,2,0.0038,0,0.0,0.6316,105955.05,105 955 RUB,Косметический
bathroom (106).jpg,bathroom,shower,0.5449,0.1627,0.6424,0.0626,0,0.0012,0.1811,2.3333,0.7013,0,0.0563,0,0.0,0.5128,111777.48,111 777 RUB,Косметический
bathroom (107).jpeg,bathroom,bathroom,0.7186,0.2024,1.0,0.0552,5,0.0,0.1514,2.3333,0.7184,4,0.0161,2,12.0119,0.4764,186887.08,186 887 RUB,Капитальный
bathroom (107).jpg,bathroom,shower,0.6698,0.152,0.4266,0.0413,1,0.0,0.1653,2.31,0.773,2,0.003,0,0.0,0.6317,107227.8,107 228 RUB,Косметический
bathroom (108).jpeg,bathroom,bathroom,0.4914,0.1279,0.4483,0.0499,4,0.0,0.1576,2.32,0.7398,0,0.0342,0,0.0,0.5521,112158.15,112 158 RUB,Косметический
bathroom (108).jpg,bathroom,bathroom,0.4359,0.2562,0.1582,0.038,2,0.0635,0.1703,2.3186,0.4121,2,0.0108,0,0.0,0.6256,131848.39,131 848 RUB,Косметический
bathroom (109).jpeg,bathroom,bathroom,0.4846,0.2087,1.0,0.0672,1,0.0001,0.1842,2.3186,0.5694,1,0.0399,0,0.0,0.3804,130207.08,130 207 RUB,Косметический
bathroom (109).jpg,bathroom,shower,0.5998,0.1771,0.9338,0.0604,3,0.2399,0.1834,2.32,0.7047,1,0.0308,0,0.0,0.4717,117731.14,117 731 RUB,Косметический
bathroom (11).jpeg,bathroom,bathroom,0.6003,0.2014,1.0,0.0609,3,0.0,0.1701,2.3084,0.6645,1,0.0338,0,0.0,0.4279,127443.04,127 443 RUB,Косметический
bathroom (11).jpg,bathroom,utility_room,0.3895,0.156,0.3216,0.0516,2,0.0825,0.1659,2.3186,0.5996,0,0.0242,0,0.0,0.5573,109753.14,109 753 RUB,Косметический
bathroom (110).jpeg,bathroom,bathroom,0.5931,0.2302,0.3165,0.0347,0,0.0,0.174,2.3186,0.6118,0,0.0046,0,0.0,0.6354,105448.51,105 449 RUB,Косметический
bathroom (110).jpg,bathroom,bathroom,0.4531,0.1787,0.3923,0.0675,5,0.0002,0.205,2.3333,0.6057,1,0.0339,1,5.3191,0.5501,146941.32,146 941 RUB,Косметический
bathroom (111).jpeg,bathroom,bathroom,0.4151,0.1669,0.3462,0.074,5,0.0034,0.1683,2.3186,0.5978,0,0.0757,1,5.3333,0.5477,151429.53,151 430 RUB,Косметический
bathroom (111).jpg,bathroom,bathroom,0.5051,0.1466,0.4328,0.0421,7,0.0009,0.1892,2.31,0.7098,1,0.036,1,6.0423,0.5639,142794.33,142 794 RUB,Косметический
bathroom (112).jpeg,bathroom,bathroom,0.6514,0.1235,0.4536,0.0393,3,0.0,0.1465,2.3191,0.8104,1,0.0061,0,0.0,0.6166,104713.39,104 713 RUB,Косметический
bathroom (112).jpg,bathroom,bathroom,0.4409,0.1716,0.4239,0.0511,3,0.0,0.1711,2.3186,0.6109,0,0.0058,0,0.0,0.539,108998.64,108 999 RUB,Косметический
bathroom (113).jpeg,bathroom,bathroom,0.6981,0.1706,1.0,0.1073,6,0.0027,0.1867,2.31,0.7556,3,0.0304,2,12.0845,0.4581,199171.33,199 171 RUB,Капитальный
bathroom (113).jpg,bathroom,wet_bar,0.5468,0.1654,1.0,0.0959,10,0.0054,0.1778,2.3055,0.6974,2,0.035,1,5.6022,0.4001,159635.91,159 636 RUB,Косметический
bathroom (114).jpeg,bathroom,bathroom,0.4465,0.2456,0.5285,0.0729,1,0.0,0.2031,2.3333,0.45,0,0.0255,0,0.0,0.5055,121490.19,121 490 RUB,Косметический
bathroom (114).jpg,bathroom,closet,0.4835,0.1461,0.5499,0.059,0,0.0003,0.1841,2.3333,0.6978,0,0.037,0,0.0,0.5167,108888.92,108 889 RUB,Косметический
bathroom (115).jpeg,bathroom,bathroom,0.7316,0.2125,1.0,0.1049,6,0.0002,0.1639,2.33,0.7096,1,0.0154,0,0.0,0.4717,126491.37,126 491 RUB,Косметический
bathroom (115).jpg,bathroom,bathroom,0.6436,0.1881,0.926,0.0549,5,0.0,0.1775,2.3333,0.7077,4,0.0311,0,0.0,0.4687,159669.22,159 669 RUB,Косметический
bathroom (116).jpeg,bathroom,bathroom,0.5693,0.1782,1.0,0.1219,4,0.0,0.1763,2.33,0.687,2,0.0281,0,0.0,0.4034,139716.03,139 716 RUB,Косметический
bathroom (116).jpg,bathroom,utility_room,0.4732,0.202,0.9576,0.0874,0,0.0062,0.2127,2.32,0.5731,1,0.0453,0,0.0,0.3851,125963.27,125 963 RUB,Косметический
bathroom (117).jpeg,bathroom,bathroom,0.5411,0.2432,0.2336,0.0267,2,0.0,0.1916,2.3186,0.5505,1,0.0083,0,0.0,0.641,117289.89,117 290 RUB,Косметический
bathroom (117).jpg,bathroom,utility_room,0.593,0.1327,0.7314,0.0556,3,0.0,0.1554,2.31,0.7762,0,0.0235,1,6.0423,0.5067,124935.46,124 935 RUB,Косметический
bathroom (118).jpeg,bathroom,bathroom,0.6247,0.1259,0.874,0.1234,6,0.005,0.2029,2.3069,0.7985,2,0.0064,0,0.0,0.4635,128398.1,128 398 RUB,Косметический
bathroom (118).jpg,bathroom,bathroom,0.4633,0.2989,0.7107,0.054,5,0.0,0.2005,2.3186,0.3549,1,0.0315,0,0.0,0.4613,147639.44,147 639 RUB,Косметический
bathroom (119).jpeg,bathroom,jacuzzi/indoor,0.4598,0.2493,0.3957,0.0457,1,0.0,0.1793,2.3186,0.4578,2,0.0172,0,0.0,0.5561,131543.69,131 544 RUB,Косметический
bathroom (119).jpg,bathroom,bathroom,0.5808,0.1879,1.0,0.0768,5,0.0,0.1897,2.3059,0.6764,2,0.033,1,7.1174,0.417,164326.3,164 326 RUB,Косметический
bathroom (12).jpeg,bathroom,bathroom,0.424,0.1485,0.4371,0.0603,4,0.0,0.1418,2.3333,0.6498,0,0.0108,0,0.0,0.5264,99734.07,99 734 RUB,Косметический
bathroom (12).jpg,bathroom,shower,0.6496,0.2066,0.3284,0.0471,0,0.0,0.1723,2.3186,0.6819,1,0.0014,0,0.0,0.6519,107255.6,107 256 RUB,Косметический
bathroom (120).jpeg,bathroom,bathroom,0.585,0.0972,0.1882,0.0274,2,0.0,0.1293,2.3186,0.8338,1,0.0072,0,0.0,0.6721,100831.56,100 832 RUB,Косметический
bathroom (120).jpg,bathroom,bathroom,0.5234,0.1622,0.4704,0.0543,7,0.0226,0.1638,2.3097,0.6902,1,0.0266,2,10.6951,0.5597,161642.23,161 642 RUB,Косметический
bathroom (121).jpeg,bathroom,bathroom,0.5309,0.1427,0.3099,0.0479,3,0.001,0.1522,2.3186,0.7312,1,0.0081,0,0.0,0.6099,106806.07,106 806 RUB,Косметический
bathroom (121).jpg,bathroom,bathroom,0.4576,0.1999,0.4785,0.0746,7,0.0,0.1711,2.3333,0.5632,1,0.0141,0,0.0,0.5246,124659.93,124 660 RUB,Косметический
bathroom (122).jpeg,bathroom,shower,0.502,0.1445,0.4151,0.0712,3,0.0003,0.173,2.3333,0.7122,1,0.0044,0,0.0,0.562,111980.89,111 981 RUB,Косметический
bathroom (122).jpg,bathroom,bathroom,0.6593,0.1961,1.0,0.1673,3,0.0023,0.1803,2.33,0.7026,3,0.0205,0,0.0,0.4305,146817.76,146 818 RUB,Косметический
bathroom (123).jpeg,bathroom,bathroom,0.6969,0.1342,0.9285,0.0634,3,0.0,0.1692,2.31,0.8074,5,0.0043,0,0.0,0.4876,137706.17,137 706 RUB,Косметический
bathroom (123).jpg,bathroom,shower,0.5499,0.1079,0.5303,0.0576,8,0.0107,0.1347,2.32,0.8039,2,0.0165,1,6.0241,0.5504,153112.32,153 112 RUB,Косметический
bathroom (124).jpeg,bathroom,bathroom,0.5128,0.2275,0.4238,0.0589,7,0.0,0.2001,2.3333,0.5563,3,0.0196,1,6.0241,0.5662,162153.31,162 153 RUB,Косметический
bathroom (124).jpg,bathroom,shower,0.6106,0.1198,0.153,0.03,2,0.0,0.173,2.3333,0.8037,1,0.0078,0,0.0,0.6923,106072.14,106 072 RUB,Косметический
bathroom (125).jpeg,bathroom,bathroom,0.534,0.2385,1.0,0.1451,4,0.0002,0.1915,2.3333,0.5535,1,0.0399,0,0.0,0.3846,136047.01,136 047 RUB,Косметический
bathroom (125).jpg,bathroom,bathroom,0.4379,0.1819,0.3445,0.0438,2,0.0,0.1582,2.3303,0.5846,1,0.0252,0,0.0,0.5631,121484.43,121 484 RUB,Косметический
bathroom (126).jpeg,bathroom,bathroom,0.469,0.2303,1.0,0.101,11,0.0,0.182,2.3059,0.509,0,0.0997,1,7.1174,0.3674,180545.57,180 546 RUB,Капитальный
bathroom (126).jpg,bathroom,bathroom,0.5657,0.1698,0.9773,0.0545,4,0.0,0.1946,2.3333,0.6998,0,0.012,1,6.0241,0.4222,127219.01,127 219 RUB,Косметический
bathroom (127).jpeg,bathroom,jacuzzi/indoor,0.4873,0.1917,1.0,0.0894,2,0.0,0.1566,2.33,0.6067,0,0.04,0,0.0,0.377,117329.54,117 330 RUB,Косметический
bathroom (127).jpg,bathroom,bathroom,0.5756,0.2249,1.0,0.0908,9,0.0103,0.1927,2.3186,0.6092,2,0.0199,2,10.6666,0.4131,194992.82,194 993 RUB,Капитальный
bathroom (128).jpeg,bathroom,bathroom,0.564,0.2069,0.2867,0.0793,6,0.0,0.2031,2.3186,0.6332,1,0.0281,0,0.0,0.6237,125955.44,125 955 RUB,Косметический
bathroom (128).jpg,bathroom,shower,0.5451,0.1234,0.4179,0.0521,0,0.0,0.1502,2.3333,0.7737,0,0.02,0,0.0,0.5822,101341.81,101 342 RUB,Косметический
bathroom (129).jpeg,bathroom,shower,0.527,0.0737,0.1264,0.0175,2,0.0,0.1191,2.3186,0.8601,0,0.011,0,0.0,0.6694,90928.86,90 929 RUB,Косметический
bathroom (129).jpg,bathroom,bathroom,0.5321,0.1823,0.4578,0.0871,6,0.0012,0.174,2.3186,0.6575,0,0.0159,0,0.0,0.5582,109046.0,109 046 RUB,Косметический
bathroom (13).jpeg,bathroom,bathroom,0.6103,0.1769,0.1449,0.0402,5,0.0,0.1766,2.3333,0.7101,2,0.0015,0,0.0,0.6926,112535.8,112 536 RUB,Косметический
bathroom (13).jpg,bathroom,utility_room,0.5814,0.2041,0.2527,0.0402,1,0.0,0.1753,2.3186,0.649,1,0.0009,0,0.0,0.6487,116301.77,116 302 RUB,Косметический
bathroom (130).jpeg,bathroom,bathroom,0.4774,0.2253,0.2601,0.04,1,0.0,0.1825,2.3333,0.5281,1,0.0181,0,0.0,0.6049,124503.04,124 503 RUB,Косметический
bathroom (130).jpg,bathroom,bathroom,0.4923,0.153,0.6153,0.0423,3,0.0,0.1336,2.3186,0.6893,1,0.0239,0,0.0,0.5039,117265.49,117 265 RUB,Косметический
bathroom (131).jpeg,bathroom,bathroom,0.472,0.2758,0.7722,0.1047,1,0.0013,0.1841,2.3069,0.4157,1,0.0255,0,0.0,0.4363,137444.79,137 445 RUB,Косметический
bathroom (131).jpg,bathroom,bathroom,0.3812,0.1628,0.4932,0.0439,2,0.0001,0.1674,2.3186,0.5728,0,0.0441,0,0.0,0.4958,119093.1,119 093 RUB,Косметический
bathroom (132).jpeg,bathroom,bathroom,0.6199,0.1844,0.1579,0.0277,2,0.0,0.1372,2.3186,0.7026,1,0.0074,0,0.0,0.6951,107066.87,107 067 RUB,Косметический
bathroom (132).jpg,bathroom,bathroom,0.4457,0.2473,0.3734,0.0422,2,0.0002,0.1988,2.3186,0.4451,2,0.0183,1,5.3333,0.5579,152018.48,152 018 RUB,Косметический
bathroom (133).jpeg,bathroom,utility_room,0.6876,0.1753,0.9472,0.0683,8,0.0015,0.1632,2.33,0.7451,3,0.0066,0,0.0,0.4774,143313.57,143 314 RUB,Косметический
bathroom (133).jpg,bathroom,utility_room,0.5315,0.1362,0.7354,0.0735,8,0.0001,0.1864,2.33,0.7437,1,0.0162,0,0.0,0.4773,126228.02,126 228 RUB,Косметический
bathroom (134).jpeg,bathroom,bathroom,0.573,0.194,1.0,0.0949,2,0.0004,0.1786,2.33,0.6613,2,0.0247,1,6.006,0.4103,149370.92,149 371 RUB,Косметический
bathroom (134).jpg,bathroom,bathroom,0.5109,0.1526,0.9073,0.1275,2,0.0112,0.2075,2.3186,0.7013,2,0.0083,0,0.0,0.4078,133217.21,133 217 RUB,Косметический
bathroom (135).jpeg,bathroom,bathroom,0.5828,0.1229,0.3899,0.0602,4,0.0,0.1577,2.3333,0.789,1,0.0078,0,0.0,0.6041,102244.68,102 245 RUB,Косметический
bathroom (135).jpg,bathroom,sauna,0.5101,0.1248,0.677,0.0547,3,0.0,0.1653,2.3186,0.7553,0,0.0097,0,0.0,0.49,99010.4,99 010 RUB,Косметический
bathroom (136).jpeg,bathroom,bathroom,0.4883,0.2056,0.2725,0.0418,3,0.0,0.1769,2.3186,0.5789,2,0.0216,0,0.0,0.6052,131622.2,131 622 RUB,Косметический
bathroom (136).jpg,bathroom,wet_bar,0.41,0.2092,0.1949,0.049,6,0.0,0.2078,2.3333,0.4898,1,0.0169,0,0.0,0.5957,136617.89,136 618 RUB,Косметический
bathroom (137).jpeg,bathroom,bathroom,0.5062,0.2042,0.3966,0.0372,6,0.0,0.1952,2.3186,0.5966,1,0.0372,1,5.3333,0.5761,151167.93,151 168 RUB,Косметический
bathroom (137).jpg,bathroom,bathroom,0.6509,0.1744,0.2359,0.0511,1,0.0,0.175,2.3186,0.7321,1,0.0088,0,0.0,0.6794,106326.56,106 327 RUB,Косметический
bathroom (138).jpeg,bathroom,shower,0.4909,0.0798,0.4165,0.0419,4,0.0,0.1386,2.3333,0.8374,0,0.0075,0,0.0,0.563,98138.88,98 139 RUB,Косметический
bathroom (138).jpg,bathroom,shower,0.6324,0.1649,1.0,0.075,2,0.0,0.1889,2.3069,0.7393,1,0.0139,0,0.0,0.438,117241.84,117 242 RUB,Косметический
bathroom (139).jpeg,bathroom,bathroom,0.6745,0.1198,0.3881,0.0367,4,0.0,0.1327,2.33,0.8224,2,0.0189,0,0.0,0.646,116085.18,116 085 RUB,Косметический
bathroom (139).jpg,bathroom,bathroom,0.6882,0.1209,0.358,0.043,4,0.0,0.152,2.3186,0.8244,2,0.003,0,0.0,0.6593,105776.41,105 776 RUB,Косметический
bathroom (14).jpeg,bathroom,shower,0.4826,0.1314,0.0887,0.0326,3,0.0,0.141,2.3333,0.7278,1,0.0075,0,0.0,0.6599,108349.06,108 349 RUB,Косметический
bathroom (14).jpg,bathroom,bathroom,0.7107,0.209,0.3466,0.0578,5,0.0026,0.1868,2.3186,0.706,2,0.0348,0,0.0,0.669,127699.65,127 700 RUB,Косметический
bathroom (140).jpeg,bathroom,bathroom,0.4531,0.2295,0.4205,0.0437,1,0.0,0.2063,2.3333,0.4934,1,0.0279,0,0.0,0.5464,123463.19,123 463 RUB,Косметический
bathroom (140).jpg,bathroom,shower,0.4947,0.1931,0.6246,0.0878,1,0.0009,0.201,2.3097,0.6096,0,0.0342,0,0.0,0.493,114152.58,114 153 RUB,Косметический
bathroom (141).jpeg,bathroom,bathroom,0.5127,0.1381,0.4362,0.0522,4,0.0,0.1763,2.33,0.7306,0,0.0236,0,0.0,0.5638,109556.41,109 556 RUB,Косметический
bathroom (141).jpg,bathroom,bathroom,0.5082,0.2275,0.2787,0.0547,4,0.0,0.1455,2.3186,0.5524,0,0.0084,0,0.0,0.6087,111697.71,111 698 RUB,Косметический
bathroom (142).jpeg,bathroom,bathroom,0.758,0.1311,0.2133,0.0252,3,0.0,0.152,2.3333,0.827,3,0.0015,0,0.0,0.7342,109511.53,109 512 RUB,Косметический
bathroom (142).jpg,bathroom,closet,0.6578,0.1173,0.7634,0.0636,0,0.0,0.1479,2.31,0.8216,3,0.0114,0,0.0,0.5214,123446.9,123 447 RUB,Косметический
bathroom (143).jpeg,bathroom,bathroom,0.5636,0.1565,1.0,0.1291,5,0.0,0.1977,2.33,0.7224,0,0.0579,0,0.0,0.3996,133161.94,133 162 RUB,Косметический
bathroom (143).jpg,bathroom,bathroom,0.5814,0.1366,1.0,0.0688,2,0.0018,0.16,2.33,0.765,1,0.0152,0,0.0,0.419,118434.46,118 434 RUB,Косметический
bathroom (144).jpeg,bathroom,bathroom,0.4632,0.1477,0.0582,0.0164,2,0.0,0.1455,2.3333,0.6811,1,0.0134,0,0.0,0.6646,110708.94,110 709 RUB,Косметический
bathroom (144).jpg,bathroom,shower,0.6149,0.0965,0.2537,0.0402,0,0.0,0.1608,2.33,0.8431,1,0.0003,0,0.0,0.6618,104242.83,104 243 RUB,Косметический
bathroom (145).jpeg,bathroom,bathroom,0.5514,0.1718,0.4969,0.0422,5,0.0,0.2026,2.32,0.6885,2,0.0097,1,6.0241,0.563,148522.03,148 522 RUB,Косметический
bathroom (145).jpg,bathroom,bathroom,0.4536,0.3226,0.5779,0.0521,2,0.0,0.1761,2.3186,0.2888,2,0.0289,0,0.0,0.4976,148406.7,148 407 RUB,Косметический
bathroom (146).jpeg,bathroom,bathroom,0.4628,0.1671,1.0,0.0635,4,0.0,0.1831,2.32,0.639,1,0.0382,0,0.0,0.3724,136839.93,136 840 RUB,Косметический
bathroom (146).jpg,bathroom,bathroom,0.6702,0.2112,1.0,0.0658,4,0.0,0.1772,2.33,0.6849,3,0.0228,0,0.0,0.4549,145946.02,145 946 RUB,Косметический
bathroom (147).jpeg,bathroom,bathroom,0.6526,0.1767,0.5232,0.0791,3,0.0,0.1884,2.32,0.7292,4,0.0315,0,0.0,0.5883,146502.91,146 503 RUB,Косметический
bathroom (147).jpg,bathroom,bathroom,0.4448,0.1904,0.5004,0.079,1,0.0,0.1421,2.3186,0.572,1,0.054,0,0.0,0.512,127676.95,127 677 RUB,Косметический
bathroom (148).jpeg,bathroom,bathroom,0.4348,0.2122,1.0,0.092,6,0.0,0.1909,2.3186,0.5119,1,0.064,2,10.6666,0.3555,194195.47,194 195 RUB,Капитальный
bathroom (148).jpg,bathroom,shower,0.5256,0.1771,0.4111,0.058,2,0.0006,0.1608,2.3186,0.663,0,0.0211,0,0.0,0.5754,105787.7,105 788 RUB,Косметический
bathroom (149).jpeg,bathroom,bathroom,0.4989,0.2191,0.8764,0.0554,3,0.0,0.1906,2.33,0.5609,2,0.0358,0,0.0,0.4255,144181.72,144 182 RUB,Косметический
bathroom (149).jpg,bathroom,bathroom,0.5784,0.193,0.5242,0.0417,4,0.0,0.2035,2.33,0.6663,3,0.0121,0,0.0,0.5658,136700.01,136 700 RUB,Косметический
bathroom (15).jpeg,bathroom,closet,0.6685,0.1073,0.1941,0.0276,3,0.0,0.151,2.32,0.8394,1,0.0015,0,0.0,0.7036,100257.42,100 257 RUB,Косметический
bathroom (15).jpg,bathroom,bathroom,0.5106,0.2475,0.4276,0.0618,4,0.0,0.1796,2.3186,0.5152,0,0.0213,2,10.6666,0.5636,165673.71,165 674 RUB,Косметический
bathroom (150).jpeg,bathroom,shower,0.5423,0.1424,0.3828,0.0311,3,0.0015,0.1424,2.3186,0.7373,2,0.009,1,5.3333,0.596,128193.94,128 194 RUB,Косметический
bathroom (150).jpg,bathroom,bathroom,0.4947,0.1365,0.3717,0.0693,7,0.0011,0.1758,2.3193,0.724,0,0.0144,0,0.0,0.5726,108151.49,108 151 RUB,Косметический
bathroom (151).jpeg,bathroom,bathroom,0.6023,0.1397,1.0,0.1265,3,0.0001,0.1882,2.33,0.7681,3,0.0764,0,0.0,0.4156,154553.67,154 554 RUB,Косметический
bathroom (151).jpg,bathroom,bathroom,0.5686,0.1879,1.0,0.1012,4,0.0002,0.184,2.3097,0.6696,0,0.056,1,5.3476,0.4072,146857.45,146 857 RUB,Косметический
bathroom (152).jpeg,bathroom,bathroom,0.538,0.1879,0.5383,0.0322,3,0.0,0.1766,2.33,0.6507,2,0.0155,1,6.006,0.5473,147422.98,147 423 RUB,Косметический
bathroom (152).jpg,bathroom,utility_room,0.6395,0.1478,0.8178,0.0898,4,0.0009,0.2016,2.32,0.7689,0,0.0162,1,6.0241,0.4926,131850.01,131 850 RUB,Косметический
bathroom (153).jpeg,bathroom,bathroom,0.5253,0.1714,0.9033,0.1214,2,0.0,0.1676,2.33,0.6738,1,0.0525,0,0.0,0.4149,133844.05,133 844 RUB,Косметический
bathroom (153).jpg,bathroom,bathroom,0.6038,0.1572,1.0,0.0841,8,0.0005,0.1646,2.33,0.7396,1,0.0521,2,12.0119,0.4247,183579.38,183 579 RUB,Капитальный
bathroom (154).jpeg,bathroom,bathroom,0.6588,0.1773,1.0,0.0658,7,0.0,0.2074,2.31,0.7308,1,0.04,0,0.0,0.4504,131804.47,131 804 RUB,Косметический
bathroom (154).jpg,bathroom,bathroom,0.5275,0.1244,1.0,0.0729,7,0.0033,0.1894,2.32,0.7642,0,0.0424,1,6.0241,0.3968,147741.25,147 741 RUB,Косметический
bathroom (155).jpeg,bathroom,bathroom,0.3134,0.1986,0.4857,0.0377,5,0.0001,0.1606,2.3186,0.3664,0,0.0264,0,0.0,0.4721,133960.59,133 961 RUB,Косметический
bathroom (155).jpg,bathroom,bathroom,0.6341,0.1401,0.5205,0.0739,5,0.0001,0.1619,2.3113,0.7791,5,0.0145,0,0.0,0.5827,145471.34,145 471 RUB,Косметический
bathroom (156).jpeg,bathroom,bathroom,0.5913,0.1465,1.0,0.0516,4,0.0,0.1645,2.3333,0.7523,3,0.0173,0,0.0,0.4262,140432.68,140 433 RUB,Косметический
bathroom (156).jpg,bathroom,bathroom,0.5651,0.1326,0.6789,0.0744,1,0.0,0.1915,2.3186,0.7654,1,0.0188,0,0.0,0.5075,110668.53,110 669 RUB,Косметический
bathroom (157).jpeg,bathroom,alcove,0.5243,0.1875,1.0,0.1239,7,0.0047,0.2071,2.3333,0.6424,1,0.0822,1,6.006,0.3854,171829.63,171 830 RUB,Капитальный
bathroom (157).jpg,bathroom,shower,0.5185,0.1502,0.2728,0.0345,7,0.0,0.177,2.3333,0.7104,2,0.0093,2,10.7238,0.6186,174079.91,174 080 RUB,Капитальный
bathroom (158).jpeg,bathroom,bathroom,0.4596,0.2851,0.6072,0.0364,3,0.0,0.1667,2.3333,0.3797,1,0.0339,0,0.0,0.4944,133974.42,133 974 RUB,Косметический
bathroom (158).jpg,bathroom,bathroom,0.4693,0.1807,0.4674,0.0529,1,0.0,0.184,2.33,0.6148,1,0.0155,0,0.0,0.5369,122526.66,122 527 RUB,Косметический
bathroom (159).jpeg,bathroom,jacuzzi/indoor,0.5591,0.1577,0.4052,0.0613,3,0.0006,0.1602,2.3186,0.7179,2,0.0094,0,0.0,0.5899,120259.8,120 260 RUB,Косметический
bathroom (159).jpg,bathroom,bathroom,0.5917,0.1884,1.0,0.0893,2,0.0,0.1867,2.3069,0.6816,2,0.0263,0,0.0,0.4188,133209.95,133 210 RUB,Косметический
bathroom (16).jpeg,bathroom,wet_bar,0.6461,0.1574,1.0,0.0831,5,0.0001,0.1799,2.32,0.7563,1,0.0267,0,0.0,0.4418,128851.84,128 852 RUB,Косметический
bathroom (16).jpg,bathroom,bathroom,0.6727,0.2462,0.7287,0.0708,5,0.003,0.1929,2.3186,0.6341,2,0.0581,0,0.0,0.5366,137298.08,137 298 RUB,Косметический
bathroom (160).jpeg,bathroom,bathroom,0.4541,0.1226,0.2068,0.0338,5,0.0004,0.1464,2.3186,0.73,1,0.0072,0,0.0,0.6129,107592.51,107 593 RUB,Косметический
bathroom (160).jpg,bathroom,shower,0.4757,0.1006,1.0,0.0888,2,0.0004,0.1539,2.32,0.7886,0,0.052,0,0.0,0.3726,123991.14,123 991 RUB,Косметический
bathroom (161).jpeg,bathroom,bathroom,0.5794,0.1793,0.4634,0.0515,4,0.0117,0.2037,2.3186,0.6906,1,0.0042,0,0.0,0.5836,115174.27,115 174 RUB,Косметический
bathroom (161).jpg,bathroom,bathroom,0.5615,0.196,1.0,0.0653,2,0.0001,0.2018,2.31,0.6509,3,0.0163,0,0.0,0.4116,143381.59,143 382 RUB,Косметический
bathroom (162).jpeg,bathroom,bathroom,0.5624,0.213,0.2729,0.034,6,0.0,0.174,2.3333,0.6212,1,0.0174,0,0.0,0.6363,124631.27,124 631 RUB,Косметический
bathroom (162).jpg,bathroom,utility_room,0.7317,0.1342,1.0,0.0621,5,0.0002,0.1616,2.33,0.8166,5,0.0234,1,6.006,0.4803,173025.11,173 025 RUB,Капитальный
bathroom (163).jpeg,bathroom,bathroom,0.4387,0.2592,0.8076,0.0597,11,0.0001,0.17,2.3069,0.4091,1,0.0223,0,0.0,0.4213,148651.27,148 651 RUB,Косметический
bathroom (163).jpg,bathroom,kitchen,0.5691,0.1979,1.0,0.1138,13,0.0024,0.2189,2.31,0.6523,2,0.0538,3,18.1268,0.4051,203016.5,203 016 RUB,Капитальный
bathroom (164).jpeg,bathroom,bathroom,0.4775,0.1392,0.3583,0.0826,16,0.0014,0.1628,2.3186,0.7086,1,0.0337,2,10.6666,0.5671,178185.26,178 185 RUB,Капитальный
bathroom (164).jpg,bathroom,bathroom,0.412,0.2182,1.0,0.0958,7,0.0,0.1835,2.3333,0.4704,2,0.0779,0,0.0,0.3457,164646.33,164 646 RUB,Косметический
bathroom (165).jpeg,bathroom,bathroom,0.4114,0.1662,1.0,0.0877,5,0.0,0.194,2.3097,0.596,0,0.0374,1,5.3476,0.347,150852.56,150 853 RUB,Косметический
bathroom (165).jpg,bathroom,wet_bar,0.553,0.1542,1.0,0.0921,2,0.0,0.1909,2.33,0.7212,1,0.0211,0,0.0,0.4028,124770.25,124 770 RUB,Косметический
bathroom (166).jpeg,bathroom,bathroom,0.6551,0.3311,0.5014,0.0443,4,0.0,0.1361,2.3186,0.4946,0,0.0207,0,0.0,0.6028,120674.35,120 674 RUB,Косметический
bathroom (166).jpg,bathroom,elevator/door,0.6512,0.2072,0.484,0.0657,1,0.0,0.2028,2.33,0.6818,3,0.0098,0,0.0,0.6021,129740.28,129 740 RUB,Косметический
bathroom (167).jpeg,bathroom,bathroom,0.6636,0.1796,0.5342,0.0407,3,0.0,0.1633,2.3186,0.7294,0,0.0038,0,0.0,0.597,101627.06,101 627 RUB,Косметический
bathroom (167).jpg,bathroom,shower,0.5576,0.0745,0.1778,0.0203,5,0.0,0.1459,2.3097,0.8663,0,0.0029,0,0.0,0.6656,99077.86,99 078 RUB,Косметический
bathroom (168).jpeg,bathroom,bathroom,0.7991,0.2476,0.3487,0.044,3,0.0002,0.1552,2.3097,0.6902,1,0.0065,0,0.0,0.7062,107416.41,107 416 RUB,Косметический
bathroom (168).jpg,bathroom,utility_room,0.5688,0.1648,1.0,0.1015,5,0.169,0.1908,2.33,0.7103,0,0.035,0,0.0,0.4241,121581.01,121 581 RUB,Косметический
bathroom (169).jpeg,bathroom,bathroom,0.8449,0.1785,0.1996,0.026,4,0.0,0.1125,2.3186,0.7887,2,0.0,0,0.0,0.7729,106369.08,106 369 RUB,Косметический
bathroom (169).jpg,bathroom,bathroom,0.4642,0.1926,0.7657,0.0694,4,0.2498,0.178,2.3186,0.585,2,0.0338,1,5.3333,0.4671,151572.28,151 572 RUB,Косметический
bathroom (17).jpeg,bathroom,bathroom,0.5173,0.2209,0.2883,0.0377,2,0.0001,0.1645,2.3186,0.5731,1,0.0287,1,5.3333,0.6129,135310.28,135 310 RUB,Косметический
bathroom (17).jpg,bathroom,bathroom,0.5408,0.1183,0.1466,0.0383,2,0.0,0.1546,2.3186,0.7813,1,0.0043,0,0.0,0.6647,107115.06,107 115 RUB,Косметический
bathroom (170).jpeg,bathroom,bathroom,0.3755,0.1329,0.2378,0.0521,4,0.0139,0.1798,2.3186,0.6461,0,0.0175,0,0.0,0.5698,113927.07,113 927 RUB,Косметический
bathroom (170).jpg,bathroom,closet,0.4814,0.1966,0.3812,0.0393,3,0.0,0.1856,2.3186,0.5917,3,0.0128,1,5.3333,0.5704,153100.08,153 100 RUB,Косметический
bathroom (171).jpeg,bathroom,bathroom,0.4605,0.1601,0.2571,0.0656,5,0.0148,0.1888,2.3186,0.6524,1,0.0209,0,0.0,0.5954,122967.62,122 968 RUB,Косметический
bathroom (171).jpg,bathroom,bathroom,0.4333,0.1704,0.4679,0.0468,2,0.0,0.1613,2.3333,0.6067,0,0.0274,0,0.0,0.5236,110484.63,110 485 RUB,Косметический
bathroom (172).jpeg,bathroom,bathroom,0.5546,0.1461,0.2255,0.0233,8,0.0001,0.1589,2.3186,0.7366,0,0.0027,0,0.0,0.6495,103989.15,103 989 RUB,Косметический
bathroom (172).jpg,bathroom,shower,0.4873,0.1442,1.0,0.1235,4,0.057,0.1939,2.3186,0.7042,0,0.0251,0,0.0,0.3759,111642.85,111 643 RUB,Косметический
bathroom (173).jpeg,bathroom,bathroom,0.6632,0.3224,0.4415,0.0332,4,0.0,0.1322,2.3186,0.5138,1,0.0149,0,0.0,0.6262,126090.95,126 091 RUB,Косметический
bathroom (173).jpg,bathroom,bathroom,0.5938,0.2218,1.0,0.0934,2,0.0,0.1855,2.33,0.6264,2,0.0386,0,0.0,0.4188,137876.74,137 877 RUB,Косметический
bathroom (174).jpeg,bathroom,bathroom,0.3935,0.1839,0.5938,0.0914,3,0.0021,0.1624,2.3186,0.5326,0,0.0185,0,0.0,0.4612,119981.74,119 982 RUB,Косметический
bathroom (174).jpg,bathroom,shower,0.4376,0.1829,1.0,0.108,1,0.0,0.1399,2.33,0.582,2,0.0313,0,0.0,0.3534,135703.83,135 704 RUB,Косметический
bathroom (175).jpeg,bathroom,wet_bar,0.6674,0.3337,0.6388,0.0466,10,0.0007,0.1431,2.3097,0.4999,1,0.0127,0,0.0,0.566,148803.96,148 804 RUB,Косметический
bathroom (175).jpg,bathroom,bathroom,0.4344,0.2259,1.0,0.1028,5,0.0002,0.2139,2.3333,0.48,1,0.0545,1,6.079,0.3532,177764.27,177 764 RUB,Капитальный
bathroom (176).jpeg,bathroom,bathroom,0.4105,0.2005,0.5818,0.0528,10,0.0008,0.1821,2.3186,0.5115,0,0.04,2,10.6666,0.4792,181387.23,181 387 RUB,Капитальный
bathroom (176).jpg,bathroom,closet,0.5895,0.1277,0.1589,0.0262,1,0.0,0.1551,2.3186,0.7833,2,0.0111,0,0.0,0.6829,103697.12,103 697 RUB,Косметический
bathroom (177).jpeg,bathroom,bathroom,0.656,0.2145,1.0,0.0993,3,0.0,0.168,2.3186,0.673,1,0.0295,0,0.0,0.4425,124634.77,124 635 RUB,Косметический
bathroom (177).jpg,bathroom,bathroom,0.5488,0.1697,1.0,0.0576,3,0.0,0.1791,2.3333,0.6908,1,0.0278,0,0.0,0.408,125163.47,125 163 RUB,Косметический
bathroom (178).jpeg,bathroom,bathroom,0.5382,0.1974,1.0,0.095,5,0.0008,0.1889,2.3186,0.6332,3,0.0354,1,5.3333,0.3963,168428.82,168 429 RUB,Косметический
bathroom (178).jpg,bathroom,shower,0.6045,0.12,0.2853,0.0553,1,0.0,0.1661,2.3186,0.8015,1,0.0067,0,0.0,0.6451,102713.92,102 714 RUB,Косметический
bathroom (179).jpeg,bathroom,bathroom,0.729,0.2543,0.4615,0.0411,3,0.0,0.1459,2.3186,0.6512,1,0.0055,0,0.0,0.6449,113422.36,113 422 RUB,Косметический
bathroom (179).jpg,bathroom,utility_room,0.5711,0.1488,0.5279,0.0357,1,0.01,0.1945,2.3186,0.7394,1,0.0279,0,0.0,0.564,113550.98,113 551 RUB,Косметический
bathroom (18).jpeg,bathroom,utility_room,0.4534,0.1799,1.0,0.1025,4,0.0039,0.2005,2.3333,0.6032,0,0.0983,0,0.0,0.3612,142386.91,142 387 RUB,Косметический
bathroom (18).jpg,bathroom,bathroom,0.6304,0.3551,0.2681,0.0312,1,0.1371,0.1433,2.3186,0.4367,1,0.0096,0,0.0,0.6792,121421.97,121 422 RUB,Косметический
bathroom (180).jpeg,bathroom,youth_hostel,0.4024,0.235,0.5712,0.055,3,0.0088,0.2016,2.3186,0.416,2,0.0245,3,15.9999,0.4795,181075.25,181 075 RUB,Капитальный
bathroom (180).jpg,bathroom,bathroom,0.5554,0.1903,1.0,0.0729,3,0.0,0.1957,2.33,0.6574,2,0.0307,0,0.0,0.4076,138817.54,138 818 RUB,Косметический
bathroom (181).jpeg,bathroom,bathroom,0.6865,0.2568,0.309,0.0367,3,0.0,0.1571,2.3186,0.626,1,0.005,0,0.0,0.6745,113824.98,113 825 RUB,Косметический
bathroom (181).jpg,bathroom,bathroom,0.3084,0.1777,0.2303,0.0317,4,0.0,0.1533,2.3303,0.4239,1,0.012,0,0.0,0.5479,137754.07,137 754 RUB,Косметический
bathroom (182).jpeg,bathroom,bathroom,0.4442,0.208,0.8489,0.0662,5,0.0,0.1805,2.3186,0.5317,1,0.0214,0,0.0,0.4098,139576.02,139 576 RUB,Косметический
bathroom (182).jpg,bathroom,bathroom,0.5212,0.2,0.4185,0.0587,4,0.0,0.1815,2.3333,0.6163,1,0.0243,0,0.0,0.5712,122698.51,122 699 RUB,Косметический
bathroom (183).jpeg,bathroom,bathroom,0.7135,0.2722,0.5273,0.0303,4,0.0,0.1297,2.3186,0.6186,0,0.009,0,0.0,0.6212,108694.21,108 694 RUB,Косметический
bathroom (183).jpg,bathroom,wet_bar,0.5414,0.1419,0.344,0.0417,2,0.0,0.1543,2.3186,0.7378,0,0.0122,0,0.0,0.605,99039.74,99 040 RUB,Косметический
bathroom (184).jpeg,bathroom,bathroom,0.5278,0.1506,0.3154,0.0562,5,0.0079,0.1836,2.3186,0.7147,1,0.0055,0,0.0,0.606,115175.76,115 176 RUB,Косметический
bathroom (184).jpg,bathroom,wet_bar,0.4029,0.2489,0.475,0.064,2,0.0,0.1864,2.3333,0.3823,2,0.0569,0,0.0,0.5059,140335.43,140 335 RUB,Косметический
bathroom (185).jpeg,bathroom,bathroom,0.7227,0.2694,0.357,0.0568,4,0.0,0.1473,2.3186,0.6272,1,0.0047,0,0.0,0.6706,114868.96,114 869 RUB,Косметический
bathroom (185).jpg,bathroom,bathroom,0.5526,0.161,0.2357,0.0531,4,0.0001,0.1946,2.3333,0.7087,1,0.0262,0,0.0,0.6397,119744.93,119 745 RUB,Косметический
bathroom (186).jpeg,bathroom,bathroom,0.4901,0.2031,0.4794,0.0563,3,0.0011,0.1405,2.3186,0.5856,0,0.0062,0,0.0,0.5411,109908.9,109 909 RUB,Косметический
bathroom (186).jpg,bathroom,bathroom,0.5406,0.1981,0.5782,0.0709,6,0.0,0.1969,2.3186,0.6336,3,0.0196,1,5.3333,0.5286,160736.48,160 736 RUB,Косметический
bathroom (187).jpeg,bathroom,bathroom,0.5098,0.214,0.773,0.0672,3,0.0007,0.1982,2.3186,0.5801,0,0.0077,0,0.0,0.4586,111930.23,111 930 RUB,Косметический
bathroom (187).jpg,bathroom,utility_room,0.327,0.2316,0.793,0.078,3,0.0002,0.1667,2.3333,0.2918,1,0.0227,0,0.0,0.3773,152171.41,152 171 RUB,Косметический
bathroom (188).jpeg,bathroom,bathroom,0.4979,0.2643,0.7872,0.0346,3,0.0,0.161,2.3186,0.4692,0,0.0237,0,0.0,0.4561,124939.59,124 940 RUB,Косметический
bathroom (188).jpg,bathroom,bathroom,0.464,0.2111,0.6323,0.0364,1,0.0,0.1807,2.3069,0.5449,0,0.0464,0,0.0,0.4886,119778.87,119 779 RUB,Косметический
bathroom (189).jpeg,bathroom,bathroom,0.638,0.183,0.709,0.0782,5,0.0,0.1857,2.3186,0.7131,1,0.0082,0,0.0,0.5269,114928.03,114 928 RUB,Косметический
bathroom (189).jpg,bathroom,bathroom,0.445,0.1409,0.1436,0.03,4,0.0001,0.1675,2.3333,0.6834,0,0.0078,0,0.0,0.6289,103391.3,103 391 RUB,Косметический
bathroom (19).jpeg,bathroom,shower,0.4568,0.2059,0.567,0.0524,5,0.0011,0.1805,2.3186,0.5491,1,0.0274,0,0.0,0.5022,135764.54,135 765 RUB,Косметический
bathroom (19).jpg,bathroom,bathroom,0.683,0.2509,0.8228,0.0755,3,0.0008,0.1871,2.3186,0.6326,3,0.0236,1,5.3333,0.5113,158895.45,158 895 RUB,Косметический
bathroom (190).jpeg,bathroom,bathroom,0.5259,0.1018,0.169,0.0293,1,0.0004,0.1577,2.3186,0.8065,0,0.0051,0,0.0,0.6538,93939.77,93 940 RUB,Косметический
bathroom (190).jpg,bathroom,bathroom,0.709,0.1309,1.0,0.0762,6,0.0,0.1815,2.31,0.8153,6,0.0142,1,6.0423,0.4683,176023.28,176 023 RUB,Капитальный
bathroom (191).jpeg,bathroom,bathroom,0.4262,0.1782,0.4828,0.0907,8,0.0001,0.1847,2.3186,0.5818,0,0.0732,0,0.0,0.5075,136663.99,136 664 RUB,Косметический
bathroom (191).jpg,bathroom,closet,0.56,0.1781,0.1142,0.0296,1,0.0,0.1128,2.3333,0.6819,0,0.0065,0,0.0,0.6838,106010.4,106 010 RUB,Косметический
bathroom (192).jpeg,bathroom,bathroom,0.516,0.161,0.3004,0.0556,7,0.0001,0.198,2.3186,0.688,0,0.0121,1,5.3333,0.6052,125588.6,125 589 RUB,Косметический
bathroom (192).jpg,bathroom,shower,0.5145,0.1076,0.2192,0.0461,4,0.0001,0.1127,2.3186,0.7908,0,0.0032,0,0.0,0.6309,97841.14,97 841 RUB,Косметический
bathroom (193).jpeg,bathroom,wet_bar,0.6786,0.3311,0.2773,0.0282,5,0.0,0.1364,2.3186,0.512,1,0.019,0,0.0,0.6826,133244.31,133 244 RUB,Косметический
bathroom (193).jpg,bathroom,bathroom,0.427,0.1436,0.0716,0.0222,1,0.0,0.1513,2.3333,0.6637,1,0.0283,0,0.0,0.6449,110423.09,110 423 RUB,Косметический
bathroom (194).jpeg,bathroom,shower,0.4901,0.1376,0.1673,0.0348,2,0.0,0.1643,2.3186,0.7193,0,0.0468,0,0.0,0.6389,112810.92,112 811 RUB,Косметический
bathroom (194).jpg,bathroom,bathroom,0.6,0.1432,1.0,0.1084,3,0.0007,0.1577,2.32,0.7614,2,0.0182,0,0.0,0.4184,135370.79,135 371 RUB,Косметический
bathroom (195).jpeg,bathroom,bathroom,0.4919,0.1053,0.1089,0.0231,4,0.0068,0.17,2.3186,0.7859,1,0.0059,0,0.0,0.6601,110141.76,110 142 RUB,Косметический
bathroom (195).jpg,bathroom,bathroom,0.7577,0.1246,0.0746,0.0179,4,0.0,0.1413,2.3186,0.8355,2,0.0002,0,0.0,0.7771,99634.95,99 635 RUB,Косметический
bathroom (196).jpeg,bathroom,bathroom,0.5225,0.1598,0.0911,0.0246,3,0.0,0.1676,2.3186,0.6941,2,0.0057,0,0.0,0.6768,117258.57,117 259 RUB,Косметический
bathroom (197).jpeg,bathroom,jacuzzi/indoor,0.564,0.1932,0.2771,0.0197,2,0.0,0.1481,2.3186,0.6575,0,0.0091,0,0.0,0.6385,100298.72,100 299 RUB,Косметический
bathroom (197).jpg,bathroom,shower,0.5132,0.1799,0.6506,0.0675,2,0.0012,0.1768,2.3186,0.6495,2,0.0166,1,5.3333,0.4967,145855.13,145 855 RUB,Косметический
bathroom (198).jpeg,bathroom,bathroom,0.8282,0.2068,0.3149,0.0282,2,0.0,0.1486,2.3186,0.7503,1,0.0101,0,0.0,0.7311,109399.52,109 400 RUB,Косметический
bathroom (198).jpg,bathroom,bathroom,0.5303,0.1294,1.0,0.1103,15,0.0,0.1869,2.3,0.7559,0,0.0336,1,6.0606,0.3901,162112.72,162 113 RUB,Косметический
bathroom (199).jpeg,bathroom,bathroom,0.7052,0.1789,0.1942,0.0269,3,0.0,0.1502,2.3186,0.7464,1,0.0018,0,0.0,0.7184,103062.49,103 062 RUB,Косметический
bathroom (199).jpg,bathroom,bathroom,0.5891,0.1164,1.0,0.091,4,0.0002,0.1503,2.31,0.8024,1,0.0183,0,0.0,0.4175,118628.79,118 629 RUB,Косметический
bathroom (2).jpeg,bathroom,bathroom,0.6286,0.1894,0.4825,0.0544,2,0.0057,0.161,2.3186,0.6987,0,0.0137,0,0.0,0.5964,101920.6,101 921 RUB,Косметический
bathroom (2).jpg,bathroom,bathroom,0.4994,0.1094,0.121,0.026,4,0.0089,0.1311,2.3186,0.781,0,0.0219,0,0.0,0.6591,98880.83,98 881 RUB,Косметический
bathroom (20).jpeg,bathroom,archive,0.4086,0.1839,1.0,0.1137,5,0.0,0.1911,2.3333,0.5499,1,0.1314,0,0.0,0.3407,156086.69,156 087 RUB,Косметический
bathroom (20).jpg,bathroom,bathroom,0.4757,0.2176,0.1111,0.0253,1,0.0,0.1818,2.3186,0.5425,0,0.0286,0,0.0,0.6519,114551.17,114 551 RUB,Косметический
bathroom (200).jpeg,bathroom,shower,0.3691,0.2653,0.2152,0.0335,0,0.0,0.1686,2.3186,0.2813,1,0.0277,0,0.0,0.5764,127423.85,127 424 RUB,Косметический
bathroom (200).jpg,bathroom,wet_bar,0.4416,0.1417,1.0,0.1553,10,0.0,0.1851,2.33,0.6791,0,0.0605,2,12.0119,0.3456,190102.99,190 103 RUB,Капитальный
bathroom (201).jpeg,bathroom,jacuzzi/indoor,0.5673,0.2318,0.4718,0.0262,1,0.0,0.1523,2.3186,0.5913,0,0.0111,0,0.0,0.5801,110550.74,110 551 RUB,Косметический
bathroom (201).jpg,bathroom,shower,0.6651,0.1246,0.6476,0.0691,4,0.0,0.1829,2.33,0.8127,3,0.009,0,0.0,0.5579,133809.52,133 810 RUB,Косметический
bathroom (202).jpeg,bathroom,sauna,0.7459,0.2895,0.2158,0.036,1,0.0,0.1339,2.3186,0.6118,1,0.019,0,0.0,0.7264,111985.42,111 985 RUB,Косметический
bathroom (202).jpg,bathroom,bathroom,0.6448,0.2139,0.3006,0.0659,6,0.0,0.181,2.3333,0.6683,5,0.0057,0,0.0,0.6546,146400.61,146 401 RUB,Косметический
bathroom (203).jpeg,bathroom,alcove,0.4957,0.1634,0.1225,0.0346,3,0.0,0.1603,2.3186,0.6704,0,0.0167,0,0.0,0.6546,104122.82,104 123 RUB,Косметический
bathroom (203).jpg,bathroom,closet,0.6531,0.1489,0.7119,0.0684,3,0.0,0.1682,2.32,0.772,2,0.0103,0,0.0,0.534,121191.29,121 191 RUB,Косметический
bathroom (204).jpeg,bathroom,bathroom,0.5779,0.2154,0.3347,0.048,1,0.0,0.1921,2.3186,0.6273,1,0.0053,0,0.0,0.6211,117448.56,117 449 RUB,Косметический
bathroom (204).jpg,bathroom,bathroom,0.6084,0.1644,0.4768,0.052,7,0.0002,0.1716,2.33,0.7297,1,0.0282,0,0.0,0.5899,120811.22,120 811 RUB,Косметический
bathroom (205).jpeg,bathroom,bathroom,0.7878,0.239,0.4063,0.0406,3,0.0,0.1241,2.3186,0.6966,2,0.0103,0,0.0,0.6851,119194.72,119 195 RUB,Косметический
bathroom (205).jpg,bathroom,shower,0.6395,0.1969,0.108,0.0368,3,0.0,0.1717,2.3333,0.6922,1,0.0073,0,0.0,0.716,105712.63,105 713 RUB,Косметический
bathroom (206).jpeg,bathroom,bathroom,0.4739,0.148,0.5462,0.1145,8,0.0011,0.1848,2.3186,0.6878,2,0.0222,0,0.0,0.5029,137262.87,137 263 RUB,Косметический
bathroom (207).jpeg,bathroom,bathroom,0.5513,0.3225,0.2292,0.0312,1,0.0,0.1371,2.3186,0.4149,0,0.0194,0,0.0,0.6455,114721.55,114 722 RUB,Косметический
bathroom (207).jpg,bathroom,bathroom,0.381,0.1822,0.3391,0.0667,4,0.0,0.1716,2.3186,0.5217,1,0.0292,0,0.0,0.5373,137543.11,137 543 RUB,Косметический
bathroom (208).jpeg,bathroom,bathroom,0.7665,0.3148,0.2505,0.0224,1,0.0,0.1155,2.3186,0.5893,1,0.0133,0,0.0,0.727,118294.88,118 295 RUB,Косметический
bathroom (208).jpg,bathroom,bathroom,0.5449,0.1802,1.0,0.1489,4,0.0001,0.187,2.33,0.6693,1,0.0568,0,0.0,0.3882,136588.1,136 588 RUB,Косметический
bathroom (209).jpg,bathroom,bathroom,0.4921,0.1941,1.0,0.0667,6,0.0002,0.2103,2.3333,0.6057,1,0.0421,0,0.0,0.3835,142551.44,142 551 RUB,Косметический
bathroom (21).jpeg,bathroom,bathroom,0.5536,0.1009,0.6257,0.0636,8,0.0,0.1298,2.33,0.8177,1,0.0114,1,6.006,0.521,138376.96,138 377 RUB,Косметический
bathroom (21).jpg,bathroom,wet_bar,0.6874,0.1657,0.1562,0.0374,7,0.0007,0.1778,2.3186,0.759,1,0.0094,0,0.0,0.7207,110895.12,110 895 RUB,Косметический
bathroom (210).jpg,bathroom,shower,0.5372,0.1848,1.0,0.1106,2,0.0052,0.178,2.3186,0.6561,0,0.023,0,0.0,0.3933,116576.19,116 576 RUB,Косметический
bathroom (211).jpg,bathroom,utility_room,0.5083,0.2132,0.8531,0.0558,4,0.0,0.1811,2.3186,0.5804,1,0.0216,0,0.0,0.4362,131003.08,131 003 RUB,Косметический
bathroom (212).jpg,bathroom,bathroom,0.4402,0.2157,1.0,0.1084,3,0.0168,0.2094,2.3186,0.51,2,0.0417,0,0.0,0.3561,150749.9,150 750 RUB,Косметический
bathroom (213).jpg,bathroom,shower,0.3289,0.2615,0.3545,0.0357,3,0.0,0.1497,2.3333,0.205,1,0.0041,0,0.0,0.5181,137271.63,137 272 RUB,Косметический
bathroom (214).jpg,bathroom,closet,0.6789,0.1584,0.7231,0.0391,2,0.0,0.1716,2.3186,0.7667,1,0.0061,0,0.0,0.5468,110553.74,110 554 RUB,Косметический
bathroom (215).jpg,bathroom,bathroom,0.6624,0.1567,1.0,0.0868,8,0.0002,0.1877,2.33,0.7635,2,0.0133,0,0.0,0.4476,134013.74,134 014 RUB,Косметический
bathroom (216).jpg,bathroom,bathroom,0.6629,0.0845,0.1941,0.0493,4,0.0,0.1322,2.32,0.8726,1,0.0017,0,0.0,0.6971,103408.28,103 408 RUB,Косметический
bathroom (217).jpg,bathroom,utility_room,0.5719,0.1921,0.5023,0.0587,3,0.0019,0.1786,2.3186,0.6641,2,0.0058,0,0.0,0.5665,129950.12,129 950 RUB,Косметический
bathroom (218).jpg,bathroom,bathroom,0.6227,0.1754,0.506,0.0656,9,0.0,0.166,2.33,0.7184,1,0.0513,0,0.0,0.5841,128825.51,128 826 RUB,Косметический
bathroom (219).jpg,bathroom,shower,0.4464,0.1295,0.5668,0.0857,4,0.0005,0.1623,2.3186,0.7099,0,0.0113,0,0.0,0.4914,102095.03,102 095 RUB,Косметический
bathroom (22).jpeg,bathroom,shower,0.7974,0.1264,0.7831,0.0581,8,0.0017,0.1412,2.3069,0.8415,2,0.0103,3,17.964,0.5726,182956.39,182 956 RUB,Капитальный
bathroom (22).jpg,bathroom,bathroom,0.4836,0.1932,0.2863,0.0433,4,0.0004,0.1777,2.3186,0.6004,2,0.021,0,0.0,0.5989,133028.44,133 028 RUB,Косметический
bathroom (220).jpg,bathroom,bathroom,0.4584,0.1481,0.3179,0.0595,5,0.0,0.1501,2.3059,0.677,0,0.024,0,0.0,0.5761,108948.53,108 949 RUB,Косметический
bathroom (221).jpg,bathroom,bathroom,0.5909,0.1729,1.0,0.0774,4,0.0,0.1864,2.33,0.7074,2,0.0278,0,0.0,0.4209,135464.21,135 464 RUB,Косметический
bathroom (222).jpg,bathroom,bathroom,0.5455,0.314,0.8247,0.0565,4,0.0004,0.2114,2.3333,0.4244,3,0.0379,0,0.0,0.4595,165139.45,165 139 RUB,Косметический
bathroom (223).jpg,bathroom,bathroom,0.4491,0.2004,0.4251,0.0343,5,0.0,0.1892,2.3303,0.5537,0,0.0132,0,0.0,0.5453,117860.01,117 860 RUB,Косметический
bathroom (224).jpg,bathroom,corridor,0.4279,0.1522,0.1614,0.0446,1,0.0057,0.1667,2.3333,0.6443,0,0.0631,0,0.0,0.6144,119341.05,119 341 RUB,Косметический
bathroom (225).jpg,bathroom,bathroom,0.4967,0.1692,0.2852,0.0333,2,0.0,0.1616,2.3059,0.6593,0,0.0196,0,0.0,0.6065,103529.05,103 529 RUB,Косметический
bathroom (226).jpg,bathroom,bathroom,0.5972,0.2481,0.943,0.0653,3,0.004,0.1882,2.3333,0.5845,0,0.0375,0,0.0,0.4433,122987.16,122 987 RUB,Косметический
bathroom (227).jpg,bathroom,bathroom,0.5989,0.1629,0.3251,0.0538,2,0.0,0.1654,2.3186,0.728,1,0.0061,0,0.0,0.6313,107326.63,107 327 RUB,Косметический
bathroom (228).jpg,bathroom,bathroom,0.5491,0.1267,0.1071,0.0295,5,0.0,0.1337,2.3186,0.7692,0,0.0104,2,10.6666,0.6816,145075.31,145 075 RUB,Косметический
bathroom (229).jpg,bathroom,shower,0.6575,0.1437,0.3728,0.039,7,0.0,0.1482,2.3333,0.7814,2,0.0013,0,0.0,0.6434,110940.55,110 941 RUB,Косметический
bathroom (23).jpeg,bathroom,kitchen,0.451,0.2724,1.0,0.082,12,0.0006,0.1954,2.33,0.396,2,0.0387,4,24.0239,0.3641,214133.82,214 134 RUB,Капитальный
bathroom (23).jpg,bathroom,bathroom,0.7474,0.2159,0.2383,0.0322,1,0.0,0.1569,2.3186,0.7112,1,0.0019,0,0.0,0.7211,99280.5,99 280 RUB,Косметический
bathroom (230).jpg,bathroom,bathroom,0.5051,0.1739,0.5024,0.0406,4,0.0,0.1653,2.3333,0.6557,1,0.0156,0,0.0,0.5432,116681.11,116 681 RUB,Косметический
bathroom (231).jpg,bathroom,bathroom,0.4413,0.1809,0.2674,0.0369,4,0.0,0.159,2.3333,0.59,0,0.0193,0,0.0,0.5889,118904.26,118 904 RUB,Косметический
bathroom (232).jpg,bathroom,wet_bar,0.4504,0.2387,1.0,0.1063,6,0.0003,0.2071,2.33,0.4701,0,0.0989,0,0.0,0.3589,151625.47,151 625 RUB,Косметический
bathroom (233).jpg,bathroom,corridor,0.5089,0.1479,0.3422,0.0215,2,0.0,0.1739,2.33,0.7094,0,0.0303,0,0.0,0.5966,111470.9,111 471 RUB,Косметический
bathroom (234).jpg,bathroom,bathroom,0.5195,0.172,0.8792,0.0908,6,0.0,0.1994,2.31,0.669,1,0.0316,0,0.0,0.4259,132983.08,132 983 RUB,Косметический
bathroom (235).jpg,bathroom,shower,0.6228,0.1271,0.4217,0.0711,4,0.0,0.1664,2.33,0.7959,3,0.0082,0,0.0,0.6084,126247.82,126 248 RUB,Косметический
bathroom (236).jpg,bathroom,bathroom,0.555,0.1744,1.0,0.0744,5,0.0,0.1516,2.32,0.6859,0,0.0678,0,0.0,0.4071,135331.12,135 331 RUB,Косметический
bathroom (237).jpg,bathroom,shower,0.58,0.128,1.0,0.0585,3,0.0,0.1569,2.31,0.7793,1,0.0159,0,0.0,0.4203,118807.17,118 807 RUB,Косметический
bathroom (238).jpg,bathroom,utility_room,0.4574,0.188,1.0,0.0977,6,0.0001,0.1896,2.3097,0.589,1,0.046,0,0.0,0.3634,145138.02,145 138 RUB,Косметический
bathroom (239).jpg,bathroom,shower,0.7104,0.1262,1.0,0.0761,0,0.0,0.1472,2.33,0.8224,2,0.0111,0,0.0,0.4689,115881.46,115 881 RUB,Косметический
bathroom (24).jpeg,bathroom,shower,0.4797,0.1506,0.6863,0.0867,1,0.0007,0.1679,2.3333,0.6861,0,0.0482,0,0.0,0.4687,119528.14,119 528 RUB,Косметический
bathroom (24).jpg,bathroom,bathroom,0.6289,0.1944,0.7269,0.0858,7,0.0001,0.1714,2.3186,0.6909,1,0.0332,2,10.6666,0.5163,173908.87,173 909 RUB,Капитальный
bathroom (240).jpg,bathroom,bathroom,0.6605,0.0978,0.0574,0.0224,3,0.0,0.111,2.3186,0.8519,2,0.0,0,0.0,0.7425,105691.75,105 692 RUB,Косметический
bathroom (241).jpg,bathroom,bathroom,0.6312,0.1949,0.812,0.0619,2,0.0001,0.1971,2.3,0.6912,3,0.0196,0,0.0,0.4965,138625.79,138 626 RUB,Косметический
bathroom (242).jpg,bathroom,bathroom,0.6353,0.1464,1.0,0.0732,4,0.0,0.1983,2.33,0.7695,3,0.0287,0,0.0,0.4395,146262.12,146 262 RUB,Косметический
bathroom (243).jpg,bathroom,bathroom,0.5707,0.1569,1.0,0.0857,2,0.0234,0.1947,2.33,0.725,4,0.0322,0,0.0,0.4135,149235.97,149 236 RUB,Косметический
bathroom (244).jpg,bathroom,bathroom,0.4215,0.2086,1.0,0.0524,6,0.0,0.1508,2.3333,0.5051,2,0.0767,0,0.0,0.3581,159102.57,159 103 RUB,Косметический
bathroom (245).jpg,bathroom,utility_room,0.453,0.1655,1.0,0.0627,2,0.0,0.1862,2.33,0.6346,1,0.0252,0,0.0,0.3687,131578.77,131 579 RUB,Косметический
bathroom (246).jpg,bathroom,sauna,0.3777,0.1306,0.753,0.0698,2,0.0019,0.1746,2.33,0.6543,0,0.0341,0,0.0,0.4114,117654.04,117 654 RUB,Косметический
bathroom (247).jpg,bathroom,bathroom,0.4642,0.1816,0.1573,0.0435,2,0.0,0.1603,2.3186,0.6087,1,0.0258,0,0.0,0.6298,118458.82,118 459 RUB,Косметический
bathroom (248).jpg,bathroom,bathroom,0.6904,0.2383,0.4172,0.0433,1,0.0,0.1566,2.32,0.6549,2,0.0128,0,0.0,0.6423,119831.0,119 831 RUB,Косметический
bathroom (249).jpg,bathroom,bathroom,0.3438,0.2169,0.715,0.0744,7,0.0013,0.1816,2.3333,0.3691,0,0.0282,2,10.7238,0.4083,183253.38,183 253 RUB,Капитальный
bathroom (25).jpeg,bathroom,bathroom,0.3978,0.2056,0.9025,0.0793,3,0.0,0.1919,2.3333,0.483,1,0.0498,0,0.0,0.3725,144814.89,144 815 RUB,Косметический
bathroom (25).jpg,bathroom,bathroom,0.6342,0.2167,0.4388,0.0547,4,0.0,0.1902,2.3186,0.6583,1,0.0127,0,0.0,0.6111,115665.98,115 666 RUB,Косметический
bathroom (250).jpg,bathroom,bathroom,0.7253,0.1561,0.6877,0.0522,2,0.0,0.1513,2.3333,0.7848,1,0.0111,0,0.0,0.5734,109087.11,109 087 RUB,Косметический
bathroom (251).jpg,bathroom,wet_bar,0.538,0.2329,0.1909,0.0549,6,0.0005,0.2205,2.3186,0.5671,0,0.0235,1,5.3333,0.647,146409.79,146 410 RUB,Косметический
bathroom (252).jpg,bathroom,bathroom,0.5773,0.2313,1.0,0.0721,3,0.0004,0.1929,2.33,0.5993,2,0.0194,0,0.0,0.4165,139883.87,139 884 RUB,Косметический
bathroom (253).jpg,bathroom,bathroom,0.4061,0.1938,0.1794,0.0336,3,0.0133,0.2078,2.3333,0.5228,1,0.0049,0,0.0,0.6032,123271.72,123 272 RUB,Косметический
bathroom (254).jpg,bathroom,bathroom,0.5682,0.1426,1.0,0.1103,5,0.002,0.1996,2.33,0.749,1,0.0179,0,0.0,0.4054,130311.68,130 312 RUB,Косметический
bathroom (255).jpg,bathroom,bathroom,0.6079,0.2172,0.3885,0.0628,8,0.0,0.1997,2.3333,0.6427,2,0.031,0,0.0,0.6141,131097.04,131 097 RUB,Косметический
bathroom (256).jpg,bathroom,bathroom,0.3429,0.2339,0.5536,0.0529,10,0.0013,0.1826,2.3333,0.3179,2,0.0575,4,21.3332,0.4606,205819.85,205 820 RUB,Капитальный
bathroom (257).jpg,bathroom,bathroom,0.5877,0.1584,0.732,0.0805,5,0.0,0.2026,2.33,0.7305,1,0.0133,0,0.0,0.4994,117121.29,117 121 RUB,Косметический
bathroom (258).jpg,bathroom,bathroom,0.714,0.1412,1.0,0.0964,3,0.0171,0.1807,2.33,0.8023,4,0.0305,2,12.0119,0.468,186844.32,186 844 RUB,Капитальный
bathroom (259).jpg,bathroom,bathroom,0.5235,0.2418,0.2259,0.0456,4,0.0,0.1718,2.3186,0.5381,2,0.0302,0,0.0,0.6325,136538.06,136 538 RUB,Косметический
bathroom (26).jpeg,bathroom,bathroom,0.4905,0.2095,0.3717,0.0406,3,0.0,0.2083,2.3186,0.5728,2,0.0133,0,0.0,0.5766,133305.57,133 306 RUB,Косметический
bathroom (26).jpg,bathroom,bathroom,0.7336,0.2222,0.1907,0.0386,2,0.0,0.1492,2.3186,0.6971,1,0.0043,0,0.0,0.7285,107094.57,107 095 RUB,Косметический
bathroom (260).jpg,bathroom,bathroom,0.375,0.2386,0.3321,0.0468,2,0.0028,0.1617,2.3186,0.3636,0,0.0107,0,0.0,0.5413,118455.37,118 455 RUB,Косметический
bathroom (261).jpg,bathroom,bathroom,0.4119,0.2365,0.7245,0.0559,3,0.0029,0.1813,2.3333,0.4259,1,0.0312,0,0.0,0.4365,138667.54,138 668 RUB,Косметический
bathroom (262).jpg,bathroom,bathroom,0.451,0.2339,1.0,0.1297,3,0.0004,0.2048,2.3059,0.4814,1,0.0981,0,0.0,0.3545,153087.9,153 088 RUB,Косметический
bathroom (263).jpg,bathroom,shower,0.5239,0.0696,0.0508,0.0141,4,0.0,0.0842,2.3186,0.8671,0,0.0037,0,0.0,0.6915,97448.7,97 449 RUB,Косметический
bathroom (264).jpg,bathroom,shower,0.4721,0.1863,1.0,0.0776,1,0.0057,0.1759,2.3333,0.6053,0,0.0984,0,0.0,0.3739,134819.58,134 820 RUB,Косметический
bathroom (265).jpg,bathroom,bathroom,0.437,0.1751,0.5079,0.0531,4,0.0,0.1864,2.3168,0.5992,2,0.0154,0,0.0,0.5118,136386.83,136 387 RUB,Косметический
bathroom (266).jpg,bathroom,bathroom,0.4054,0.2586,0.6947,0.0621,18,0.0002,0.1936,2.3333,0.3622,2,0.0412,0,0.0,0.4414,166132.28,166 132 RUB,Косметический
bathroom (267).jpg,bathroom,shower,0.6124,0.1324,0.8917,0.0609,1,0.0008,0.1579,2.31,0.7838,1,0.0169,0,0.0,0.4654,108963.28,108 963 RUB,Косметический
bathroom (268).jpg,bathroom,wet_bar,0.4525,0.1689,1.0,0.0768,5,0.0,0.1708,2.33,0.6268,1,0.0379,0,0.0,0.3656,136947.51,136 948 RUB,Косметический
bathroom (269).jpg,bathroom,bathroom,0.4917,0.224,0.305,0.056,3,0.0,0.2083,2.3299,0.5443,1,0.0457,0,0.0,0.594,131886.74,131 887 RUB,Косметический
bathroom (27).jpeg,bathroom,jacuzzi/indoor,0.6168,0.1168,0.1498,0.0186,2,0.0,0.1371,2.33,0.8106,0,0.0005,0,0.0,0.6981,89682.58,89 683 RUB,Без ремонта
bathroom (27).jpg,bathroom,bathroom,0.6274,0.2173,0.5261,0.0772,14,0.0,0.1881,2.3186,0.6537,1,0.0125,0,0.0,0.5777,127801.52,127 802 RUB,Косметический
bathroom (270).jpg,bathroom,bathroom,0.3744,0.211,0.1132,0.0361,2,0.0,0.2105,2.3333,0.4365,1,0.0159,0,0.0,0.6086,131008.88,131 009 RUB,Косметический
bathroom (271).jpg,bathroom,shower,0.4625,0.1626,0.5653,0.0617,3,0.0,0.1776,2.33,0.6485,1,0.019,0,0.0,0.5031,123292.46,123 292 RUB,Косметический
bathroom (272).jpg,bathroom,bathroom,0.5439,0.165,1.0,0.1409,9,0.0,0.1792,2.33,0.6967,2,0.0814,1,6.006,0.3894,188146.8,188 147 RUB,Капитальный
bathroom (273).jpg,bathroom,utility_room,0.6607,0.159,1.0,0.0893,0,0.0178,0.1826,2.33,0.7593,4,0.0135,0,0.0,0.4482,132104.31,132 104 RUB,Косметический
bathroom (274).jpg,bathroom,shower,0.5497,0.1351,0.1151,0.0318,3,0.0,0.1694,2.3333,0.7543,1,0.0047,0,0.0,0.679,111832.96,111 833 RUB,Косметический
bathroom (275).jpg,bathroom,bathroom,0.4693,0.2213,1.0,0.0966,5,0.0,0.1791,2.33,0.5284,1,0.0641,0,0.0,0.3684,149616.83,149 617 RUB,Косметический
bathroom (276).jpg,bathroom,sauna,0.4999,0.1598,0.8507,0.074,16,0.0,0.1567,2.3186,0.6803,0,0.0238,2,10.6666,0.4299,173432.92,173 433 RUB,Капитальный
bathroom (277).jpg,bathroom,bathroom,0.5512,0.2526,0.4905,0.0379,3,0.0001,0.1706,2.3186,0.5417,2,0.0222,0,0.0,0.5657,138176.6,138 177 RUB,Косметический
bathroom (278).jpg,bathroom,shower,0.7105,0.1563,1.0,0.079,3,0.0,0.1489,2.3333,0.78,2,0.0358,0,0.0,0.4684,124762.68,124 763 RUB,Косметический
bathroom (279).jpg,bathroom,bathroom,0.6863,0.1129,0.3647,0.0364,5,0.0,0.1724,2.31,0.8355,2,0.0029,0,0.0,0.6578,104686.56,104 687 RUB,Косметический
bathroom (28).jpeg,bathroom,bathroom,0.631,0.1309,0.543,0.0574,1,0.0,0.1589,2.33,0.7925,1,0.0079,0,0.0,0.578,106617.3,106 617 RUB,Косметический
bathroom (28).jpg,bathroom,wet_bar,0.6436,0.18,0.3066,0.0357,1,0.0,0.1579,2.3186,0.7203,2,0.0022,0,0.0,0.6583,108112.45,108 112 RUB,Косметический
bathroom (280).jpg,bathroom,shower,0.6659,0.2332,1.0,0.1109,4,0.0,0.1768,2.3265,0.6498,2,0.1107,1,6.1349,0.4442,170394.33,170 394 RUB,Капитальный
bathroom (281).jpg,bathroom,bathroom,0.5639,0.1463,0.2641,0.034,3,0.0,0.1771,2.33,0.7405,0,0.0174,0,0.0,0.6395,106020.2,106 020 RUB,Косметический
bathroom (282).jpg,bathroom,bathroom,0.5811,0.2423,1.0,0.0838,5,0.0,0.2026,2.3232,0.583,2,0.0319,0,0.0,0.4157,145086.59,145 087 RUB,Косметический
bathroom (283).jpg,bathroom,bathroom,0.7341,0.2295,1.0,0.0744,7,0.0099,0.1986,2.31,0.6873,2,0.0408,0,0.0,0.4797,135117.22,135 117 RUB,Косметический
bathroom (284).jpg,bathroom,alcove,0.4394,0.2361,0.4309,0.0632,4,0.0007,0.1891,2.3186,0.4627,0,0.0322,1,5.3333,0.5339,144452.16,144 452 RUB,Косметический
bathroom (285).jpg,bathroom,bathroom,0.5263,0.1227,0.2426,0.0432,2,0.0,0.1646,2.3333,0.7669,1,0.0101,0,0.0,0.6291,108254.41,108 254 RUB,Косметический
bathroom (286).jpg,bathroom,bathroom,0.6151,0.1707,0.5266,0.0454,3,0.0,0.1636,2.33,0.7225,1,0.0119,0,0.0,0.579,113456.49,113 456 RUB,Косметический
bathroom (287).jpg,bathroom,shower,0.5489,0.1468,1.0,0.0904,2,0.0,0.1613,2.33,0.7326,0,0.0832,1,6.006,0.4015,142214.25,142 214 RUB,Косметический
bathroom (288).jpg,bathroom,bathroom,0.5571,0.1526,1.0,0.172,5,0.0026,0.19,2.32,0.726,2,0.0323,3,18.0722,0.3887,190520.45,190 520 RUB,Капитальный
bathroom (289).jpg,bathroom,dining_room,0.6144,0.2106,0.8148,0.063,6,0.0,0.1922,2.33,0.6572,4,0.0387,2,12.0119,0.4887,197490.68,197 491 RUB,Капитальный
bathroom (29).jpeg,bathroom,bathroom,0.606,0.1561,0.4557,0.0657,5,0.0001,0.1707,2.33,0.7424,1,0.016,0,0.0,0.5926,114834.2,114 834 RUB,Косметический
bathroom (29).jpg,bathroom,bathroom,0.6438,0.1697,0.2762,0.0437,2,0.0,0.179,2.3186,0.7364,2,0.0048,0,0.0,0.6659,115333.06,115 333 RUB,Косметический
bathroom (290).jpg,bathroom,bathroom,0.4837,0.2103,0.6766,0.0505,3,0.0157,0.2047,2.3186,0.5652,2,0.0126,0,0.0,0.482,135922.7,135 923 RUB,Косметический
bathroom (291).jpg,bathroom,utility_room,0.6437,0.1596,0.9628,0.0883,6,0.0013,0.2065,2.33,0.752,3,0.0202,0,0.0,0.4511,147014.88,147 015 RUB,Косметический
bathroom (292).jpg,bathroom,shower,0.708,0.1423,0.5363,0.084,1,0.0,0.1743,2.3333,0.799,1,0.0049,0,0.0,0.6055,106100.17,106 100 RUB,Косметический
bathroom (293).jpg,bathroom,bathroom,0.6332,0.173,1.0,0.0596,3,0.0005,0.1947,2.3333,0.7268,3,0.0443,0,0.0,0.4414,145763.24,145 763 RUB,Косметический
bathroom (294).jpg,bathroom,bathroom,0.6489,0.1848,1.0,0.0599,4,0.0,0.176,2.33,0.7152,4,0.034,1,6.006,0.4476,172707.34,172 707 RUB,Капитальный
bathroom (295).jpg,bathroom,bathroom,0.6188,0.2826,1.0,0.064,5,0.0,0.1895,2.3186,0.5433,2,0.0388,0,0.0,0.4347,148410.54,148 411 RUB,Косметический
bathroom (296).jpg,bathroom,wet_bar,0.4883,0.2375,0.7139,0.0986,9,0.0232,0.2124,2.33,0.5136,4,0.0589,2,12.0119,0.4638,216547.04,216 547 RUB,Капитальный
bathroom (297).jpg,bathroom,closet,0.4675,0.2029,0.363,0.056,2,0.001,0.1949,2.3333,0.566,0,0.0241,0,0.0,0.567,111286.79,111 287 RUB,Косметический
bathroom (298).jpg,bathroom,utility_room,0.5382,0.2063,1.0,0.0819,8,0.0,0.1834,2.32,0.6167,2,0.0198,0,0.0,0.3989,140840.6,140 841 RUB,Косметический
bathroom (299).jpg,bathroom,bathroom,0.4991,0.1259,1.0,0.0774,5,0.0,0.1558,2.32,0.7477,1,0.0144,0,0.0,0.3842,124317.69,124 318 RUB,Косметический
bathroom (3).jpeg,bathroom,bathroom,0.4577,0.2384,0.2179,0.0476,3,0.0,0.175,2.3186,0.4793,0,0.0474,0,0.0,0.6082,125888.18,125 888 RUB,Косметический
bathroom (3).jpg,bathroom,closet,0.7642,0.2101,0.0951,0.0104,0,0.0,0.0791,2.3186,0.7251,0,0.0005,0,0.0,0.7751,91552.85,91 553 RUB,Косметический
bathroom (30).jpeg,bathroom,jacuzzi/indoor,0.5178,0.1662,0.4757,0.0506,0,0.0006,0.1501,2.3186,0.679,0,0.0045,0,0.0,0.5543,101466.64,101 467 RUB,Косметический
bathroom (30).jpg,bathroom,bathroom,0.7605,0.3007,0.1773,0.0297,3,0.0008,0.1265,2.3186,0.6046,1,0.0033,0,0.0,0.7452,113810.24,113 810 RUB,Косметический
bathroom (300).jpg,bathroom,bathroom,0.5062,0.1693,1.0,0.1178,5,0.0,0.1807,2.33,0.6656,0,0.055,0,0.0,0.3789,138257.9,138 258 RUB,Косметический
bathroom (301).jpg,bathroom,wet_bar,0.4652,0.1381,0.3626,0.0608,1,0.0,0.1764,2.3186,0.7031,2,0.0172,0,0.0,0.5651,119673.19,119 673 RUB,Косметический
bathroom (302).jpg,bathroom,bathroom,0.4624,0.2318,0.7322,0.0624,4,0.0,0.1716,2.3186,0.4986,2,0.0296,0,0.0,0.4528,146168.22,146 168 RUB,Косметический
bathroom (303).jpg,bathroom,bathroom,0.2788,0.176,0.2389,0.037,2,0.0004,0.1376,2.3333,0.3686,0,0.0076,0,0.0,0.5325,117755.02,117 755 RUB,Косметический
bathroom (304).jpg,bathroom,shower,0.6656,0.1856,1.0,0.1269,3,0.0,0.181,2.33,0.7212,5,0.0195,0,0.0,0.4409,152185.24,152 185 RUB,Косметический
bathroom (305).jpg,bathroom,bathroom,0.4099,0.2017,0.6874,0.0933,6,0.0,0.1981,2.3333,0.5079,1,0.0232,0,0.0,0.4391,144289.21,144 289 RUB,Косметический
bathroom (306).jpg,bathroom,bathroom,0.5779,0.1827,0.8205,0.0725,6,0.0025,0.1923,2.33,0.6839,4,0.0041,0,0.0,0.4708,147514.49,147 514 RUB,Косметический
bathroom (307).jpg,bathroom,bathroom,0.6049,0.1894,0.289,0.0533,0,0.0,0.22,2.3333,0.687,4,0.0075,0,0.0,0.6446,126552.32,126 552 RUB,Косметический
bathroom (308).jpg,bathroom,shower,0.5093,0.206,0.9794,0.0594,2,0.0002,0.2007,2.33,0.5956,2,0.0262,0,0.0,0.398,135098.29,135 098 RUB,Косметический
bathroom (309).jpg,bathroom,bathroom,0.4903,0.1577,0.6932,0.0747,1,0.0031,0.192,2.3186,0.6783,1,0.0222,0,0.0,0.4735,118394.47,118 394 RUB,Косметический
bathroom (31).jpeg,bathroom,shower,0.5989,0.122,0.1632,0.0378,4,0.0,0.1319,2.3186,0.7964,1,0.0023,0,0.0,0.683,106853.44,106 853 RUB,Косметический
bathroom (31).jpg,bathroom,bathroom,0.6693,0.3322,0.1797,0.0239,4,0.0,0.1403,2.3186,0.5036,2,0.003,0,0.0,0.709,123679.95,123 680 RUB,Косметический
bathroom (310).jpg,bathroom,bathroom,0.6623,0.1861,0.9285,0.0668,4,0.0,0.1672,2.33,0.719,1,0.0168,0,0.0,0.473,121874.44,121 874 RUB,Косметический
bathroom (311).jpg,bathroom,utility_room,0.475,0.1672,0.5578,0.0616,4,0.001,0.1432,2.3196,0.6479,1,0.0141,4,24.8446,0.5104,174710.42,174 710 RUB,Капитальный
bathroom (312).jpg,bathroom,utility_room,0.4239,0.2258,0.5897,0.0577,3,0.0,0.1771,2.3333,0.4674,1,0.0461,0,0.0,0.4811,135157.2,135 157 RUB,Косметический
bathroom (313).jpg,bathroom,bathroom,0.3814,0.2443,0.3861,0.046,3,0.0,0.1839,2.3186,0.3595,1,0.0206,0,0.0,0.5276,141948.85,141 949 RUB,Косметический
bathroom (314).jpg,bathroom,bathroom,0.5728,0.0966,0.3915,0.0408,7,0.0,0.1405,2.32,0.8314,0,0.0124,0,0.0,0.6035,96317.91,96 318 RUB,Косметический
bathroom (315).jpg,bathroom,shower,0.4418,0.1744,0.2962,0.0451,1,0.0,0.1726,2.3333,0.6053,0,0.0112,0,0.0,0.5788,108902.95,108 903 RUB,Косметический
bathroom (316).jpg,bathroom,shower,0.6547,0.1198,0.2459,0.0439,2,0.0,0.1588,2.3333,0.817,1,0.003,0,0.0,0.6793,104685.98,104 686 RUB,Косметический
bathroom (317).jpg,bathroom,bathroom,0.6019,0.2052,0.4469,0.0749,5,0.0,0.2055,2.32,0.659,2,0.0214,0,0.0,0.5917,128862.08,128 862 RUB,Косметический
bathroom (318).jpg,bathroom,bow_window/indoor,0.4264,0.2037,0.6664,0.0781,0,0.0,0.1702,2.3186,0.5224,1,0.0105,0,0.0,0.455,121426.1,121 426 RUB,Косметический
bathroom (319).jpg,bathroom,bathroom,0.5292,0.2191,0.4994,0.06,2,0.0,0.1858,2.3186,0.586,2,0.0328,0,0.0,0.5498,134904.22,134 904 RUB,Косметический
bathroom (32).jpeg,bathroom,bathroom,0.5317,0.1707,0.3635,0.0419,5,0.0,0.1628,2.3186,0.679,0,0.0064,0,0.0,0.5952,106812.6,106 813 RUB,Косметический
bathroom (32).jpg,bathroom,bathroom,0.7386,0.1896,0.3644,0.0436,2,0.0,0.1872,2.3186,0.7433,3,0.0073,0,0.0,0.6774,120371.79,120 372 RUB,Косметический
bathroom (320).jpg,bathroom,bathroom,0.3484,0.2136,0.7498,0.0612,2,0.0008,0.1641,2.3186,0.3867,1,0.0505,0,0.0,0.4023,145950.02,145 950 RUB,Косметический
bathroom (321).jpg,bathroom,bathroom,0.7168,0.3105,0.4155,0.0302,4,0.0,0.1466,2.3186,0.5669,1,0.0153,0,0.0,0.6561,124026.65,124 027 RUB,Косметический
bathroom (322).jpg,bathroom,bow_window/indoor,0.5178,0.1591,1.0,0.0873,1,0.0001,0.193,2.33,0.6927,0,0.0462,1,6.006,0.3897,134209.91,134 210 RUB,Косметический
bathroom (323).jpg,bathroom,utility_room,0.4699,0.164,0.7676,0.0706,4,0.0,0.1507,2.3186,0.6511,1,0.0221,0,0.0,0.4436,122845.17,122 845 RUB,Косметический
bathroom (324).jpg,bathroom,bathroom,0.4721,0.1386,1.0,0.0658,4,0.0033,0.1685,2.3168,0.7064,0,0.0423,0,0.0,0.376,124217.42,124 217 RUB,Косметический
bathroom (325).jpg,bathroom,shower,0.601,0.1235,1.0,0.0726,2,0.0,0.1822,2.33,0.7945,2,0.0065,0,0.0,0.4259,124000.09,124 000 RUB,Косметический
bathroom (326).jpg,bathroom,bathroom,0.7793,0.1532,0.8525,0.0801,1,0.0055,0.1835,2.3186,0.8035,1,0.0185,0,0.0,0.5405,111978.31,111 978 RUB,Косметический
bathroom (327).jpg,bathroom,bathroom,0.5981,0.1176,0.9286,0.0691,6,0.0001,0.1781,2.33,0.8034,0,0.0155,0,0.0,0.4468,108063.55,108 064 RUB,Косметический
bathroom (328).jpg,bathroom,bathroom,0.408,0.2181,0.3332,0.0438,3,0.0001,0.1706,2.3186,0.4654,0,0.0165,0,0.0,0.5545,121109.4,121 109 RUB,Косметический
bathroom (329).jpg,bathroom,bathroom,0.6269,0.1964,1.0,0.0841,5,0.0,0.1709,2.33,0.6867,3,0.0552,0,0.0,0.434,154433.61,154 434 RUB,Косметический
bathroom (33).jpeg,bathroom,shower,0.7048,0.1168,0.9268,0.0679,2,0.0,0.151,2.31,0.8343,2,0.0136,0,0.0,0.4903,123713.35,123 713 RUB,Косметический
bathroom (33).jpg,bathroom,bathroom,0.5844,0.2301,0.7419,0.0898,9,0.0016,0.1942,2.3186,0.6062,0,0.012,1,5.3333,0.4934,132583.52,132 584 RUB,Косметический
bathroom (330).jpg,bathroom,bathroom,0.4584,0.1305,1.0,0.1891,11,0.0001,0.1697,2.33,0.7152,0,0.053,0,0.0,0.3455,137168.82,137 169 RUB,Косметический
bathroom (331).jpg,bathroom,bathroom,0.4953,0.1618,1.0,0.1097,5,0.0,0.1903,2.33,0.6733,2,0.0356,0,0.0,0.3762,147247.7,147 248 RUB,Косметический
bathroom (332).jpg,bathroom,bathroom,0.533,0.1693,1.0,0.0818,3,0.0,0.1827,2.3186,0.6824,1,0.0218,0,0.0,0.3968,126152.84,126 153 RUB,Косметический
bathroom (333).jpg,bathroom,bathroom,0.6836,0.1286,0.5751,0.0528,2,0.0001,0.1804,2.3186,0.812,5,0.0063,0,0.0,0.5904,132684.29,132 684 RUB,Косметический
bathroom (334).jpg,bathroom,alcove,0.4945,0.2981,0.5062,0.058,6,0.0021,0.1949,2.3333,0.3972,3,0.0629,0,0.0,0.5345,163154.45,163 154 RUB,Косметический
bathroom (335).jpg,bathroom,bathroom,0.6963,0.1254,0.4081,0.0533,1,0.0036,0.1562,2.3186,0.8199,2,0.005,0,0.0,0.6458,105942.09,105 942 RUB,Косметический
bathroom (336).jpg,bathroom,bathroom,0.5239,0.1476,0.5596,0.0593,6,0.0182,0.1811,2.3186,0.7183,1,0.0292,0,0.0,0.5316,121531.95,121 532 RUB,Косметический
bathroom (337).jpg,bathroom,bathroom,0.4555,0.1853,0.4706,0.0711,5,0.0015,0.1836,2.3186,0.5932,1,0.0189,1,5.3333,0.5269,147666.71,147 667 RUB,Косметический
bathroom (338).jpg,bathroom,bathroom,0.4444,0.1036,0.2412,0.0294,4,0.0,0.134,2.3186,0.7669,0,0.0074,0,0.0,0.5995,97916.98,97 917 RUB,Косметический
bathroom (339).jpg,bathroom,bathroom,0.4463,0.2412,1.0,0.093,5,0.0,0.2063,2.33,0.4597,3,0.0538,0,0.0,0.3599,169073.48,169 073 RUB,Косметический
bathroom (34).jpeg,bathroom,bathroom,0.5104,0.1701,0.5626,0.0455,4,0.0014,0.1705,2.3333,0.6668,0,0.0512,1,5.3333,0.5264,134673.44,134 673 RUB,Косметический
bathroom (34).jpg,bathroom,bathroom,0.6572,0.2428,0.4395,0.0484,1,0.0,0.1752,2.3186,0.6306,2,0.0092,0,0.0,0.6213,124851.07,124 851 RUB,Косметический
bathroom (340).jpg,bathroom,shower,0.5137,0.1164,1.0,0.0737,4,0.0,0.1663,2.33,0.7734,1,0.0259,0,0.0,0.3907,126696.84,126 697 RUB,Косметический
bathroom (341).jpg,bathroom,elevator/door,0.7144,0.2434,0.4399,0.0337,0,0.0014,0.1807,2.3333,0.6593,2,0.0139,0,0.0,0.6472,120031.43,120 031 RUB,Косметический
bathroom (342).jpg,bathroom,bathroom,0.5248,0.15,0.6822,0.0598,8,0.0,0.1682,2.3186,0.7142,1,0.0178,0,0.0,0.4933,121915.34,121 915 RUB,Косметический
bathroom (343).jpg,bathroom,bathroom,0.7569,0.1467,1.0,0.0775,1,0.0007,0.1503,2.33,0.8062,1,0.01,0,0.0,0.4873,110182.27,110 182 RUB,Косметический
bathroom (344).jpg,bathroom,wet_bar,0.3949,0.1669,0.1834,0.0378,4,0.0,0.1595,2.3186,0.5773,1,0.0494,0,0.0,0.5954,134506.68,134 507 RUB,Косметический
bathroom (345).jpg,bathroom,sauna,0.5264,0.2854,0.188,0.0569,5,0.0,0.1991,2.3059,0.4578,1,0.0122,0,0.0,0.6428,131289.4,131 289 RUB,Косметический
bathroom (346).jpg,bathroom,shower,0.6053,0.1771,0.6768,0.0498,1,0.0,0.1789,2.3333,0.7074,0,0.0242,0,0.0,0.5291,108363.73,108 364 RUB,Косметический
bathroom (347).jpg,bathroom,bathroom,0.7004,0.2236,0.1997,0.0362,3,0.0,0.1719,2.3333,0.6807,1,0.0092,0,0.0,0.713,106173.26,106 173 RUB,Косметический
bathroom (348).jpg,bathroom,bathroom,0.4935,0.1248,0.1075,0.0213,2,0.0,0.1622,2.3333,0.747,0,0.0119,0,0.0,0.6609,96919.67,96 920 RUB,Косметический
bathroom (349).jpg,bathroom,sauna,0.2879,0.2173,0.6374,0.1054,8,0.0,0.1732,2.3333,0.2452,2,0.0327,2,14.1342,0.4029,213046.46,213 046 RUB,Капитальный
bathroom (35).jpeg,bathroom,utility_room,0.5464,0.2044,0.447,0.0397,7,0.0004,0.163,2.3186,0.6259,4,0.0056,0,0.0,0.5766,146167.54,146 168 RUB,Косметический
bathroom (35).jpg,bathroom,bathroom,0.6084,0.2273,0.6914,0.0762,2,0.0001,0.1689,2.3186,0.6264,1,0.0122,0,0.0,0.5207,118999.02,118 999 RUB,Косметический
bathroom (350).jpg,bathroom,shower,0.3079,0.2866,1.0,0.1182,3,0.024,0.1525,2.33,0.0691,2,0.0463,0,0.0,0.3019,164742.16,164 742 RUB,Косметический
bathroom (351).jpg,bathroom,bathroom,0.6402,0.1388,1.0,0.0836,8,0.0,0.1684,2.33,0.7832,1,0.0257,0,0.0,0.4393,125471.08,125 471 RUB,Косметический
bathroom (352).jpg,bathroom,bathroom,0.5994,0.2535,0.6782,0.0759,5,0.0008,0.1739,2.33,0.5771,4,0.0239,0,0.0,0.5212,160596.2,160 596 RUB,Косметический
bathroom (353).jpg,bathroom,wet_bar,0.3981,0.1898,0.8933,0.0712,6,0.0014,0.1941,2.32,0.5233,0,0.0964,2,12.0481,0.3772,181358.87,181 359 RUB,Капитальный
bathroom (354).jpg,bathroom,bathroom,0.3963,0.1838,0.5554,0.0447,4,0.0003,0.1644,2.3186,0.5363,0,0.0332,0,0.0,0.483,128065.86,128 066 RUB,Косметический
bathroom (355).jpg,bathroom,bathroom,0.8005,0.1186,0.2305,0.0502,3,0.0,0.1486,2.33,0.8518,5,0.0007,0,0.0,0.741,120897.43,120 897 RUB,Косметический
bathroom (356).jpg,bathroom,bathroom,0.6044,0.1547,1.0,0.0449,2,0.0,0.156,2.33,0.7441,2,0.0272,0,0.0,0.4328,126714.79,126 715 RUB,Косметический
bathroom (357).jpg,bathroom,bathroom,0.4298,0.1758,0.4135,0.0467,4,0.0,0.1961,2.33,0.5908,2,0.0168,0,0.0,0.5385,138861.43,138 861 RUB,Косметический
bathroom (358).jpg,bathroom,utility_room,0.5029,0.1717,1.0,0.1041,9,0.0,0.1793,2.33,0.6586,1,0.0177,0,0.0,0.3803,140310.13,140 310 RUB,Косметический
bathroom (359).jpg,bathroom,bathroom,0.5543,0.2212,1.0,0.0986,9,0.0218,0.227,2.3186,0.6009,2,0.0219,0,0.0,0.4042,146913.38,146 913 RUB,Косметический
bathroom (36).jpeg,bathroom,bathroom,0.5077,0.2397,0.4853,0.0335,3,0.0,0.1832,2.3186,0.5279,1,0.0266,0,0.0,0.5508,131024.66,131 025 RUB,Косметический
bathroom (36).jpg,bathroom,bathroom,0.5769,0.2181,0.5368,0.0566,5,0.0773,0.1881,2.3186,0.622,2,0.0186,0,0.0,0.5661,132986.98,132 987 RUB,Косметический
bathroom (360).jpg,bathroom,utility_room,0.5821,0.1993,1.0,0.1161,3,0.0,0.2038,2.3333,0.6576,4,0.0266,0,0.0,0.4096,152137.04,152 137 RUB,Косметический
bathroom (361).jpg,bathroom,bathroom,0.5487,0.1163,0.4756,0.0874,4,0.0,0.1816,2.33,0.788,0,0.0261,1,6.006,0.5593,133196.03,133 196 RUB,Косметический
bathroom (362).jpg,bathroom,bow_window/indoor,0.66,0.2166,1.0,0.157,5,0.0047,0.2209,2.32,0.6719,7,0.0546,0,0.0,0.4331,170606.78,170 607 RUB,Капитальный
bathroom (363).jpg,bathroom,bathroom,0.473,0.1877,0.7756,0.0762,9,0.0,0.1689,2.33,0.6031,0,0.0511,3,18.0179,0.4413,178878.53,178 879 RUB,Капитальный
bathroom (364).jpg,bathroom,closet,0.6972,0.0945,0.133,0.0209,0,0.0,0.1638,2.3333,0.8645,1,0.0019,0,0.0,0.7348,92024.95,92 025 RUB,Косметический
bathroom (365).jpg,bathroom,bathroom,0.5182,0.1741,0.7988,0.0651,13,0.0003,0.1512,2.3186,0.6641,1,0.035,1,5.3333,0.4547,152618.42,152 618 RUB,Косметический
bathroom (366).jpg,bathroom,bathroom,0.3946,0.2268,0.8309,0.0852,1,0.0073,0.1676,2.3059,0.4252,1,0.0328,0,0.0,0.3923,140729.19,140 729 RUB,Косметический
bathroom (367).jpg,bathroom,bathroom,0.5819,0.1201,0.0862,0.023,2,0.0,0.1202,2.3333,0.7935,0,0.0051,0,0.0,0.7023,91512.82,91 513 RUB,Косметический
bathroom (368).jpg,bathroom,bow_window/indoor,0.4016,0.1845,0.4585,0.0568,1,0.0007,0.164,2.3186,0.5405,1,0.013,0,0.0,0.5118,123489.7,123 490 RUB,Косметический
bathroom (369).jpg,bathroom,bathroom,0.5053,0.1287,0.6731,0.0558,5,0.0,0.1668,2.3186,0.7453,0,0.0073,0,0.0,0.489,106192.02,106 192 RUB,Косметический
bathroom (37).jpeg,bathroom,closet,0.7412,0.1048,0.1439,0.0377,1,0.0,0.1219,2.3333,0.8585,3,0.0012,0,0.0,0.7458,99856.48,99 856 RUB,Косметический
bathroom (37).jpg,bathroom,bathroom,0.6474,0.1869,0.3954,0.0565,5,0.0082,0.1894,2.3186,0.7113,3,0.0134,1,5.3333,0.6299,155282.84,155 283 RUB,Косметический
bathroom (370).jpg,bathroom,shower,0.775,0.1861,1.0,0.0739,6,0.0,0.1767,2.3186,0.7598,2,0.0046,0,0.0,0.4952,126630.87,126 631 RUB,Косметический
bathroom (371).jpg,bathroom,wet_bar,0.5581,0.1083,0.4363,0.0549,4,0.0006,0.1636,2.32,0.806,0,0.0158,1,6.0241,0.5814,130581.66,130 582 RUB,Косметический
bathroom (372).jpg,bathroom,shower,0.4035,0.2616,0.3626,0.0483,1,0.0012,0.153,2.3186,0.3517,0,0.0197,0,0.0,0.5431,120399.14,120 399 RUB,Косметический
bathroom (373).jpg,bathroom,bathroom,0.4767,0.21,1.0,0.0883,9,0.0001,0.2168,2.32,0.5594,1,0.0553,2,12.0481,0.373,195330.1,195 330 RUB,Капитальный
bathroom (374).jpg,bathroom,bathroom,0.4995,0.1873,0.2304,0.0558,4,0.0,0.158,2.3186,0.625,1,0.0222,0,0.0,0.6195,122881.51,122 882 RUB,Косметический
bathroom (375).jpg,bathroom,wet_bar,0.5993,0.1408,1.0,0.0844,2,0.0,0.1426,2.33,0.7651,1,0.0643,0,0.0,0.4229,129461.86,129 462 RUB,Косметический
bathroom (376).jpg,bathroom,bathroom,0.4441,0.1422,0.3705,0.0618,4,0.0,0.2004,2.33,0.6798,0,0.0153,0,0.0,0.5541,104365.29,104 365 RUB,Косметический
bathroom (377).jpg,bathroom,shower,0.4798,0.112,1.0,0.069,2,0.0002,0.1712,2.32,0.7666,0,0.028,0,0.0,0.3782,111876.91,111 877 RUB,Косметический
bathroom (378).jpg,bathroom,shower,0.503,0.1363,0.6078,0.0579,2,0.0023,0.1672,2.3186,0.7289,0,0.0258,0,0.0,0.5075,108475.89,108 476 RUB,Косметический
bathroom (379).jpg,bathroom,bathroom,0.386,0.1744,0.6719,0.0646,5,0.0014,0.1681,2.3186,0.5483,2,0.0208,2,10.6666,0.44,181688.72,181 689 RUB,Капитальный
bathroom (38).jpeg,bathroom,shower,0.6139,0.1949,0.6075,0.0844,2,0.0,0.1796,2.3333,0.6824,1,0.0238,0,0.0,0.5464,116714.46,116 714 RUB,Косметический
bathroom (38).jpg,bathroom,bathroom,0.6967,0.2309,1.0,0.1095,4,0.0015,0.2054,2.3186,0.6685,2,0.0261,0,0.0,0.4569,133037.32,133 037 RUB,Косметический
bathroom (380).jpg,bathroom,bathroom,0.6641,0.2157,1.0,0.1359,3,0.0,0.2182,2.3186,0.6751,2,0.0401,0,0.0,0.4384,137578.15,137 578 RUB,Косметический
bathroom (381).jpg,bathroom,bathroom,0.5175,0.1958,0.2306,0.021,2,0.0168,0.1518,2.3069,0.6216,0,0.0124,0,0.0,0.6353,100991.72,100 992 RUB,Косметический
bathroom (382).jpg,bathroom,playroom,0.512,0.2167,1.0,0.1126,5,0.0016,0.2119,2.33,0.5768,2,0.0698,0,0.0,0.3824,155001.07,155 001 RUB,Косметический
bathroom (383).jpg,bathroom,shower,0.5115,0.1403,0.9347,0.0536,2,0.0061,0.1571,2.3186,0.7257,1,0.045,1,5.3333,0.4141,132465.5,132 466 RUB,Косметический
bathroom (384).jpg,bathroom,bathroom,0.5886,0.1789,0.1682,0.0377,2,0.0,0.1961,2.3333,0.6961,0,0.0051,0,0.0,0.6775,101997.03,101 997 RUB,Косметический
bathroom (385).jpg,bathroom,bathroom,0.619,0.1785,1.0,0.0537,4,0.0,0.1677,2.33,0.7116,2,0.0091,0,0.0,0.4368,121479.51,121 480 RUB,Косметический
bathroom (386).jpg,bathroom,bathroom,0.4858,0.1865,0.168,0.0231,4,0.0,0.1749,2.3186,0.6161,0,0.027,3,15.9999,0.6393,166002.75,166 003 RUB,Косметический
bathroom (387).jpg,bathroom,bathroom,0.4694,0.1743,0.8841,0.0735,5,0.0001,0.1866,2.3186,0.6287,0,0.0372,0,0.0,0.4078,129276.53,129 277 RUB,Косметический
bathroom (388).jpg,bathroom,bathroom,0.5452,0.1991,0.5566,0.0583,4,0.0,0.1974,2.3186,0.6348,1,0.031,0,0.0,0.5395,126888.74,126 889 RUB,Косметический
bathroom (389).jpg,bathroom,bathroom,0.686,0.3147,0.5512,0.0459,4,0.0,0.1527,2.3097,0.5412,2,0.017,0,0.0,0.5998,135333.5,135 334 RUB,Косметический
bathroom (39).jpeg,bathroom,bathroom,0.682,0.2026,1.0,0.0961,4,0.0211,0.2017,2.3186,0.703,4,0.0334,0,0.0,0.4557,151173.28,151 173 RUB,Косметический
bathroom (39).jpg,bathroom,bathroom,0.6411,0.2034,0.3464,0.0531,3,0.0,0.1602,2.3186,0.6828,0,0.0125,0,0.0,0.6419,104417.3,104 417 RUB,Косметический
bathroom (390).jpg,bathroom,bathroom,0.7416,0.3189,1.0,0.0486,4,0.0,0.13,2.3097,0.57,1,0.0399,0,0.0,0.4869,134638.67,134 639 RUB,Косметический
bathroom (391).jpg,bathroom,wet_bar,0.4273,0.1512,0.821,0.0932,5,0.0,0.1606,2.3186,0.6462,0,0.0346,0,0.0,0.406,124065.63,124 066 RUB,Косметический
bathroom (392).jpg,bathroom,bathroom,0.5691,0.1653,0.3492,0.0286,6,0.0,0.1521,2.3186,0.7096,0,0.0081,0,0.0,0.6171,104254.51,104 255 RUB,Косметический
bathroom (393).jpg,bathroom,bathroom,0.5061,0.1436,0.2418,0.039,3,0.0,0.1822,2.3186,0.7164,1,0.0191,1,5.3333,0.6221,131683.3,131 683 RUB,Косметический
bathroom (394).jpg,bathroom,alcove,0.3572,0.2643,0.2285,0.0389,2,0.0013,0.1688,2.3186,0.2599,0,0.0094,0,0.0,0.5667,120899.46,120 899 RUB,Косметический
bathroom (395).jpg,bathroom,bathroom,0.7289,0.2529,0.2277,0.0263,4,0.0,0.125,2.3186,0.6531,0,0.0034,0,0.0,0.718,103475.89,103 476 RUB,Косметический
bathroom (396).jpg,bathroom,bathroom,0.7146,0.2627,0.2669,0.0333,3,0.0002,0.1205,2.3186,0.6323,1,0.0013,0,0.0,0.6991,117177.96,117 178 RUB,Косметический
bathroom (397).jpg,bathroom,bathroom,0.708,0.2605,0.48,0.0489,2,0.0,0.1599,2.3186,0.6321,3,0.0224,0,0.0,0.6294,142174.48,142 174 RUB,Косметический
bathroom (398).jpg,bathroom,bathroom,0.3711,0.229,0.4188,0.0469,5,0.001,0.1819,2.3186,0.3827,1,0.035,0,0.0,0.5135,145727.62,145 728 RUB,Косметический
bathroom (399).jpg,bathroom,bathroom,0.6402,0.3701,0.4569,0.0548,5,0.0035,0.1409,2.3186,0.4219,0,0.0319,0,0.0,0.6084,125701.74,125 702 RUB,Косметический
bathroom (4).jpeg,bathroom,bathroom,0.5458,0.202,0.2644,0.041,4,0.0,0.1804,2.3186,0.6299,1,0.0555,0,0.0,0.6308,129804.69,129 805 RUB,Косметический
bathroom (4).jpg,bathroom,bathroom,0.5134,0.1213,0.4097,0.0534,3,0.0,0.1483,2.3186,0.7636,0,0.0448,0,0.0,0.5718,111484.61,111 485 RUB,Косметический
bathroom (40).jpeg,bathroom,bathroom,0.4829,0.268,0.7661,0.0373,4,0.0,0.1929,2.3333,0.445,2,0.0203,0,0.0,0.4559,144610.29,144 610 RUB,Косметический
bathroom (40).jpg,bathroom,bathroom,0.6115,0.2479,0.6915,0.0821,5,0.0,0.1786,2.3186,0.5946,2,0.0178,0,0.0,0.5207,136544.97,136 545 RUB,Косметический
bathroom (400).jpg,bathroom,bathroom,0.5619,0.2231,0.1965,0.0341,4,0.0,0.1674,2.3186,0.6029,2,0.0039,0,0.0,0.659,126755.85,126 756 RUB,Косметический
bathroom (401).jpg,bathroom,bathroom,0.4447,0.1687,0.2651,0.0462,3,0.0021,0.1702,2.3186,0.6206,1,0.0279,0,0.0,0.5893,124989.85,124 990 RUB,Косметический
bathroom (402).jpg,bathroom,shower,0.6333,0.2136,0.3936,0.0455,1,0.0,0.1955,2.3186,0.6626,2,0.0034,0,0.0,0.6261,120014.84,120 015 RUB,Косметический
bathroom (403).jpg,bathroom,bathroom,0.5962,0.3896,0.3415,0.0322,3,0.0,0.1464,2.3186,0.3466,1,0.0102,0,0.0,0.6296,129692.43,129 692 RUB,Косметический
bathroom (404).jpg,bathroom,bathroom,0.7306,0.2891,0.2947,0.0491,2,0.0,0.1407,2.3186,0.6042,1,0.0104,0,0.0,0.694,116529.84,116 530 RUB,Косметический
bathroom (405).jpg,bathroom,bathroom,0.6235,0.2012,0.7172,0.081,3,0.0002,0.1846,2.3186,0.6773,0,0.0176,0,0.0,0.5181,105476.98,105 477 RUB,Косметический
bathroom (406).jpg,bathroom,bathroom,0.3827,0.1741,0.0996,0.0347,2,0.0008,0.1591,2.3186,0.5451,0,0.021,0,0.0,0.6163,111112.64,111 113 RUB,Косметический
bathroom (407).jpg,bathroom,bathroom,0.473,0.1636,0.1664,0.0309,3,0.0168,0.147,2.3186,0.654,0,0.0155,0,0.0,0.6348,102901.2,102 901 RUB,Косметический
bathroom (408).jpg,bathroom,bathroom,0.6207,0.2433,0.9735,0.0808,2,0.0017,0.2062,2.3186,0.608,3,0.0913,0,0.0,0.4402,153831.75,153 832 RUB,Косметический
bathroom (409).jpg,bathroom,wet_bar,0.5834,0.0985,0.1661,0.0293,2,0.0,0.1546,2.3186,0.8312,0,0.0003,0,0.0,0.6777,93771.0,93 771 RUB,Косметический
bathroom (41).jpeg,bathroom,shower,0.4622,0.1698,1.0,0.0748,1,0.0,0.1691,2.3097,0.6326,1,0.0422,0,0.0,0.3699,126053.54,126 054 RUB,Косметический
bathroom (41).jpg,bathroom,shower,0.6011,0.2449,0.5538,0.0558,1,0.0001,0.1656,2.3186,0.5926,0,0.0083,0,0.0,0.5632,110586.74,110 587 RUB,Косметический
bathroom (410).jpg,bathroom,bathroom,0.7938,0.2684,0.5149,0.0426,2,0.0,0.1312,2.3186,0.6619,2,0.0237,0,0.0,0.6545,123798.22,123 798 RUB,Косметический
bathroom (411).jpg,bathroom,shower,0.7036,0.2843,0.2003,0.0385,0,0.0,0.1327,2.3186,0.5959,0,0.0198,0,0.0,0.7137,104853.48,104 853 RUB,Косметический
bathroom (412).jpg,bathroom,bathroom,0.7007,0.2496,1.0,0.1029,6,0.0031,0.1716,2.3186,0.6438,3,0.0333,1,5.3333,0.46,175451.5,175 452 RUB,Капитальный
bathroom (413).jpg,bathroom,shower,0.4495,0.1762,0.5927,0.081,5,0.0018,0.1648,2.3186,0.6079,0,0.0862,0,0.0,0.486,130689.92,130 690 RUB,Косметический
bathroom (414).jpg,bathroom,shower,0.3889,0.1997,0.6527,0.0908,4,0.0025,0.1646,2.3186,0.4866,0,0.0819,1,5.3333,0.4418,149521.44,149 521 RUB,Косметический
bathroom (415).jpg,bathroom,bathroom,0.7538,0.2979,0.2981,0.0243,3,0.0,0.1343,2.3186,0.6048,1,0.0194,1,5.3333,0.7072,131056.96,131 057 RUB,Косметический
bathroom (416).jpg,bathroom,bathroom,0.6457,0.1991,0.49,0.0566,2,0.0426,0.1866,2.3186,0.6916,1,0.0078,0,0.0,0.6042,113753.95,113 754 RUB,Косметический
bathroom (417).jpg,bathroom,wet_bar,0.5385,0.2122,0.3763,0.0864,4,0.0001,0.1646,2.3186,0.6059,0,0.0061,0,0.0,0.5852,115416.8,115 417 RUB,Косметический
bathroom (418).jpg,bathroom,shower,0.7738,0.2601,0.4623,0.0321,1,0.0,0.1419,2.3186,0.6638,1,0.0145,0,0.0,0.6644,114764.38,114 764 RUB,Косметический
bathroom (419).jpg,bathroom,wet_bar,0.7692,0.3088,0.4574,0.0316,6,0.0005,0.1429,2.3186,0.5985,1,0.0181,0,0.0,0.6642,132875.3,132 875 RUB,Косметический
bathroom (42).jpeg,bathroom,bathroom,0.4201,0.2294,0.328,0.0624,2,0.0001,0.1693,2.3186,0.454,1,0.014,0,0.0,0.5572,130173.88,130 174 RUB,Косметический
bathroom (42).jpg,bathroom,bathroom,0.6989,0.2973,0.2342,0.0329,5,0.0014,0.142,2.3186,0.5746,1,0.0031,0,0.0,0.7029,120474.76,120 475 RUB,Косметический
bathroom (420).jpg,bathroom,bathroom,0.695,0.1917,1.0,0.0909,3,0.0012,0.1636,2.3186,0.7242,1,0.0241,0,0.0,0.4599,119815.66,119 816 RUB,Косметический
bathroom (421).jpg,bathroom,shower,0.4849,0.2499,0.4759,0.0545,1,0.0006,0.1936,2.3186,0.4847,3,0.023,0,0.0,0.5404,144986.38,144 986 RUB,Косметический
bathroom (422).jpg,bathroom,bow_window/indoor,0.4162,0.1859,1.0,0.0927,7,0.0,0.2027,2.3186,0.5533,0,0.0418,2,10.6666,0.348,183141.75,183 142 RUB,Капитальный
bathroom (423).jpg,bathroom,childs_room,0.7964,0.2071,0.7817,0.0452,4,0.0027,0.1283,2.3186,0.74,1,0.0278,2,10.6666,0.5753,169067.17,169 067 RUB,Косметический
bathroom (424).jpg,bathroom,bathroom,0.5835,0.2446,0.5245,0.0605,3,0.0,0.1911,2.3186,0.5809,1,0.0181,0,0.0,0.5639,126091.49,126 091 RUB,Косметический
bathroom (425).jpg,bathroom,bathroom,0.5851,0.2504,0.9755,0.0635,3,0.0011,0.1766,2.3186,0.572,0,0.0379,0,0.0,0.4288,124746.5,124 746 RUB,Косметический
bathroom (426).jpg,bathroom,alcove,0.7431,0.2475,0.1788,0.0329,2,0.0,0.1394,2.3186,0.6669,0,0.0018,0,0.0,0.737,90837.82,90 838 RUB,Косметический
bathroom (427).jpg,bathroom,bathroom,0.6704,0.3187,0.559,0.0582,2,0.0,0.1414,2.3186,0.5246,1,0.0405,1,5.3333,0.5888,139810.92,139 811 RUB,Косметический
bathroom (428).jpg,bathroom,bathroom,0.4198,0.1615,0.3429,0.0381,6,0.0,0.181,2.3186,0.6152,0,0.01,0,0.0,0.5574,111230.87,111 231 RUB,Косметический
bathroom (429).jpg,bathroom,bathroom,0.3569,0.1458,0.0622,0.0209,5,0.0,0.1481,2.3186,0.5914,0,0.0251,0,0.0,0.6199,124550.29,124 550 RUB,Косметический
bathroom (43).jpeg,bathroom,bathroom,0.5759,0.2938,1.0,0.1108,3,0.0,0.2135,2.32,0.4898,2,0.0869,0,0.0,0.4082,162497.2,162 497 RUB,Косметический
bathroom (43).jpg,bathroom,bathroom,0.6479,0.394,0.3633,0.0339,3,0.0,0.1371,2.3186,0.3919,2,0.0255,1,5.3333,0.6434,151137.61,151 138 RUB,Косметический
bathroom (430).jpg,bathroom,bathroom,0.62,0.1855,0.6585,0.0931,4,0.0,0.1887,2.3186,0.7008,2,0.0045,0,0.0,0.5318,122663.34,122 663 RUB,Косметический
bathroom (431).jpg,bathroom,bathroom,0.4355,0.1824,0.6151,0.0727,4,0.0005,0.1737,2.3186,0.5812,1,0.0306,1,5.3333,0.4752,150843.32,150 843 RUB,Косметический
bathroom (432).jpg,bathroom,bathroom,0.5228,0.124,0.0976,0.0233,3,0.0,0.1535,2.3186,0.7628,0,0.0123,1,5.3333,0.6752,113850.56,113 851 RUB,Косметический
bathroom (433).jpg,bathroom,bathroom,0.5295,0.2031,0.4352,0.0427,2,0.0,0.1888,2.3186,0.6165,2,0.0211,1,5.3333,0.5727,145159.42,145 159 RUB,Косметический
bathroom (434).jpg,bathroom,bathroom,0.5617,0.2465,0.6233,0.0778,3,0.0025,0.2137,2.3186,0.5611,0,0.0167,1,5.3333,0.5224,131374.94,131 375 RUB,Косметический
bathroom (435).jpg,bathroom,bow_window/indoor,0.5467,0.2414,0.1927,0.0366,3,0.0,0.1587,2.3186,0.5585,1,0.0165,0,0.0,0.6536,120503.64,120 504 RUB,Косметический
bathroom (436).jpg,bathroom,shower,0.7408,0.2464,0.1124,0.0176,0,0.0,0.1241,2.3186,0.6674,1,0.0033,0,0.0,0.7591,102049.72,102 050 RUB,Косметический
bathroom (437).jpg,bathroom,bathroom,0.4046,0.1467,0.4067,0.0741,5,0.0011,0.1961,2.3186,0.6373,0,0.0298,0,0.0,0.5251,116971.94,116 972 RUB,Косметический
bathroom (438).jpg,bathroom,shower,0.442,0.177,0.1604,0.0377,1,0.0,0.1508,2.3186,0.5995,1,0.0057,0,0.0,0.6212,116119.21,116 119 RUB,Косметический
bathroom (439).jpg,bathroom,shower,0.7656,0.103,0.1018,0.0193,4,0.0,0.1226,2.3186,0.8655,2,0.0,0,0.0,0.7718,105315.66,105 316 RUB,Косметический
bathroom (44).jpeg,bathroom,shower,0.5414,0.1598,0.8201,0.0613,2,0.0059,0.1549,2.33,0.7049,1,0.0089,1,6.006,0.4589,127056.01,127 056 RUB,Косметический
bathroom (44).jpg,bathroom,bathroom,0.611,0.2366,0.6941,0.096,4,0.0,0.1924,2.3186,0.6127,1,0.0122,0,0.0,0.517,117697.71,117 698 RUB,Косметический
bathroom (440).jpg,bathroom,bathroom,0.6627,0.3612,0.3695,0.0408,10,0.0004,0.1386,2.3186,0.4549,2,0.0168,2,10.6666,0.6461,192270.17,192 270 RUB,Капитальный
bathroom (441).jpg,bathroom,shower,0.5449,0.219,0.6848,0.0669,2,0.0,0.1696,2.3186,0.5981,0,0.0287,1,5.3333,0.4991,129213.4,129 213 RUB,Косметический
bathroom (442).jpg,bathroom,bathroom,0.7885,0.2726,0.8117,0.0862,2,0.0,0.1427,2.3186,0.6543,4,0.025,0,0.0,0.5546,144439.26,144 439 RUB,Косметический
bathroom (443).jpg,bathroom,bathroom,0.3628,0.2504,0.2378,0.0305,3,0.0015,0.1583,2.3186,0.31,2,0.0149,0,0.0,0.5678,148777.09,148 777 RUB,Косметический
bathroom (444).jpg,bathroom,utility_room,0.6836,0.1934,0.7906,0.089,3,0.0,0.1902,2.3186,0.7171,2,0.0189,0,0.0,0.5185,128825.98,128 826 RUB,Косметический
bathroom (445).jpg,bathroom,bathroom,0.3354,0.2843,0.7562,0.0459,4,0.0,0.1791,2.3186,0.1525,1,0.0303,0,0.0,0.3981,158047.75,158 048 RUB,Косметический
bathroom (446).jpg,bathroom,bathroom,0.4831,0.1721,0.3126,0.0469,5,0.0,0.1709,2.3186,0.6437,0,0.0374,0,0.0,0.5901,122473.21,122 473 RUB,Косметический
bathroom (447).jpg,bathroom,utility_room,0.4394,0.1719,0.7341,0.0828,3,0.0386,0.2138,2.3186,0.6088,1,0.0256,0,0.0,0.4429,124909.04,124 909 RUB,Косметический
bathroom (448).jpg,bathroom,shower,0.7883,0.2534,0.1157,0.0167,2,0.0,0.0918,2.3186,0.6785,0,0.0033,0,0.0,0.7773,94454.46,94 454 RUB,Косметический
bathroom (449).jpg,bathroom,locker_room,0.6509,0.1922,0.6672,0.0868,6,0.0086,0.1851,2.3186,0.7046,1,0.018,0,0.0,0.5437,117850.16,117 850 RUB,Косметический
bathroom (45).jpeg,bathroom,utility_room,0.5,0.2143,0.4736,0.0933,8,0.0,0.2085,2.33,0.5715,1,0.0711,2,12.0119,0.5393,184454.83,184 455 RUB,Капитальный
bathroom (45).jpg,bathroom,bathroom,0.7548,0.262,0.5495,0.0545,3,0.0,0.1221,2.3186,0.6529,0,0.0117,0,0.0,0.6262,103994.55,103 995 RUB,Косметический
bathroom (450).jpg,bathroom,wet_bar,0.7392,0.2903,0.756,0.0625,5,0.0001,0.1299,2.3186,0.6073,0,0.024,1,5.3333,0.5564,141039.98,141 040 RUB,Косметический
bathroom (451).jpg,bathroom,bathroom,0.7007,0.1971,0.8455,0.0625,4,0.0,0.1775,2.3186,0.7187,2,0.0201,0,0.0,0.5141,126839.82,126 840 RUB,Косметический
bathroom (452).jpg,bathroom,bathroom,0.4954,0.2302,0.4693,0.0496,4,0.0,0.1757,2.3186,0.5353,0,0.0553,0,0.0,0.5475,129669.15,129 669 RUB,Косметический
bathroom (453).jpg,bathroom,bathroom,0.7398,0.3461,0.2044,0.0174,1,0.0,0.1191,2.3186,0.5321,1,0.0173,0,0.0,0.7311,116590.68,116 591 RUB,Косметический
bathroom (454).jpg,bathroom,bathroom,0.846,0.1709,0.138,0.0275,2,0.0,0.1083,2.3186,0.798,0,0.0007,0,0.0,0.7915,89021.84,89 022 RUB,Без ремонта
bathroom (455).jpg,bathroom,bathroom,0.6506,0.2335,0.7968,0.0672,2,0.0,0.1673,2.3186,0.6412,2,0.0248,0,0.0,0.5078,129531.49,129 531 RUB,Косметический
bathroom (456).jpg,bathroom,bathroom,0.5045,0.1247,0.0984,0.0262,5,0.0004,0.1447,2.3186,0.7529,0,0.0165,0,0.0,0.6671,103315.81,103 316 RUB,Косметический
bathroom (457).jpg,bathroom,wet_bar,0.6423,0.2724,0.1163,0.019,1,0.0,0.1923,2.3186,0.5759,1,0.0034,0,0.0,0.7182,114236.25,114 236 RUB,Косметический
bathroom (459).jpg,bathroom,bathroom,0.4282,0.2377,0.6219,0.0999,2,0.0,0.1918,2.3186,0.445,2,0.0569,0,0.0,0.4647,146030.34,146 030 RUB,Косметический
bathroom (46).jpeg,bathroom,bathroom,0.3954,0.182,0.7987,0.1019,5,0.0167,0.1778,2.32,0.5398,0,0.0446,2,12.0481,0.3998,182884.58,182 885 RUB,Капитальный
bathroom (46).jpg,bathroom,wet_bar,0.7544,0.2769,0.2007,0.0332,6,0.0,0.1499,2.3186,0.633,2,0.0173,0,0.0,0.7349,131017.06,131 017 RUB,Косметический
bathroom (460).jpg,bathroom,bathroom,0.7005,0.1593,0.5164,0.0513,3,0.0,0.164,2.3186,0.7725,1,0.0088,0,0.0,0.615,107899.55,107 900 RUB,Косметический
bathroom (461).jpg,bathroom,bathroom,0.7632,0.2005,0.3502,0.0541,3,0.0042,0.1839,2.3186,0.7373,1,0.0148,1,5.3333,0.6898,131784.06,131 784 RUB,Косметический
bathroom (462).jpg,bathroom,bathroom,0.7883,0.2644,0.4551,0.0276,0,0.0,0.1039,2.3186,0.6646,1,0.0046,0,0.0,0.6733,108557.82,108 558 RUB,Косметический
bathroom (463).jpg,bathroom,bathroom,0.8313,0.2328,0.3959,0.0495,1,0.0,0.1232,2.3186,0.72,3,0.0155,0,0.0,0.7039,126519.52,126 520 RUB,Косметический
bathroom (464).jpg,bathroom,wet_bar,0.7646,0.3028,0.2585,0.028,5,0.0003,0.1206,2.3186,0.604,0,0.0066,1,5.3333,0.7227,137669.69,137 670 RUB,Косметический
bathroom (465).jpg,bathroom,bathroom,0.6444,0.1658,0.3597,0.0435,3,0.0,0.1471,2.3186,0.7427,0,0.0123,0,0.0,0.6411,97191.15,97 191 RUB,Косметический
bathroom (466).jpg,bathroom,shower,0.7796,0.2158,0.174,0.0321,3,0.0,0.138,2.3186,0.7232,1,0.0008,0,0.0,0.7532,106823.77,106 824 RUB,Косметический
bathroom (467).jpg,bathroom,shower,0.6865,0.1515,0.412,0.0474,1,0.0,0.1556,2.3186,0.7793,0,0.0028,0,0.0,0.6415,98147.25,98 147 RUB,Косметический
bathroom (468).jpg,bathroom,bathroom,0.7065,0.2936,0.2701,0.0293,1,0.0,0.131,2.3186,0.5844,1,0.0035,0,0.0,0.6957,114701.06,114 701 RUB,Косметический
bathroom (469).jpg,bathroom,bathroom,0.7065,0.2935,0.3437,0.0438,3,0.0,0.1348,2.3186,0.5845,1,0.0042,0,0.0,0.6707,120171.48,120 171 RUB,Косметический
bathroom (47).jpeg,bathroom,bathroom,0.5142,0.2136,0.678,0.0767,10,0.0004,0.1986,2.3333,0.5845,3,0.0168,2,10.6666,0.487,196354.41,196 354 RUB,Капитальный
bathroom (47).jpg,bathroom,utility_room,0.6994,0.3394,0.2239,0.0346,1,0.0,0.1368,2.3186,0.5147,1,0.0046,0,0.0,0.7057,119171.21,119 171 RUB,Косметический
bathroom (470).jpg,bathroom,bathroom,0.585,0.2636,1.0,0.0836,1,0.0222,0.1887,2.3186,0.5494,2,0.0383,1,5.3333,0.4195,148412.19,148 412 RUB,Косметический
bathroom (471).jpg,bathroom,bathroom,0.6598,0.1843,0.5659,0.0679,2,0.0001,0.2052,2.3186,0.7207,2,0.0085,0,0.0,0.5806,121831.9,121 832 RUB,Косметический
bathroom (472).jpg,bathroom,bathroom,0.6273,0.2912,0.5333,0.0433,1,0.0,0.1689,2.3186,0.5359,1,0.0517,0,0.0,0.5823,133445.01,133 445 RUB,Косметический
bathroom (473).jpg,bathroom,bathroom,0.4509,0.2324,0.2714,0.0482,4,0.0,0.2101,2.3186,0.4846,1,0.0634,1,5.3333,0.5893,156352.57,156 353 RUB,Косметический
bathroom (474).jpg,bathroom,bathroom,0.4471,0.1995,0.4605,0.061,1,0.0001,0.1765,2.3186,0.5537,2,0.033,0,0.0,0.5285,133374.73,133 375 RUB,Косметический
bathroom (475).jpg,bathroom,bathroom,0.3709,0.233,0.1993,0.0513,1,0.0,0.1814,2.3186,0.3718,0,0.076,0,0.0,0.5783,132149.61,132 150 RUB,Косметический
bathroom (476).jpg,bathroom,bathroom,0.4712,0.2558,0.2279,0.0479,0,0.0,0.1795,2.3186,0.4571,4,0.0333,0,0.0,0.6106,151929.8,151 930 RUB,Косметический
bathroom (477).jpg,bathroom,utility_room,0.4765,0.1688,0.1564,0.0385,2,0.0015,0.1994,2.3186,0.6457,2,0.0232,0,0.0,0.6362,126403.01,126 403 RUB,Косметический
bathroom (478).jpg,bathroom,bathroom,0.5582,0.2713,0.8528,0.0747,5,0.003,0.1912,2.3186,0.514,2,0.0141,0,0.0,0.4528,142617.4,142 617 RUB,Косметический
bathroom (479).jpg,bathroom,wet_bar,0.6857,0.3192,0.2638,0.0244,1,0.0,0.1312,2.3186,0.5344,2,0.0061,0,0.0,0.6902,124003.79,124 004 RUB,Косметический
bathroom (48).jpeg,bathroom,bathroom,0.5429,0.2368,0.5128,0.0497,8,0.0,0.1777,2.3103,0.5638,1,0.034,1,5.2083,0.5534,148223.74,148 224 RUB,Косметический
bathroom (48).jpg,bathroom,bathroom,0.6916,0.1921,0.2815,0.0276,2,0.0,0.164,2.3186,0.7223,1,0.0077,0,0.0,0.6867,108496.66,108 497 RUB,Косметический
bathroom (480).jpg,bathroom,closet,0.6032,0.2453,0.4321,0.0349,2,0.0,0.1919,2.3186,0.5933,1,0.0171,0,0.0,0.6047,119445.1,119 445 RUB,Косметический
bathroom (481).jpg,bathroom,wet_bar,0.5266,0.2453,0.5416,0.0486,2,0.0,0.2047,2.3186,0.5343,0,0.0191,1,5.3333,0.5384,128330.37,128 330 RUB,Косметический
bathroom (482).jpg,bathroom,bathroom,0.6905,0.1575,0.1915,0.0223,3,0.0,0.177,2.3186,0.7719,1,0.0019,0,0.0,0.7143,102239.46,102 239 RUB,Косметический
bathroom (483).jpg,bathroom,bathroom,0.6376,0.2184,0.513,0.0734,4,0.0,0.1784,2.3186,0.6576,1,0.0133,0,0.0,0.5865,116390.56,116 391 RUB,Косметический
bathroom (484).jpg,bathroom,bathroom,0.7775,0.2847,0.1195,0.0177,5,0.0,0.1073,2.3186,0.6338,1,0.0057,0,0.0,0.7716,110019.65,110 020 RUB,Косметический
bathroom (485).jpg,bathroom,shower,0.7793,0.2618,0.2126,0.0274,1,0.0,0.1243,2.3186,0.664,0,0.0023,0,0.0,0.7425,98286.7,98 287 RUB,Косметический
bathroom (486).jpg,bathroom,bathroom,0.4687,0.1942,0.2296,0.0443,10,0.0,0.1728,2.3186,0.5857,0,0.0227,1,5.3333,0.6097,141673.34,141 673 RUB,Косметический
bathroom (487).jpg,bathroom,bathroom,0.6413,0.1709,0.3105,0.0316,2,0.0,0.1386,2.3186,0.7336,1,0.0056,0,0.0,0.657,108868.79,108 869 RUB,Косметический
bathroom (488).jpg,bathroom,shower,0.7739,0.2281,0.1334,0.0273,1,0.0,0.1134,2.3186,0.7053,0,0.0054,0,0.0,0.7641,99272.02,99 272 RUB,Косметический
bathroom (489).jpg,bathroom,bathroom,0.6849,0.3026,0.2124,0.0273,4,0.0,0.1411,2.3186,0.5582,0,0.0065,0,0.0,0.7048,111528.85,111 529 RUB,Косметический
bathroom (49).jpeg,bathroom,shower,0.7442,0.1127,0.9393,0.0553,2,0.0,0.1407,2.32,0.8485,5,0.006,0,0.0,0.5048,128813.85,128 814 RUB,Косметический
bathroom (49).jpg,bathroom,bathroom,0.6484,0.18,0.4858,0.0488,3,0.0,0.1755,2.3186,0.7225,0,0.0083,0,0.0,0.6039,99729.5,99 730 RUB,Косметический
bathroom (490).jpg,bathroom,bathroom,0.6254,0.2354,0.5401,0.0538,4,0.001,0.1729,2.3186,0.6235,0,0.0226,0,0.0,0.5775,116521.58,116 522 RUB,Косметический
bathroom (491).jpg,bathroom,bathroom,0.5386,0.151,0.2439,0.05,2,0.3119,0.1967,2.3186,0.7196,1,0.047,0,0.0,0.6635,116393.49,116 393 RUB,Косметический
bathroom (492).jpg,bathroom,shower,0.6687,0.1417,0.1962,0.0304,1,0.0,0.1621,2.3186,0.788,1,0.0015,0,0.0,0.7025,99239.49,99 239 RUB,Косметический
bathroom (493).jpg,bathroom,bathroom,0.791,0.2736,0.1703,0.0226,4,0.0003,0.1089,2.3186,0.6541,1,0.005,0,0.0,0.7608,108915.42,108 915 RUB,Косметический
bathroom (494).jpg,bathroom,bathroom,0.7155,0.1684,0.339,0.0555,1,0.0108,0.163,2.3186,0.7647,0,0.0147,0,0.0,0.6745,96732.2,96 732 RUB,Косметический
bathroom (495).jpg,bathroom,utility_room,0.477,0.1793,0.2478,0.0442,3,0.0,0.1689,2.3186,0.6241,1,0.0231,0,0.0,0.6076,120261.8,120 262 RUB,Косметический
bathroom (496).jpg,bathroom,shower,0.6997,0.1671,0.3867,0.0474,3,0.0,0.1551,2.3186,0.7612,1,0.0023,1,5.3333,0.6544,125519.44,125 519 RUB,Косметический
bathroom (497).jpg,bathroom,bathroom,0.5603,0.2347,0.3327,0.0556,5,0.0,0.1946,2.3186,0.5811,3,0.0687,1,5.3333,0.6132,172980.53,172 981 RUB,Капитальный
bathroom (498).jpg,bathroom,bathroom,0.5302,0.1154,0.0906,0.0178,4,0.0,0.1353,2.3186,0.7824,0,0.0038,0,0.0,0.6813,97332.85,97 333 RUB,Косметический
bathroom (499).jpg,bathroom,shower,0.7404,0.0874,0.1086,0.033,3,0.0,0.1312,2.3186,0.882,3,0.0007,0,0.0,0.757,115441.28,115 441 RUB,Косметический
bathroom (5).jpeg,bathroom,bathroom,0.6316,0.2374,0.917,0.0668,4,0.0,0.1966,2.3186,0.6241,2,0.0642,0,0.0,0.4642,144706.4,144 706 RUB,Косметический
bathroom (5).jpg,bathroom,kitchen,0.7567,0.263,0.5661,0.0622,3,0.0012,0.1503,2.3186,0.6525,2,0.0417,1,5.3333,0.6205,146268.44,146 268 RUB,Косметический
bathroom (50).jpeg,bathroom,wet_bar,0.5479,0.232,1.0,0.1154,4,0.0001,0.1896,2.3125,0.5765,1,0.0428,0,0.0,0.3961,141798.91,141 799 RUB,Косметический
bathroom (50).jpg,bathroom,bathroom,0.6461,0.2066,0.3687,0.0294,3,0.0,0.1696,2.3186,0.6803,1,0.0082,0,0.0,0.6419,109850.8,109 851 RUB,Косметический
bathroom (500).jpg,bathroom,bathroom,0.6555,0.215,0.3,0.0421,2,0.0,0.1648,2.3186,0.672,0,0.0084,0,0.0,0.6638,101034.98,101 035 RUB,Косметический
bathroom (501).jpg,bathroom,bathroom,0.6258,0.1628,0.1903,0.0314,2,0.0,0.1231,2.3186,0.7398,1,0.0026,0,0.0,0.687,106468.55,106 469 RUB,Косметический
bathroom (502).jpg,bathroom,bathroom,0.7687,0.2451,0.2775,0.0393,2,0.0,0.118,2.3186,0.6811,1,0.0009,0,0.0,0.7164,107812.16,107 812 RUB,Косметический
bathroom (503).jpg,bathroom,bathroom,0.7375,0.155,0.1381,0.0508,5,0.0,0.1627,2.3186,0.7898,1,0.0005,0,0.0,0.7434,100590.74,100 591 RUB,Косметический
bathroom (504).jpg,bathroom,bathroom,0.7539,0.2493,0.1448,0.0218,3,0.0,0.1209,2.3186,0.6693,1,0.0032,0,0.0,0.7538,108188.68,108 189 RUB,Косметический
bathroom (505).jpg,bathroom,bathroom,0.5851,0.2302,0.5745,0.0553,6,0.0002,0.2036,2.3186,0.6066,0,0.0785,1,5.3333,0.5506,145221.07,145 221 RUB,Косметический
bathroom (506).jpg,bathroom,utility_room,0.6322,0.2125,0.5167,0.0777,1,0.0001,0.1776,2.3186,0.6639,3,0.0023,0,0.0,0.5823,130518.43,130 518 RUB,Косметический
bathroom (507).jpg,bathroom,shower,0.7373,0.2625,0.2839,0.0419,1,0.0005,0.1371,2.3186,0.644,0,0.0233,0,0.0,0.7014,112793.19,112 793 RUB,Косметический
bathroom (508).jpg,bathroom,bathroom,0.5936,0.2238,0.3044,0.045,5,0.0,0.168,2.3186,0.623,0,0.0141,1,5.3333,0.6371,134981.62,134 982 RUB,Косметический
bathroom (509).jpg,bathroom,bathroom,0.8796,0.1837,0.0681,0.0119,5,0.0,0.0856,2.3186,0.7911,1,0.0006,0,0.0,0.829,106584.99,106 585 RUB,Косметический
bathroom (51).jpeg,bathroom,bathroom,0.4443,0.1842,1.0,0.0825,3,0.0046,0.1655,2.3186,0.5855,0,0.0369,0,0.0,0.3617,126279.8,126 280 RUB,Косметический
bathroom (51).jpg,bathroom,bathroom,0.6128,0.264,0.763,0.0697,5,0.0,0.2064,2.3186,0.5693,1,0.0247,0,0.0,0.5023,131088.11,131 088 RUB,Косметический
bathroom (510).jpg,bathroom,bathroom,0.4382,0.2342,0.3117,0.0513,2,0.0,0.1945,2.3186,0.4656,2,0.0223,0,0.0,0.5715,138453.02,138 453 RUB,Косметический
bathroom (511).jpg,bathroom,bathroom,0.7393,0.2989,0.4276,0.0428,4,0.0001,0.1638,2.3186,0.5957,2,0.0434,0,0.0,0.6589,135339.43,135 339 RUB,Косметический
bathroom (512).jpg,bathroom,alcove,0.7588,0.261,0.3091,0.0225,0,0.0,0.1253,2.3186,0.6561,0,0.0103,0,0.0,0.7063,100329.23,100 329 RUB,Косметический
bathroom (513).jpg,bathroom,shower,0.7561,0.3132,0.4379,0.0281,2,0.0,0.124,2.3186,0.5858,1,0.0284,0,0.0,0.6655,121804.4,121 804 RUB,Косметический
bathroom (514).jpg,bathroom,bathroom,0.7435,0.2501,0.4127,0.0454,5,0.0,0.1861,2.3186,0.6637,1,0.0158,0,0.0,0.6645,115874.37,115 874 RUB,Косметический
bathroom (515).jpg,bathroom,bathroom,0.601,0.1946,0.1432,0.0354,0,0.0,0.159,2.3186,0.6761,1,0.0315,0,0.0,0.6904,108476.5,108 476 RUB,Косметический
bathroom (516).jpg,bathroom,entrance_hall,0.7162,0.2837,0.2644,0.0288,0,0.0,0.1355,2.3186,0.604,0,0.0177,0,0.0,0.7014,106319.31,106 319 RUB,Косметический
bathroom (517).jpg,bathroom,bathroom,0.7788,0.2403,0.4371,0.0359,6,0.0004,0.1389,2.3186,0.6914,3,0.0482,2,10.6666,0.6733,189198.27,189 198 RUB,Капитальный
bathroom (518).jpg,bathroom,wet_bar,0.6154,0.2121,0.5845,0.0608,1,0.0,0.179,2.3186,0.6553,1,0.0187,0,0.0,0.5586,119323.97,119 324 RUB,Косметический
bathroom (519).jpg,bathroom,bathroom,0.7962,0.218,0.1543,0.029,3,0.0,0.1372,2.3186,0.7262,1,0.0038,0,0.0,0.7664,107521.2,107 521 RUB,Косметический
bathroom (52).jpeg,bathroom,bathroom,0.6101,0.1842,1.0,0.1157,10,0.0003,0.1936,2.33,0.6981,3,0.0506,4,24.0239,0.4209,210444.75,210 445 RUB,Капитальный
bathroom (52).jpg,bathroom,bathroom,0.6754,0.189,0.409,0.057,3,0.0,0.168,2.3186,0.7201,2,0.0055,0,0.0,0.6361,117704.07,117 704 RUB,Косметический
bathroom (520).jpg,bathroom,bathroom,0.7263,0.3077,0.2864,0.0275,3,0.0,0.1406,2.3186,0.5763,1,0.0115,0,0.0,0.6991,125390.33,125 390 RUB,Косметический
bathroom (521).jpg,bathroom,bathroom,0.7573,0.2696,0.2989,0.0343,6,0.0,0.1366,2.3186,0.6439,0,0.0108,0,0.0,0.7064,109087.26,109 087 RUB,Косметический
bathroom (522).jpg,bathroom,shower,0.6771,0.2087,0.5075,0.0657,1,0.0,0.1727,2.3186,0.6918,0,0.0076,0,0.0,0.6054,105019.76,105 020 RUB,Косметический
bathroom (523).jpg,bathroom,bathroom,0.5981,0.1354,0.1062,0.0365,6,0.0,0.1696,2.3186,0.7736,3,0.0013,0,0.0,0.7001,121320.93,121 321 RUB,Косметический
bathroom (524).jpg,bathroom,bathroom,0.8056,0.2597,0.1977,0.0233,4,0.0,0.1105,2.3186,0.6777,1,0.0021,0,0.0,0.7583,107789.9,107 790 RUB,Косметический
bathroom (525).jpg,bathroom,bathroom,0.8087,0.2405,0.187,0.0303,1,0.003,0.1029,2.3186,0.7026,2,0.0067,0,0.0,0.7616,109250.79,109 251 RUB,Косметический
bathroom (526).jpg,bathroom,bathroom,0.5395,0.3366,0.4882,0.0412,6,0.0736,0.1762,2.3186,0.3761,0,0.0062,0,0.0,0.5685,126033.71,126 034 RUB,Косметический
bathroom (527).jpg,bathroom,bathroom,0.6918,0.3037,0.2704,0.0294,4,0.0,0.1551,2.3186,0.561,0,0.0073,0,0.0,0.6897,115532.5,115 532 RUB,Косметический
bathroom (528).jpg,bathroom,shower,0.6153,0.2627,0.6233,0.055,1,0.0,0.1986,2.3186,0.573,3,0.0171,0,0.0,0.5481,139098.76,139 099 RUB,Косметический
bathroom (529).jpg,bathroom,bathroom,0.707,0.3062,0.4109,0.0776,3,0.0009,0.1658,2.3186,0.5669,1,0.0094,0,0.0,0.6441,127826.54,127 827 RUB,Косметический
bathroom (53).jpeg,bathroom,shower,0.5149,0.1615,1.0,0.1721,1,0.0049,0.1793,2.3186,0.6864,0,0.1106,0,0.0,0.372,134982.55,134 983 RUB,Косметический
bathroom (53).jpg,bathroom,bathroom,0.7478,0.2366,0.152,0.0329,3,0.0008,0.1253,2.3186,0.6836,0,0.0009,0,0.0,0.747,97554.08,97 554 RUB,Косметический
bathroom (530).jpg,bathroom,bathroom,0.4545,0.1936,0.1928,0.0336,1,0.0008,0.1898,2.3186,0.574,1,0.0269,0,0.0,0.6173,121232.29,121 232 RUB,Косметический
bathroom (531).jpg,bathroom,bathroom,0.7604,0.2281,0.503,0.0693,4,0.0,0.1874,2.3186,0.7001,1,0.0105,1,5.3333,0.6394,134450.01,134 450 RUB,Косметический
bathroom (532).jpg,bathroom,bathroom,0.6133,0.207,0.7399,0.056,1,0.0003,0.1874,2.3186,0.6624,1,0.0439,0,0.0,0.5121,122698.27,122 698 RUB,Косметический
bathroom (533).jpg,bathroom,bathroom,0.6408,0.2658,0.8773,0.1003,3,0.0001,0.2012,2.3186,0.5852,5,0.0263,0,0.0,0.4731,161131.95,161 132 RUB,Косметический
bathroom (534).jpg,bathroom,bathroom,0.6581,0.215,0.337,0.0635,11,0.0006,0.1666,2.3186,0.6733,1,0.0029,0,0.0,0.6495,117507.41,117 507 RUB,Косметический
bathroom (535).jpg,bathroom,bathroom,0.659,0.2032,0.5492,0.0728,3,0.0568,0.2135,2.3186,0.6916,3,0.0103,0,0.0,0.59,135275.73,135 276 RUB,Косметический
bathroom (536).jpg,bathroom,bathroom,0.6168,0.251,0.7089,0.088,2,0.0,0.1905,2.3186,0.593,1,0.017,0,0.0,0.5164,122009.17,122 009 RUB,Косметический
bathroom (537).jpg,bathroom,utility_room,0.4213,0.1949,0.4269,0.0647,4,0.0007,0.2052,2.3186,0.5375,1,0.0641,0,0.0,0.5276,144415.42,144 415 RUB,Косметический
bathroom (538).jpg,bathroom,shower,0.5337,0.1754,0.3494,0.0613,3,0.0003,0.1539,2.3186,0.6713,2,0.0191,0,0.0,0.5964,124052.6,124 053 RUB,Косметический
bathroom (539).jpg,bathroom,bathroom,0.5624,0.2148,0.635,0.0683,5,0.0056,0.1626,2.3186,0.618,0,0.0128,1,5.3333,0.5213,127114.43,127 114 RUB,Косметический
bathroom (54).jpeg,bathroom,bathroom,0.3419,0.1383,0.8027,0.0599,1,0.0,0.1755,2.32,0.5956,0,0.0452,0,0.0,0.384,119019.82,119 020 RUB,Косметический
bathroom (54).jpg,bathroom,bathroom,0.7404,0.2788,0.4916,0.0724,1,0.0001,0.1681,2.3186,0.6234,3,0.0238,0,0.0,0.6342,140412.1,140 412 RUB,Косметический
bathroom (540).jpg,bathroom,bathroom,0.3141,0.205,0.2658,0.041,3,0.0,0.1791,2.3186,0.3474,0,0.0387,0,0.0,0.5377,129367.48,129 367 RUB,Косметический
bathroom (541).jpg,bathroom,bathroom,0.6887,0.3083,0.2398,0.0349,2,0.0,0.1406,2.3186,0.5524,0,0.0098,0,0.0,0.6966,104834.04,104 834 RUB,Косметический
bathroom (542).jpg,bathroom,wet_bar,0.7344,0.2975,0.7185,0.0579,4,0.0,0.1325,2.3186,0.5949,2,0.028,0,0.0,0.5666,140245.55,140 246 RUB,Косметический
bathroom (543).jpg,bathroom,bathroom,0.6394,0.1774,0.9522,0.0894,1,0.0032,0.204,2.3186,0.7226,1,0.0162,0,0.0,0.4525,117395.88,117 396 RUB,Косметический
bathroom (544).jpg,bathroom,closet,0.7391,0.2828,0.4956,0.0336,4,0.0,0.1675,2.3186,0.6174,1,0.0131,0,0.0,0.6402,120484.36,120 484 RUB,Косметический
bathroom (545).jpg,bathroom,bathroom,0.7092,0.3176,0.3368,0.0323,0,0.0,0.1369,2.3186,0.5522,0,0.0134,0,0.0,0.6762,104419.0,104 419 RUB,Косметический
bathroom (546).jpg,bathroom,bathroom,0.3429,0.1622,0.3202,0.0459,11,0.006,0.1655,2.3186,0.5268,0,0.0616,1,5.3333,0.5325,139610.5,139 610 RUB,Косметический
bathroom (547).jpg,bathroom,bathroom,0.6501,0.2173,1.0,0.1375,4,0.0,0.2073,2.3186,0.6658,0,0.059,0,0.0,0.4325,122322.77,122 323 RUB,Косметический
bathroom (548).jpg,bathroom,bathroom,0.479,0.2916,1.0,0.0791,6,0.0,0.1683,2.3186,0.3913,0,0.0479,0,0.0,0.3758,142260.1,142 260 RUB,Косметический
bathroom (549).jpg,bathroom,bathroom,0.5477,0.227,0.4519,0.0541,3,0.0,0.1802,2.3186,0.5856,0,0.021,0,0.0,0.5727,116477.96,116 478 RUB,Косметический
bathroom (55).jpeg,bathroom,bathroom,0.5808,0.1825,0.5791,0.0383,2,0.0,0.1709,2.33,0.6858,1,0.0132,1,6.006,0.5509,132995.37,132 995 RUB,Косметический
bathroom (55).jpg,bathroom,shower,0.4632,0.1092,0.0817,0.022,1,0.0,0.1493,2.3333,0.7643,0,0.0049,0,0.0,0.6563,95740.3,95 740 RUB,Косметический
bathroom (550).jpg,bathroom,bathroom,0.6586,0.2343,0.8204,0.0787,3,0.0,0.173,2.3186,0.6442,3,0.0395,0,0.0,0.5015,142535.51,142 536 RUB,Косметический
bathroom (551).jpg,bathroom,bathroom,0.7775,0.1541,0.637,0.058,4,0.0,0.1625,2.3186,0.8018,2,0.0153,0,0.0,0.6083,122409.56,122 410 RUB,Косметический
bathroom (552).jpg,bathroom,bathroom,0.56,0.1981,0.9853,0.1073,3,0.0001,0.2004,2.3186,0.6462,0,0.0095,0,0.0,0.407,112669.83,112 670 RUB,Косметический
bathroom (553).jpg,bathroom,bathroom,0.7747,0.2226,0.2341,0.0282,1,0.0,0.1387,2.3186,0.7127,1,0.003,0,0.0,0.734,100553.64,100 554 RUB,Косметический
bathroom (554).jpg,bathroom,bathroom,0.3867,0.2408,0.3217,0.0339,1,0.0045,0.192,2.3186,0.3774,0,0.0343,0,0.0,0.5518,123836.71,123 837 RUB,Косметический
bathroom (555).jpg,bathroom,shower,0.7709,0.2318,0.398,0.0388,2,0.0,0.17,2.3186,0.6993,1,0.019,0,0.0,0.6812,110627.5,110 628 RUB,Косметический
bathroom (556).jpg,bathroom,wet_bar,0.7223,0.3017,0.5784,0.0416,8,0.0016,0.1366,2.3186,0.5823,0,0.0665,0,0.0,0.6073,138458.25,138 458 RUB,Косметический
bathroom (557).jpg,bathroom,bathroom,0.7993,0.2492,0.6799,0.0511,2,0.0069,0.1121,2.3186,0.6883,1,0.0182,0,0.0,0.6062,117780.06,117 780 RUB,Косметический
bathroom (558).jpg,bathroom,bathroom,0.681,0.1394,0.2225,0.0325,3,0.0,0.1612,2.3186,0.7953,4,0.0024,0,0.0,0.6991,120058.09,120 058 RUB,Косметический
bathroom (559).jpg,bathroom,utility_room,0.5021,0.1556,0.1669,0.0399,3,0.0,0.1701,2.3186,0.6901,1,0.0151,0,0.0,0.6428,114670.9,114 671 RUB,Косметический
bathroom (56).jpeg,bathroom,shower,0.315,0.1792,0.3402,0.0821,4,0.0,0.1553,2.3186,0.4313,0,0.0184,0,0.0,0.5075,121722.64,121 723 RUB,Косметический
bathroom (56).jpg,bathroom,closet,0.6482,0.3568,0.6435,0.066,2,0.0,0.1522,2.3186,0.4495,1,0.0206,0,0.0,0.5531,129115.36,129 115 RUB,Косметический
bathroom (560).jpg,bathroom,utility_room,0.5573,0.1983,0.5214,0.045,3,0.0,0.1558,2.3186,0.6441,0,0.0109,0,0.0,0.5575,106795.24,106 795 RUB,Косметический
bathroom (561).jpg,bathroom,bathroom,0.4418,0.2841,0.6067,0.0468,4,0.0003,0.1653,2.3186,0.357,0,0.0431,0,0.0,0.4854,134000.55,134 001 RUB,Косметический
bathroom (562).jpg,bathroom,shower,0.508,0.1496,0.4267,0.1009,1,0.0003,0.1831,2.3186,0.7056,2,0.0201,0,0.0,0.555,124903.44,124 903 RUB,Косметический
bathroom (563).jpg,bathroom,bathroom,0.7623,0.1352,0.3706,0.0514,2,0.0,0.1553,2.3186,0.8226,1,0.0046,0,0.0,0.6835,104853.41,104 853 RUB,Косметический
bathroom (564).jpg,bathroom,wet_bar,0.4382,0.1786,0.1838,0.0355,0,0.0,0.1687,2.3186,0.5924,1,0.0218,0,0.0,0.613,114117.8,114 118 RUB,Косметический
bathroom (565).jpg,bathroom,wet_bar,0.5191,0.3184,0.8867,0.0501,8,0.0001,0.1851,2.3186,0.3867,1,0.043,1,5.3333,0.4316,165321.06,165 321 RUB,Косметический
bathroom (566).jpg,bathroom,bathroom,0.6488,0.3615,0.3816,0.0409,2,0.0,0.1219,2.3186,0.4428,2,0.0113,0,0.0,0.6369,130389.34,130 389 RUB,Косметический
bathroom (567).jpg,bathroom,bathroom,0.6591,0.3099,0.5547,0.0535,6,0.001,0.1703,2.3186,0.5298,1,0.035,1,5.3333,0.5867,158243.17,158 243 RUB,Косметический
bathroom (568).jpg,bathroom,utility_room,0.5058,0.1563,0.2486,0.0439,8,0.0006,0.187,2.3186,0.691,1,0.0328,0,0.0,0.619,127216.04,127 216 RUB,Косметический
bathroom (569).jpg,bathroom,shower,0.7567,0.2411,0.388,0.0384,2,0.0015,0.1213,2.3186,0.6814,0,0.0155,0,0.0,0.6787,101377.0,101 377 RUB,Косметический
bathroom (57).jpeg,bathroom,bathroom,0.4898,0.2255,0.718,0.0526,3,0.0,0.1928,2.3186,0.5395,1,0.0295,0,0.0,0.47,131594.96,131 595 RUB,Косметический
bathroom (57).jpg,bathroom,bathroom,0.8369,0.2131,0.2138,0.0246,3,0.0,0.1267,2.3186,0.7453,1,0.003,0,0.0,0.7657,108679.75,108 680 RUB,Косметический
bathroom (570).jpg,bathroom,bathroom,0.6245,0.2011,0.3465,0.0382,2,0.0,0.1535,2.3186,0.678,1,0.0052,0,0.0,0.6382,112746.01,112 746 RUB,Косметический
bathroom (571).jpg,bathroom,bathroom,0.5927,0.2345,0.8772,0.0724,6,0.0001,0.1957,2.3186,0.6043,2,0.0327,1,5.3333,0.4595,157289.53,157 290 RUB,Косметический
bathroom (572).jpg,bathroom,bathroom,0.4449,0.1339,0.2655,0.0506,7,0.0011,0.1642,2.3186,0.6991,0,0.0493,0,0.0,0.5883,120313.76,120 314 RUB,Косметический
bathroom (573).jpg,bathroom,bathroom,0.4845,0.2934,1.0,0.0767,3,0.0032,0.1961,2.3186,0.3944,0,0.0379,0,0.0,0.3788,133480.61,133 481 RUB,Косметический
bathroom (574).jpg,bathroom,bathroom,0.6709,0.157,0.1634,0.0258,2,0.0,0.1849,2.3186,0.766,0,0.0206,0,0.0,0.7142,97286.32,97 286 RUB,Косметический
bathroom (575).jpg,bathroom,shower,0.5303,0.1265,0.2966,0.0361,1,0.0,0.1316,2.3186,0.7614,0,0.0075,0,0.0,0.6159,94036.61,94 037 RUB,Косметический
bathroom (576).jpg,bathroom,bathroom,0.7828,0.2463,0.6105,0.0651,4,0.0,0.1311,2.3186,0.6854,3,0.0324,1,5.3333,0.6169,161306.25,161 306 RUB,Косметический
bathroom (577).jpg,bathroom,bathroom,0.7714,0.2492,0.554,0.0511,4,0.0,0.1441,2.3186,0.677,1,0.0142,1,5.3333,0.6321,138896.62,138 897 RUB,Косметический
bathroom (578).jpg,bathroom,bathroom,0.6166,0.2348,0.5084,0.0483,0,0.0,0.174,2.3186,0.6193,1,0.0187,0,0.0,0.5845,116329.69,116 330 RUB,Косметический
bathroom (579).jpg,bathroom,bathroom,0.732,0.3079,0.6358,0.0618,3,0.0,0.1513,2.3186,0.5794,1,0.0482,0,0.0,0.5897,129635.48,129 635 RUB,Косметический
bathroom (58).jpeg,bathroom,bathroom,0.4828,0.2209,1.0,0.0848,4,0.0,0.2109,2.3168,0.5425,4,0.0532,0,0.0,0.3762,172412.45,172 412 RUB,Капитальный
bathroom (58).jpg,bathroom,utility_room,0.5308,0.1558,0.4666,0.0687,6,0.0043,0.187,2.3186,0.7065,0,0.0487,0,0.0,0.5591,122326.72,122 327 RUB,Косметический
bathroom (580).jpg,bathroom,bathroom,0.704,0.2758,0.1474,0.0259,5,0.0,0.1272,2.3186,0.6082,0,0.0127,1,5.3333,0.7322,129813.22,129 813 RUB,Косметический
bathroom (581).jpg,bathroom,bathroom,0.4821,0.1725,0.2742,0.0463,2,0.0002,0.1683,2.3186,0.6422,1,0.0155,0,0.0,0.6014,118785.88,118 786 RUB,Косметический
bathroom (582).jpg,bathroom,utility_room,0.6948,0.2917,0.2515,0.0325,8,0.0001,0.1422,2.3186,0.5802,0,0.0129,2,10.6666,0.696,167266.38,167 266 RUB,Косметический
bathroom (59).jpeg,bathroom,bathroom,0.6266,0.2383,0.5601,0.0648,7,0.0,0.1823,2.3333,0.6197,4,0.0237,0,0.0,0.5697,151727.39,151 727 RUB,Косметический
bathroom (59).jpg,bathroom,shower,0.6541,0.219,0.6513,0.065,0,0.0,0.18,2.3265,0.6653,1,0.0394,0,0.0,0.5533,118549.91,118 550 RUB,Косметический
bathroom (6).jpeg,bathroom,bathroom,0.5528,0.1022,0.7691,0.0397,4,0.0003,0.151,2.3186,0.8151,0,0.0351,0,0.0,0.4825,113422.54,113 423 RUB,Косметический
bathroom (6).jpg,bathroom,bathroom,0.5526,0.2024,0.536,0.0529,6,0.0005,0.1715,2.3186,0.6338,0,0.0171,0,0.0,0.5497,113728.76,113 729 RUB,Косметический
bathroom (60).jpeg,bathroom,bathroom,0.5027,0.187,0.1981,0.0679,7,0.0842,0.1941,2.33,0.6281,0,0.0535,1,6.006,0.6365,149625.98,149 626 RUB,Косметический
bathroom (60).jpg,bathroom,bathroom,0.3078,0.2263,0.2306,0.0242,2,0.0,0.1477,2.3186,0.2646,1,0.0113,0,0.0,0.5491,136478.13,136 478 RUB,Косметический
bathroom (61).jpeg,bathroom,bathroom,0.5278,0.2052,1.0,0.1055,1,0.0185,0.1734,2.3168,0.6112,2,0.0297,0,0.0,0.3919,132799.56,132 800 RUB,Косметический
bathroom (61).jpg,bathroom,bathroom,0.511,0.095,0.2155,0.0405,0,0.009,0.1258,2.32,0.8141,0,0.0174,0,0.0,0.6325,96928.71,96 929 RUB,Косметический
bathroom (62).jpeg,bathroom,bathroom,0.6613,0.1152,0.3597,0.0362,5,0.0,0.1347,2.33,0.8258,0,0.0095,0,0.0,0.6494,96161.81,96 162 RUB,Косметический
bathroom (62).jpg,bathroom,bathroom,0.5356,0.185,0.3456,0.0445,2,0.0,0.1779,2.3186,0.6546,1,0.0344,0,0.0,0.6017,119917.98,119 918 RUB,Косметический
bathroom (63).jpeg,bathroom,bathroom,0.4793,0.148,1.0,0.0544,3,0.0033,0.1436,2.3186,0.6913,0,0.0291,0,0.0,0.3812,117173.95,117 174 RUB,Косметический
bathroom (63).jpg,bathroom,bathroom,0.4977,0.1864,0.1292,0.0226,3,0.0,0.148,2.3333,0.6255,2,0.0043,0,0.0,0.6558,122649.53,122 650 RUB,Косметический
bathroom (64).jpeg,bathroom,bathroom,0.5203,0.3034,1.0,0.1305,9,0.0014,0.1995,2.3186,0.4168,2,0.0707,0,0.0,0.3822,167067.22,167 067 RUB,Косметический
bathroom (64).jpg,bathroom,elevator/door,0.5521,0.1855,0.3679,0.0454,2,0.001,0.1714,2.3186,0.6639,1,0.0277,0,0.0,0.6015,114262.91,114 263 RUB,Косметический
bathroom (65).jpeg,bathroom,wet_bar,0.6658,0.2038,1.0,0.1116,8,0.0024,0.1892,2.33,0.6939,7,0.0574,4,24.0239,0.4442,210184.43,210 184 RUB,Капитальный
bathroom (65).jpg,bathroom,bathroom,0.4846,0.2545,0.673,0.0504,2,0.0,0.1903,2.3186,0.4749,0,0.014,0,0.0,0.4819,116618.83,116 619 RUB,Косметический
bathroom (66).jpeg,bathroom,bathroom,0.5792,0.1796,1.0,0.0906,3,0.0,0.1874,2.33,0.6899,1,0.0379,0,0.0,0.4136,129161.58,129 162 RUB,Косметический
bathroom (66).jpg,bathroom,bathroom,0.4858,0.1248,0.1538,0.0322,4,0.0,0.1721,2.3186,0.7431,1,0.0065,0,0.0,0.6418,110517.93,110 518 RUB,Косметический
bathroom (67).jpeg,bathroom,shower,0.6465,0.1626,0.2419,0.043,3,0.0,0.1652,2.3333,0.7486,2,0.0064,0,0.0,0.6774,113467.39,113 467 RUB,Косметический
bathroom (67).jpg,bathroom,bathroom,0.5416,0.2282,0.3625,0.0835,5,0.0031,0.1871,2.3186,0.5787,4,0.0262,0,0.0,0.5915,155097.79,155 098 RUB,Косметический
bathroom (68).jpeg,bathroom,bathroom,0.5396,0.1542,0.1766,0.0392,4,0.0,0.1677,2.3186,0.7142,1,0.0059,0,0.0,0.655,109611.1,109 611 RUB,Косметический
bathroom (68).jpg,bathroom,bathroom,0.5181,0.1398,0.2474,0.0512,2,0.0,0.1759,2.33,0.7301,1,0.0435,0,0.0,0.6228,120479.9,120 480 RUB,Косметический
bathroom (69).jpeg,bathroom,sauna,0.5592,0.2081,0.862,0.0806,3,0.0,0.2059,2.3186,0.6279,4,0.0241,0,0.0,0.449,148000.21,148 000 RUB,Косметический
bathroom (69).jpg,bathroom,shower,0.6476,0.1449,1.0,0.1399,3,0.001,0.1805,2.3333,0.7762,2,0.0198,0,0.0,0.4311,134463.34,134 463 RUB,Косметический
bathroom (7).jpeg,bathroom,bathroom,0.6997,0.1698,0.8223,0.0542,6,0.0001,0.1389,2.3186,0.7572,3,0.0256,0,0.0,0.5223,144050.71,144 051 RUB,Косметический
bathroom (7).jpg,bathroom,bathroom,0.6443,0.1674,0.4198,0.0561,6,0.0,0.1476,2.3186,0.7402,0,0.0184,2,10.6666,0.6206,159655.26,159 655 RUB,Косметический
bathroom (70).jpeg,bathroom,bathroom,0.4245,0.2491,0.5123,0.0898,9,0.0,0.1901,2.3333,0.4131,2,0.0436,0,0.0,0.4981,152289.03,152 289 RUB,Косметический
bathroom (70).jpg,bathroom,bathroom,0.5598,0.1613,0.7825,0.0773,7,0.0,0.1731,2.33,0.7119,1,0.0194,2,12.0119,0.4737,177534.3,177 534 RUB,Капитальный
bathroom (71).jpeg,bathroom,bathroom,0.4564,0.1056,0.3923,0.0632,6,0.0,0.135,2.3186,0.7687,0,0.0274,0,0.0,0.5522,110117.67,110 118 RUB,Косметический
bathroom (71).jpg,bathroom,bathroom,0.6561,0.1947,0.4284,0.0493,6,0.0,0.191,2.3333,0.7032,2,0.0148,0,0.0,0.6241,122558.45,122 558 RUB,Косметический
bathroom (72).jpeg,bathroom,bathroom,0.5009,0.11,0.1012,0.027,6,0.0,0.1227,2.3186,0.7805,0,0.0028,0,0.0,0.6646,95311.49,95 311 RUB,Косметический
bathroom (72).jpg,bathroom,bathroom,0.6153,0.1921,0.8259,0.0964,15,0.0,0.1922,2.3269,0.6878,4,0.0318,0,0.0,0.4791,165080.23,165 080 RUB,Косметический
bathroom (73).jpeg,bathroom,shower,0.4162,0.2028,1.0,0.0872,3,0.0,0.1672,2.33,0.5128,0,0.067,0,0.0,0.349,137686.96,137 687 RUB,Косметический
bathroom (73).jpg,bathroom,bathroom,0.5939,0.2217,0.6519,0.0449,4,0.0006,0.1629,2.33,0.6267,1,0.0132,1,6.006,0.5331,140909.58,140 910 RUB,Косметический
bathroom (74).jpeg,bathroom,wet_bar,0.4371,0.2723,0.8892,0.0764,7,0.0,0.1933,2.33,0.377,1,0.0338,2,12.0119,0.3928,194297.91,194 298 RUB,Капитальный
bathroom (74).jpg,bathroom,bathroom,0.6209,0.1545,0.4023,0.0646,4,0.0,0.1428,2.32,0.7512,1,0.0085,0,0.0,0.6147,103927.33,103 927 RUB,Косметический
bathroom (75).jpeg,bathroom,bathroom,0.5597,0.2607,0.4338,0.0523,3,0.0,0.1888,2.3333,0.5342,2,0.0103,0,0.0,0.5833,137382.99,137 383 RUB,Косметический
bathroom (75).jpg,bathroom,utility_room,0.4637,0.154,0.5326,0.0731,2,0.0,0.1681,2.33,0.6679,0,0.0478,0,0.0,0.5111,114948.75,114 949 RUB,Косметический
bathroom (76).jpeg,bathroom,bathroom,0.4985,0.2524,0.4793,0.0659,10,0.0006,0.149,2.33,0.4936,1,0.1077,0,0.0,0.5425,151520.59,151 521 RUB,Косметический
bathroom (76).jpg,bathroom,sauna,0.4969,0.1772,1.0,0.0837,1,0.0,0.1869,2.3333,0.6435,1,0.0694,0,0.0,0.382,130779.92,130 780 RUB,Косметический
bathroom (77).jpeg,bathroom,bathroom,0.4712,0.1995,0.732,0.0668,10,0.0074,0.1908,2.3303,0.5765,1,0.0305,1,5.3619,0.4562,152799.78,152 800 RUB,Косметический
bathroom (77).jpg,bathroom,utility_room,0.6995,0.1951,1.0,0.0486,1,0.0,0.1579,2.3333,0.7211,3,0.0202,0,0.0,0.4701,126269.74,126 270 RUB,Косметический
bathroom (78).jpeg,bathroom,bathroom,0.3864,0.2052,0.6867,0.0684,5,0.0001,0.1913,2.3333,0.469,2,0.0654,0,0.0,0.4349,159663.06,159 663 RUB,Косметический
bathroom (78).jpg,bathroom,bathroom,0.5601,0.124,1.0,0.0645,8,0.0,0.1645,2.3097,0.7786,2,0.0286,0,0.0,0.4111,135481.39,135 481 RUB,Косметический
bathroom (79).jpeg,bathroom,bathroom,0.5402,0.2016,1.0,0.1305,6,0.0135,0.1964,2.33,0.6268,3,0.0837,0,0.0,0.3913,168580.5,168 580 RUB,Косметический
bathroom (79).jpg,bathroom,youth_hostel,0.3896,0.2543,0.5007,0.0486,5,0.0,0.1711,2.3333,0.3473,1,0.035,0,0.0,0.4959,144851.71,144 852 RUB,Косметический
bathroom (8).jpeg,bathroom,shower,0.5491,0.1766,0.6454,0.1359,5,0.0101,0.1834,2.3186,0.6784,2,0.0192,0,0.0,0.4999,133123.1,133 123 RUB,Косметический
bathroom (8).jpg,bathroom,bathroom,0.5619,0.1885,0.2156,0.0472,1,0.0,0.198,2.3186,0.6645,1,0.0316,0,0.0,0.6507,118665.19,118 665 RUB,Косметический
bathroom (80).jpeg,bathroom,shower,0.7428,0.0852,0.3072,0.0371,4,0.0,0.1199,2.3186,0.8853,4,0.0003,0,0.0,0.6976,127232.07,127 232 RUB,Косметический
bathroom (80).jpg,bathroom,utility_room,0.6596,0.1122,1.0,0.0657,4,0.0002,0.1633,2.32,0.83,2,0.0127,1,6.0241,0.4507,146607.38,146 607 RUB,Косметический
bathroom (81).jpeg,bathroom,bathroom,0.5906,0.1568,0.5479,0.0987,3,0.0,0.2028,2.3333,0.7346,2,0.0284,0,0.0,0.5521,128972.86,128 973 RUB,Косметический
bathroom (81).jpg,bathroom,bathroom,0.6068,0.157,0.2543,0.0372,3,0.0,0.1421,2.31,0.7412,1,0.0091,0,0.0,0.659,100237.07,100 237 RUB,Косметический
bathroom (82).jpeg,bathroom,bathroom,0.4677,0.144,0.7002,0.0786,2,0.0,0.1533,2.3333,0.6921,0,0.071,0,0.0,0.4613,126041.26,126 041 RUB,Косметический
bathroom (82).jpg,bathroom,wet_bar,0.5346,0.1326,0.8293,0.0694,3,0.0,0.1902,2.32,0.752,0,0.0221,1,6.0241,0.4512,127532.49,127 532 RUB,Косметический
bathroom (83).jpeg,bathroom,bathroom,0.6214,0.1613,1.0,0.0726,6,0.0,0.177,2.33,0.7404,4,0.015,0,0.0,0.434,148726.75,148 727 RUB,Косметический
bathroom (83).jpg,bathroom,bathroom,0.4783,0.1918,0.6145,0.0639,8,0.0183,0.1944,2.33,0.599,0,0.0274,1,6.006,0.496,137575.31,137 575 RUB,Косметический
bathroom (84).jpeg,bathroom,bathroom,0.4918,0.1435,0.1517,0.0302,1,0.0001,0.1489,2.3333,0.7082,0,0.0048,0,0.0,0.6452,100014.95,100 015 RUB,Косметический
bathroom (84).jpg,bathroom,bathroom,0.4946,0.1094,0.2365,0.0273,6,0.0,0.1241,2.3186,0.7789,1,0.0063,0,0.0,0.6214,105829.68,105 830 RUB,Косметический
bathroom (85).jpeg,bathroom,bow_window/indoor,0.3452,0.2529,1.0,0.0833,1,0.0001,0.1477,2.3333,0.2675,0,0.0203,0,0.0,0.3214,132291.12,132 291 RUB,Косметический
bathroom (85).jpg,bathroom,shower,0.5988,0.1615,0.3745,0.0585,2,0.0209,0.172,2.3186,0.7303,2,0.0161,0,0.0,0.6175,118082.21,118 082 RUB,Косметический
bathroom (86).jpeg,bathroom,bathroom,0.5006,0.1248,0.2015,0.0328,5,0.0,0.1707,2.3333,0.7507,0,0.0184,0,0.0,0.6332,112507.98,112 508 RUB,Косметический
bathroom (86).jpg,bathroom,bathroom,0.5706,0.2601,1.0,0.0557,1,0.0296,0.1905,2.3186,0.5442,3,0.0234,0,0.0,0.4201,146412.7,146 413 RUB,Косметический
bathroom (87).jpeg,bathroom,bathroom,0.4757,0.2034,0.356,0.0473,3,0.0,0.2003,2.3186,0.5725,0,0.0161,0,0.0,0.574,113299.82,113 300 RUB,Косметический
bathroom (87).jpg,bathroom,bathroom,0.5738,0.1496,1.0,0.062,3,0.0,0.1752,2.31,0.7393,1,0.0176,0,0.0,0.4171,120601.62,120 602 RUB,Косметический
bathroom (88).jpeg,bathroom,bathroom,0.542,0.1469,0.2536,0.0344,5,0.0003,0.1434,2.3186,0.729,2,0.0099,0,0.0,0.6339,115588.37,115 588 RUB,Косметический
bathroom (88).jpg,bathroom,bathroom,0.5478,0.2565,1.0,0.0757,4,0.0,0.1915,2.33,0.5318,3,0.0438,0,0.0,0.404,164411.21,164 411 RUB,Косметический
bathroom (89).jpeg,bathroom,shower,0.6091,0.176,0.9813,0.0648,3,0.0003,0.1542,2.32,0.7112,3,0.0357,0,0.0,0.4363,142817.66,142 818 RUB,Косметический
bathroom (89).jpg,bathroom,beauty_salon,0.5595,0.1917,1.0,0.0896,7,0.0047,0.1845,2.3069,0.6574,1,0.1017,2,11.976,0.4063,186741.69,186 742 RUB,Капитальный
bathroom (9).jpeg,bathroom,bathroom,0.4044,0.2283,0.2417,0.0527,6,0.0,0.1845,2.3333,0.4355,2,0.0194,0,0.0,0.5787,147090.72,147 091 RUB,Косметический
bathroom (9).jpg,bathroom,shower,0.8109,0.1317,1.0,0.1055,1,0.0001,0.1392,2.3186,0.8376,1,0.0056,1,5.3333,0.5033,124692.64,124 693 RUB,Косметический
bathroom (90).jpeg,bathroom,bathroom,0.6146,0.1649,0.2155,0.0693,4,0.0,0.1632,2.3186,0.7317,2,0.0049,0,0.0,0.6673,115342.53,115 343 RUB,Косметический
bathroom (90).jpg,bathroom,shower,0.56,0.1721,1.0,0.0927,3,0.0,0.1697,2.3059,0.6927,1,0.0215,0,0.0,0.4055,123751.49,123 751 RUB,Косметический
bathroom (91).jpeg,bathroom,bathroom,0.7086,0.1417,0.5029,0.0372,3,0.0001,0.1998,2.3,0.8,2,0.0119,0,0.0,0.6252,113708.38,113 708 RUB,Косметический
bathroom (91).jpg,bathroom,bathroom,0.4293,0.2165,1.0,0.1305,6,0.0,0.1854,2.3303,0.4957,0,0.0602,0,0.0,0.3456,150943.43,150 943 RUB,Косметический
bathroom (92).jpeg,bathroom,bathroom,0.6223,0.1783,0.7282,0.0707,7,0.0,0.176,2.3186,0.7135,2,0.0394,1,5.3333,0.5163,152117.79,152 118 RUB,Косметический
bathroom (92).jpg,bathroom,bathroom,0.4288,0.1868,0.4134,0.0472,7,0.0,0.1897,2.3186,0.5644,0,0.0502,0,0.0,0.5381,131633.13,131 633 RUB,Косметический
bathroom (93).jpeg,bathroom,bathroom,0.5457,0.2479,0.295,0.0463,1,0.0,0.1744,2.3333,0.5458,0,0.0313,0,0.0,0.6205,113942.43,113 942 RUB,Косметический
bathroom (93).jpg,bathroom,bathroom,0.5818,0.1921,1.0,0.0739,5,0.0004,0.1745,2.33,0.6697,2,0.0413,2,12.0119,0.418,187678.15,187 678 RUB,Капитальный
bathroom (94).jpeg,bathroom,utility_room,0.5463,0.2399,1.0,0.0722,5,0.0001,0.1844,2.32,0.5609,1,0.0358,1,6.0241,0.4041,156278.64,156 279 RUB,Косметический
bathroom (94).jpg,bathroom,bathroom,0.4702,0.2206,0.9422,0.0832,9,0.0004,0.2154,2.3303,0.5309,0,0.0599,1,5.3619,0.3888,160586.94,160 587 RUB,Косметический
bathroom (95).jpeg,bathroom,wet_bar,0.6404,0.1743,0.864,0.0635,4,0.0001,0.1894,2.32,0.7278,4,0.0187,1,6.0241,0.4842,173639.91,173 640 RUB,Капитальный
bathroom (95).jpg,bathroom,jacuzzi/indoor,0.3481,0.2001,1.0,0.0798,1,0.0,0.1689,2.3333,0.425,1,0.0252,0,0.0,0.3233,139049.41,139 049 RUB,Косметический
bathroom (96).jpeg,bathroom,bathroom,0.5535,0.2187,0.8652,0.0584,4,0.0,0.191,2.3186,0.6048,4,0.0162,1,5.3333,0.4502,169362.73,169 363 RUB,Косметический
bathroom (96).jpg,bathroom,wet_bar,0.595,0.1643,1.0,0.1055,6,0.0002,0.1948,2.33,0.7239,2,0.0146,1,6.006,0.4169,168236.01,168 236 RUB,Косметический
bathroom (97).jpeg,bathroom,bathroom,0.5609,0.2214,1.0,0.13,4,0.0,0.1862,2.32,0.6054,3,0.1981,0,0.0,0.3984,181964.75,181 965 RUB,Капитальный
bathroom (97).jpg,bathroom,bathroom,0.4384,0.1927,0.1647,0.0303,3,0.0003,0.168,2.3186,0.5605,1,0.0162,0,0.0,0.6199,125548.99,125 549 RUB,Косметический
bathroom (98).jpeg,bathroom,shower,0.5609,0.1369,0.9823,0.1061,4,0.0004,0.1525,2.3186,0.7559,1,0.0267,0,0.0,0.4085,130512.75,130 513 RUB,Косметический
bathroom (98).jpg,bathroom,bathroom,0.3974,0.2656,0.7009,0.0728,1,0.0,0.1817,2.3186,0.3317,1,0.0118,0,0.0,0.4341,135708.28,135 708 RUB,Косметический
bathroom (99).jpeg,bathroom,shower,0.579,0.1869,0.5224,0.0596,3,0.0,0.1377,2.3186,0.6773,1,0.0221,1,5.3333,0.563,135087.59,135 088 RUB,Косметический
bathroom (99).jpg,bathroom,shower,0.5907,0.1383,0.4424,0.0437,7,0.0,0.1802,2.3186,0.7658,2,0.0249,0,0.0,0.5948,129414.77,129 415 RUB,Косметический
bathroom__2.jpg,bathroom,wet_bar,0.4961,0.2695,1.0,0.0747,3,0.0005,0.2099,2.3333,0.4569,3,0.0356,0,0.0,0.3836,162198.06,162 198 RUB,Косметический
bathroom__3.jpg,bathroom,wet_bar,0.3494,0.1385,0.63,0.0685,4,0.0002,0.184,2.3333,0.6037,0,0.0423,0,0.0,0.4371,133339.95,133 340 RUB,Косметический
bathroom__4.jpg,bathroom,wet_bar,0.5822,0.2183,1.0,0.1169,5,0.0,0.2086,2.32,0.625,1,0.0555,1,6.0241,0.4095,163971.23,163 971 RUB,Косметический
bathroom__5.jpg,bathroom,wet_bar,0.5055,0.155,0.4346,0.0574,4,0.0065,0.1533,2.3186,0.6933,1,0.0147,0,0.0,0.561,118291.85,118 292 RUB,Косметический
bathroom__6.jpg,bathroom,wet_bar,0.5764,0.2458,0.6909,0.0889,3,0.0,0.1981,2.3186,0.5736,1,0.0151,0,0.0,0.5055,126848.28,126 848 RUB,Косметический
bathroom__7.jpg,bathroom,bathroom,0.5606,0.2239,0.3857,0.0573,2,0.0007,0.1988,2.3186,0.6006,1,0.0162,0,0.0,0.5971,119593.9,119 594 RUB,Косметический
bedroom (1).jpeg,bedroom,basement,0.571,0.3424,0.7239,0.0263,0,0.0004,0.1442,2.3186,0.4003,1,0.0249,0,0.0,0.506,103769.74,103 770 RUB,Косметический
bedroom (1).jpg,bedroom,bow_window/indoor,0.6628,0.16,0.2998,0.0369,1,0.0,0.1125,2.3186,0.7585,2,0.0042,0,0.0,0.6678,89098.1,89 098 RUB,Без ремонта
bedroom (10).jpeg,bedroom,bow_window/indoor,0.464,0.1647,0.2462,0.0517,2,0.0251,0.1531,2.3333,0.6451,2,0.0292,0,0.0,0.6039,105967.61,105 968 RUB,Косметический
bedroom (10).jpg,bedroom,entrance_hall,0.5704,0.2369,0.5799,0.0373,0,0.0,0.1591,2.3186,0.5846,0,0.0261,0,0.0,0.5468,86638.86,86 639 RUB,Без ремонта
bedroom (100).jpeg,bedroom,youth_hostel,0.4866,0.1855,1.0,0.0884,4,0.0,0.1869,2.33,0.6188,1,0.0501,4,24.0239,0.377,149322.58,149 323 RUB,Косметический
bedroom (100).jpg,bedroom,elevator_lobby,0.3599,0.2543,0.4438,0.03,0,0.0,0.1738,2.3186,0.2934,0,0.0413,0,0.0,0.5048,103575.05,103 575 RUB,Косметический
bedroom (1000).jpg,bedroom,attic,0.6882,0.1498,0.4257,0.0413,0,0.0,0.1411,2.3186,0.7823,1,0.0051,0,0.0,0.6393,79769.22,79 769 RUB,Без ремонта
bedroom (1001).jpg,bedroom,childs_room,0.5859,0.2745,1.0,0.0955,19,0.0132,0.1627,2.3186,0.5315,1,0.0962,1,5.3333,0.4166,157399.17,157 399 RUB,Косметический
bedroom (1002).jpg,bedroom,attic,0.5656,0.1696,0.2869,0.0306,0,0.0,0.124,2.3186,0.7001,0,0.0005,0,0.0,0.6341,77687.08,77 687 RUB,Без ремонта
bedroom (1003).jpg,bedroom,bedroom,0.4155,0.2962,0.9057,0.0743,5,0.0,0.1494,2.3186,0.2871,0,0.0467,4,21.3332,0.3796,150930.52,150 931 RUB,Косметический
bedroom (1004).jpg,bedroom,bedchamber,0.6066,0.2448,0.518,0.0737,5,0.0006,0.1869,2.3186,0.5964,1,0.0608,4,21.3332,0.5726,147778.93,147 779 RUB,Косметический
bedroom (1005).jpg,bedroom,childs_room,0.629,0.2366,1.0,0.1024,4,0.0065,0.1969,2.3186,0.6238,1,0.0562,2,10.6666,0.4317,141527.18,141 527 RUB,Косметический
bedroom (1006).jpg,bedroom,home_office,0.4415,0.2818,0.4959,0.078,7,0.1448,0.2007,2.3186,0.3618,1,0.0445,5,26.6665,0.5267,153046.46,153 046 RUB,Косметический
bedroom (1007).jpg,bedroom,alcove,0.4539,0.2426,0.4934,0.0349,0,0.0041,0.1802,2.3186,0.4656,0,0.0016,0,0.0,0.527,90831.66,90 832 RUB,Косметический
bedroom (1008).jpg,bedroom,bedroom,0.5895,0.237,0.9936,0.0959,1,0.0001,0.1912,2.3186,0.5979,0,0.0344,1,5.3333,0.4186,112553.31,112 553 RUB,Косметический
bedroom (1009).jpg,bedroom,bedroom,0.5171,0.2998,0.836,0.049,2,0.0,0.1646,2.3186,0.4202,0,0.0289,2,10.6666,0.4462,130055.65,130 056 RUB,Косметический
bedroom (101).jpeg,bedroom,bedroom,0.4507,0.1635,1.0,0.0671,1,0.0048,0.1732,2.3186,0.6371,1,0.1304,1,5.3333,0.3673,133619.63,133 620 RUB,Косметический
bedroom (101).jpg,bedroom,alcove,0.7846,0.2086,0.1519,0.0178,1,0.0,0.1119,2.3186,0.7342,1,0.0138,1,5.3333,0.7647,97973.78,97 974 RUB,Косметический
bedroom (1010).jpg,bedroom,attic,0.5553,0.2146,0.3197,0.0256,1,0.0,0.1634,2.3186,0.6135,1,0.0086,0,0.0,0.6211,90757.28,90 757 RUB,Косметический
bedroom (1011).jpg,bedroom,bedroom,0.6441,0.2162,1.0,0.1041,3,0.0002,0.1772,2.3186,0.6643,0,0.052,2,10.6666,0.4368,133965.64,133 966 RUB,Косметический
bedroom (1012).jpg,bedroom,wet_bar,0.5832,0.247,0.6396,0.0747,11,0.0,0.1913,2.3186,0.5764,1,0.056,1,5.3333,0.5264,141334.85,141 335 RUB,Косметический
bedroom (1013).jpg,bedroom,childs_room,0.4908,0.2393,1.0,0.106,8,0.0015,0.1758,2.3186,0.5125,0,0.0366,4,21.3332,0.3753,157190.44,157 190 RUB,Косметический
bedroom (1014).jpg,bedroom,bedroom,0.8259,0.2368,0.6922,0.0451,2,0.0016,0.139,2.3186,0.7133,1,0.0407,1,5.3333,0.6139,111574.01,111 574 RUB,Косметический
bedroom (1015).jpg,bedroom,attic,0.7022,0.2642,0.5828,0.0506,2,0.0001,0.1671,2.3186,0.6238,1,0.0246,2,10.6666,0.5959,128234.84,128 235 RUB,Косметический
bedroom (1016).jpg,bedroom,attic,0.4506,0.111,0.0713,0.0221,0,0.0008,0.1604,2.3186,0.7536,0,0.0067,0,0.0,0.6545,74870.39,74 870 RUB,Без ремонта
bedroom (1017).jpg,bedroom,bedroom,0.6267,0.2198,0.9246,0.0834,3,0.0193,0.2013,2.3186,0.6492,1,0.0281,2,10.6666,0.4585,133125.78,133 126 RUB,Косметический
bedroom (1018).jpg,bedroom,attic,0.4959,0.1691,0.0808,0.0149,0,0.0001,0.1475,2.3186,0.6591,1,0.004,0,0.0,0.6712,84821.89,84 822 RUB,Без ремонта
bedroom (1019).jpg,bedroom,bedroom,0.5828,0.2881,0.8624,0.0742,6,0.0,0.2094,2.3186,0.5058,1,0.016,5,26.6665,0.4596,150043.05,150 043 RUB,Косметический
bedroom (102).jpeg,bedroom,bow_window/indoor,0.3407,0.2005,0.446,0.0464,0,0.0,0.1616,2.3186,0.4115,1,0.0443,0,0.0,0.4932,102291.11,102 291 RUB,Косметический
bedroom (102).jpg,bedroom,bathroom,0.6677,0.1778,0.4054,0.0518,1,0.0001,0.1648,2.3186,0.7337,1,0.0093,0,0.0,0.6351,86199.91,86 200 RUB,Без ремонта
bedroom (1020).jpg,bedroom,bow_window/indoor,0.5086,0.2381,0.7741,0.0498,1,0.0,0.1626,2.3186,0.5319,1,0.0272,0,0.0,0.4613,100467.89,100 468 RUB,Косметический
bedroom (1021).jpg,bedroom,living_room,0.7066,0.3046,0.805,0.0666,8,0.0001,0.1793,2.3186,0.5689,1,0.0391,4,21.3332,0.5278,150873.83,150 874 RUB,Косметический
bedroom (1022).jpg,bedroom,basement,0.7076,0.1406,0.2055,0.0214,0,0.0,0.1304,2.3186,0.8013,1,0.0,0,0.0,0.7171,75170.21,75 170 RUB,Без ремонта
bedroom (1023).jpg,bedroom,bedroom,0.6741,0.3261,1.0,0.0992,4,0.0,0.1498,2.3186,0.5163,2,0.0292,4,21.3332,0.4498,154075.06,154 075 RUB,Косметический
bedroom (1024).jpg,bedroom,living_room,0.4371,0.257,1.0,0.1295,11,0.004,0.1994,2.3186,0.412,0,0.0611,3,15.9999,0.3493,159346.27,159 346 RUB,Косметический
bedroom (1025).jpg,bedroom,attic,0.5275,0.2295,0.7286,0.0775,3,0.0,0.1739,2.3186,0.5649,0,0.0273,1,5.3333,0.4769,115955.33,115 955 RUB,Косметический
bedroom (1026).jpg,bedroom,bedchamber,0.6421,0.2346,1.0,0.1072,5,0.0122,0.1719,2.3186,0.6347,2,0.058,3,15.9999,0.4366,159745.52,159 746 RUB,Косметический
bedroom (1027).jpg,bedroom,bedroom,0.4525,0.2831,1.0,0.0813,4,0.0008,0.2222,2.3186,0.3744,0,0.072,2,10.6666,0.3648,152530.04,152 530 RUB,Косметический
bedroom (1028).jpg,bedroom,bedroom,0.4638,0.2676,0.9536,0.0867,3,0.0001,0.1827,2.3186,0.4229,0,0.0392,3,15.9999,0.3821,146182.24,146 182 RUB,Косметический
bedroom (1029).jpg,bedroom,bedroom,0.5168,0.2506,1.0,0.1034,2,0.0001,0.205,2.3186,0.5152,0,0.0599,1,5.3333,0.386,119944.96,119 945 RUB,Косметический
bedroom (103).jpeg,bedroom,nursery,0.48,0.1657,0.8688,0.0631,2,0.0014,0.2043,2.3168,0.6548,1,0.0257,1,5.9701,0.4189,116147.43,116 147 RUB,Косметический
bedroom (103).jpg,bedroom,alcove,0.566,0.1656,0.1139,0.0125,0,0.0,0.1564,2.3186,0.7074,0,0.0064,0,0.0,0.6897,78753.25,78 753 RUB,Без ремонта
bedroom (1030).jpg,bedroom,bedroom,0.5486,0.1958,1.0,0.0613,1,0.0,0.1618,2.3186,0.6431,0,0.0226,1,5.3333,0.4072,106015.08,106 015 RUB,Косметический
bedroom (1031).jpg,bedroom,bedroom,0.5688,0.2532,1.0,0.0847,2,0.0005,0.1968,2.3186,0.5547,2,0.0598,2,10.6666,0.4106,148611.8,148 612 RUB,Косметический
bedroom (1032).jpg,bedroom,bedroom,0.5661,0.2344,0.8071,0.0801,6,0.0001,0.181,2.3186,0.5859,1,0.0264,5,26.6665,0.4683,147314.02,147 314 RUB,Косметический
bedroom (1033).jpg,bedroom,alcove,0.5207,0.2359,0.7009,0.0681,0,0.0001,0.1843,2.3186,0.547,0,0.0131,0,0.0,0.4844,86104.31,86 104 RUB,Без ремонта
bedroom (1034).jpg,bedroom,bow_window/indoor,0.4742,0.2086,0.3187,0.056,0,0.0002,0.139,2.3186,0.5601,1,0.0221,0,0.0,0.5829,93307.03,93 307 RUB,Косметический
bedroom (1035).jpg,bedroom,attic,0.3551,0.1491,0.2039,0.0335,1,0.0023,0.1359,2.3186,0.58,0,0.0359,1,5.3333,0.5744,104243.56,104 244 RUB,Косметический
bedroom (1036).jpg,bedroom,attic,0.4734,0.1263,0.2845,0.0286,0,0.0,0.1349,2.3186,0.7332,1,0.0038,0,0.0,0.5983,84804.17,84 804 RUB,Без ремонта
bedroom (1037).jpg,bedroom,bedroom,0.6236,0.2506,0.6486,0.0658,1,0.0022,0.1684,2.3186,0.5981,3,0.0304,1,5.3333,0.5419,129596.25,129 596 RUB,Косметический
bedroom (1038).jpg,bedroom,alcove,0.2953,0.2273,0.3984,0.0539,0,0.0,0.1417,2.3186,0.2303,1,0.0247,0,0.0,0.4878,111606.54,111 607 RUB,Косметический
bedroom (1039).jpg,bedroom,bow_window/indoor,0.5111,0.1375,0.7248,0.0707,0,0.0,0.1532,2.3186,0.731,2,0.0311,0,0.0,0.4729,98931.14,98 931 RUB,Косметический
bedroom (104).jpeg,bedroom,bow_window/indoor,0.5909,0.1497,0.5549,0.0431,1,0.0033,0.1613,2.3186,0.7467,0,0.0174,0,0.0,0.5616,79174.37,79 174 RUB,Без ремонта
bedroom (104).jpg,bedroom,childs_room,0.5346,0.2477,0.7922,0.0679,2,0.0019,0.1996,2.3186,0.5366,1,0.0307,2,10.6666,0.4628,133452.18,133 452 RUB,Косметический
bedroom (1040).jpg,bedroom,attic,0.5808,0.1301,0.0941,0.0183,1,0.0,0.1581,2.3186,0.7759,2,0.0002,1,5.3333,0.7004,93755.63,93 756 RUB,Косметический
bedroom (1041).jpg,bedroom,nursery,0.6111,0.2433,1.0,0.0963,0,0.003,0.1896,2.3186,0.6019,1,0.0839,0,0.0,0.4255,103184.14,103 184 RUB,Косметический
bedroom (1042).jpg,bedroom,bedroom,0.6224,0.2052,0.5551,0.0683,3,0.0,0.1607,2.3186,0.6703,1,0.0206,2,10.6666,0.5688,126428.62,126 429 RUB,Косметический
bedroom (1043).jpg,bedroom,bedroom,0.4885,0.2681,0.6321,0.0675,8,0.0009,0.1754,2.3186,0.4511,3,0.0348,5,26.6665,0.4924,178206.33,178 206 RUB,Капитальный
bedroom (1044).jpg,bedroom,bow_window/indoor,0.6461,0.1941,0.7054,0.1029,0,0.0,0.1742,2.3186,0.6995,2,0.0143,0,0.0,0.5262,93487.12,93 487 RUB,Косметический
bedroom (1045).jpg,bedroom,bedroom,0.4656,0.2482,0.8793,0.0857,5,0.0032,0.1815,2.3186,0.467,0,0.0389,3,15.9999,0.4056,148481.83,148 482 RUB,Косметический
bedroom (1046).jpg,bedroom,bedroom,0.5776,0.2519,1.0,0.0918,5,0.0014,0.1979,2.3186,0.564,0,0.0833,3,15.9999,0.4128,145554.37,145 554 RUB,Косметический
bedroom (1047).jpg,bedroom,attic,0.6896,0.1584,0.271,0.0284,0,0.0,0.1396,2.3186,0.7704,2,0.0027,0,0.0,0.6888,83487.97,83 488 RUB,Без ремонта
bedroom (1048).jpg,bedroom,nursery,0.5219,0.2004,0.3467,0.0692,6,0.0055,0.1967,2.3186,0.616,0,0.0592,3,15.9999,0.5914,139206.06,139 206 RUB,Косметический
bedroom (1049).jpg,bedroom,bedroom,0.5201,0.1509,1.0,0.0947,3,0.005,0.1748,2.3186,0.7099,0,0.1169,3,15.9999,0.3896,153801.51,153 802 RUB,Косметический
bedroom (105).jpeg,bedroom,bedroom,0.5405,0.1967,0.8108,0.1001,3,0.0,0.1814,2.33,0.636,1,0.0748,2,12.0119,0.4529,152079.49,152 079 RUB,Косметический
bedroom (105).jpg,bedroom,bow_window/indoor,0.566,0.1141,0.2527,0.0482,0,0.0,0.1431,2.3186,0.7984,2,0.0,0,0.0,0.641,86698.0,86 698 RUB,Без ремонта
bedroom (1050).jpg,bedroom,bedroom,0.5064,0.3036,1.0,0.067,3,0.0,0.1924,2.3186,0.4004,2,0.0584,2,10.6666,0.3891,157139.07,157 139 RUB,Косметический
bedroom (1051).jpg,bedroom,bedroom,0.5766,0.2342,0.8216,0.0758,2,0.0001,0.1843,2.3186,0.5938,2,0.0324,2,10.6666,0.469,144705.88,144 706 RUB,Косметический
bedroom (1052).jpg,bedroom,bedroom,0.4778,0.2518,0.7812,0.121,1,0.0,0.1943,2.3186,0.473,0,0.0204,1,5.3333,0.4326,110175.07,110 175 RUB,Косметический
bedroom (1053).jpg,bedroom,youth_hostel,0.6922,0.1624,0.6701,0.0686,3,0.0,0.1474,2.3186,0.7654,0,0.0124,3,15.9999,0.5621,119839.33,119 839 RUB,Косметический
bedroom (1054).jpg,bedroom,alcove,0.6977,0.291,0.1608,0.0268,1,0.0,0.1354,2.3186,0.5828,2,0.0164,0,0.0,0.7255,100967.25,100 967 RUB,Косметический
bedroom (1055).jpg,bedroom,bedroom,0.6636,0.2339,0.7205,0.0593,1,0.0,0.1923,2.3186,0.6476,1,0.0373,1,5.3333,0.5374,115546.54,115 547 RUB,Косметический
bedroom (1056).jpg,bedroom,bedroom,0.5571,0.2609,0.5547,0.0396,1,0.0001,0.1652,2.3186,0.5317,1,0.0272,1,5.3333,0.5485,114181.87,114 182 RUB,Косметический
bedroom (1057).jpg,bedroom,attic,0.4249,0.2378,0.097,0.0197,0,0.0,0.1643,2.3186,0.4404,4,0.031,0,0.0,0.6369,120687.01,120 687 RUB,Косметический
bedroom (1058).jpg,bedroom,bedroom,0.561,0.3097,0.3963,0.0545,6,0.0168,0.1825,2.3186,0.448,0,0.0115,5,26.6665,0.5963,142493.78,142 494 RUB,Косметический
bedroom (1059).jpg,bedroom,bedroom,0.4443,0.2014,0.9769,0.1083,2,0.0074,0.1953,2.3186,0.5467,1,0.0652,1,5.3333,0.3638,129868.63,129 869 RUB,Косметический
bedroom (106).jpeg,bedroom,alcove,0.5581,0.1127,0.0976,0.0246,0,0.0,0.1451,2.3186,0.7981,1,0.0005,0,0.0,0.689,76750.18,76 750 RUB,Без ремонта
bedroom (106).jpg,bedroom,bedroom,0.4333,0.2999,0.981,0.0659,5,0.0,0.174,2.3186,0.308,1,0.0413,2,10.6666,0.3659,150465.74,150 466 RUB,Косметический
bedroom (1060).jpg,bedroom,bow_window/indoor,0.3612,0.235,0.2505,0.0409,0,0.0021,0.1933,2.3186,0.3494,0,0.0147,0,0.0,0.5613,94983.03,94 983 RUB,Косметический
bedroom (1061).jpg,bedroom,attic,0.5295,0.1718,0.1195,0.0217,4,0.0,0.1649,2.3186,0.6755,1,0.0087,0,0.0,0.6716,96222.91,96 223 RUB,Косметический
bedroom (1062).jpg,bedroom,bedroom,0.531,0.2672,0.6121,0.0464,1,0.0,0.175,2.3186,0.4968,0,0.0638,1,5.3333,0.5195,113459.98,113 460 RUB,Косметический
bedroom (1063).jpg,bedroom,hotel_room,0.4672,0.2773,0.6439,0.0851,7,0.0001,0.2118,2.3186,0.4065,1,0.0335,4,21.3332,0.4767,156206.83,156 207 RUB,Косметический
bedroom (1064).jpg,bedroom,garage/indoor,0.6641,0.1747,0.3312,0.0212,0,0.0,0.1323,2.3186,0.7369,1,0.0025,0,0.0,0.662,85108.43,85 108 RUB,Без ремонта
bedroom (1065).jpg,bedroom,artists_loft,0.6831,0.1729,0.2656,0.0254,0,0.0,0.1241,2.3186,0.7469,2,0.0002,0,0.0,0.6885,85511.15,85 511 RUB,Без ремонта
bedroom (1066).jpg,bedroom,bow_window/indoor,0.6001,0.2016,0.1754,0.0216,0,0.0,0.1688,2.3186,0.664,0,0.0001,0,0.0,0.6831,78419.88,78 420 RUB,Без ремонта
bedroom (1067).jpg,bedroom,bedroom,0.4904,0.2508,0.4709,0.0336,2,0.0,0.1239,2.3186,0.4886,0,0.0201,2,10.6666,0.5482,127516.11,127 516 RUB,Косметический
bedroom (1068).jpg,bedroom,bedroom,0.6692,0.2446,1.0,0.0936,4,0.0001,0.2009,2.3186,0.6345,4,0.0743,3,15.9999,0.449,169205.46,169 205 RUB,Косметический
bedroom (1069).jpg,bedroom,bow_window/indoor,0.4504,0.2043,0.1156,0.0365,0,0.0,0.1743,2.3186,0.5463,2,0.0169,0,0.0,0.6381,95144.73,95 145 RUB,Косметический
bedroom (107).jpeg,bedroom,bow_window/indoor,0.262,0.1924,0.6939,0.0368,0,0.0002,0.1456,2.3333,0.2656,0,0.0147,0,0.0,0.3893,101741.43,101 741 RUB,Косметический
bedroom (107).jpg,bedroom,childs_room,0.5821,0.2471,1.0,0.0631,4,0.001,0.1919,2.3186,0.5754,0,0.0583,1,5.3333,0.4203,117840.96,117 841 RUB,Косметический
bedroom (1070).jpg,bedroom,television_room,0.4808,0.2426,0.9264,0.0847,2,0.0001,0.1938,2.3186,0.4954,0,0.0288,2,10.6666,0.3975,134468.92,134 469 RUB,Косметический
bedroom (1071).jpg,bedroom,basement,0.7008,0.1407,0.0434,0.0147,0,0.0,0.1535,2.3186,0.7993,1,0.0007,0,0.0,0.7644,75687.33,75 687 RUB,Без ремонта
bedroom (1072).jpg,bedroom,closet,0.5176,0.14,0.1086,0.0223,0,0.0,0.1483,2.3186,0.7296,0,0.0171,0,0.0,0.67,77214.47,77 214 RUB,Без ремонта
bedroom (1073).jpg,bedroom,bow_window/indoor,0.5232,0.0942,0.1866,0.0316,0,0.0,0.1207,2.3186,0.82,0,0.0009,0,0.0,0.647,69014.08,69 014 RUB,Без ремонта
bedroom (1074).jpg,bedroom,bedroom,0.3807,0.227,0.1459,0.0478,1,0.0,0.2017,2.3186,0.4037,0,0.0116,1,5.3333,0.5989,106365.29,106 365 RUB,Косметический
bedroom (1075).jpg,bedroom,alcove,0.7197,0.2955,0.291,0.0198,0,0.0,0.1085,2.3186,0.5894,1,0.0027,0,0.0,0.6966,87548.32,87 548 RUB,Без ремонта
bedroom (1076).jpg,bedroom,garage/indoor,0.5805,0.1744,0.3686,0.041,1,0.0,0.1494,2.3186,0.6995,0,0.005,0,0.0,0.6134,83875.36,83 875 RUB,Без ремонта
bedroom (1077).jpg,bedroom,dorm_room,0.4419,0.2571,0.3091,0.0295,3,0.0,0.1844,2.3186,0.4183,1,0.0333,1,5.3333,0.5781,125709.88,125 710 RUB,Косметический
bedroom (1078).jpg,bedroom,television_room,0.5514,0.3064,1.0,0.1338,5,0.0002,0.2095,2.3186,0.4442,0,0.0788,4,21.3332,0.3938,152394.73,152 395 RUB,Косметический
bedroom (1079).jpg,bedroom,bedroom,0.499,0.241,0.7443,0.0635,6,0.0075,0.1897,2.3186,0.5171,0,0.0237,2,10.6666,0.4644,143152.54,143 153 RUB,Косметический
bedroom (108).jpeg,bedroom,bow_window/indoor,0.5135,0.1334,0.6946,0.033,1,0.0,0.1305,2.32,0.7401,1,0.0054,0,0.0,0.4904,84790.07,84 790 RUB,Без ремонта
bedroom (108).jpg,bedroom,playroom,0.5933,0.236,0.8094,0.0582,6,0.0152,0.1987,2.3186,0.6022,2,0.0292,1,5.3333,0.4844,140077.57,140 078 RUB,Косметический
bedroom (1080).jpg,bedroom,bow_window/indoor,0.408,0.1923,0.2077,0.0408,0,0.0,0.1302,2.3186,0.5288,2,0.0088,0,0.0,0.5928,98946.18,98 946 RUB,Косметический
bedroom (1081).jpg,bedroom,bedroom,0.6501,0.2668,0.606,0.0592,2,0.0,0.1747,2.3186,0.5895,2,0.0325,1,5.3333,0.5664,128714.98,128 715 RUB,Косметический
bedroom (1082).jpg,bedroom,childs_room,0.6062,0.1956,0.8784,0.1151,2,0.0102,0.241,2.3186,0.6773,1,0.0117,2,10.6666,0.457,132389.16,132 389 RUB,Косметический
bedroom (1083).jpg,bedroom,bedchamber,0.5225,0.2332,1.0,0.084,4,0.0001,0.1784,2.3186,0.5538,1,0.0431,2,10.6666,0.3922,138624.01,138 624 RUB,Косметический
bedroom (1084).jpg,bedroom,closet,0.7496,0.1189,0.1793,0.0226,0,0.0,0.1336,2.3186,0.8413,1,0.0,0,0.0,0.7415,72643.79,72 644 RUB,Без ремонта
bedroom (1085).jpg,bedroom,bow_window/indoor,0.655,0.1962,0.4114,0.0513,0,0.0,0.1547,2.3186,0.7004,2,0.0027,0,0.0,0.6283,87204.53,87 205 RUB,Без ремонта
bedroom (1086).jpg,bedroom,bedroom,0.493,0.2743,1.0,0.0953,2,0.0011,0.1991,2.3186,0.4436,0,0.0531,2,10.6666,0.3782,140840.18,140 840 RUB,Косметический
bedroom (1087).jpg,bedroom,bedroom,0.6496,0.2728,0.4888,0.0375,2,0.0,0.1832,2.3186,0.58,2,0.0164,1,5.3333,0.6057,123748.82,123 749 RUB,Косметический
bedroom (1088).jpg,bedroom,garage/indoor,0.6397,0.2125,0.6788,0.0545,0,0.0,0.1515,2.3186,0.6678,2,0.0128,0,0.0,0.5413,95333.1,95 333 RUB,Косметический
bedroom (1089).jpg,bedroom,bedchamber,0.5987,0.2579,0.3877,0.053,3,0.0,0.2044,2.3186,0.5691,2,0.0264,2,10.6666,0.6126,140935.13,140 935 RUB,Косметический
bedroom (109).jpeg,bedroom,bow_window/indoor,0.4538,0.1923,0.1659,0.0273,0,0.0,0.1616,2.3186,0.5763,3,0.0269,0,0.0,0.6263,110675.93,110 676 RUB,Косметический
bedroom (109).jpg,bedroom,bow_window/indoor,0.5908,0.1849,0.5544,0.0367,0,0.0008,0.1301,2.3186,0.687,0,0.0136,0,0.0,0.5628,83030.17,83 030 RUB,Без ремонта
bedroom (1090).jpg,bedroom,bow_window/indoor,0.6086,0.2309,0.5056,0.0381,0,0.0,0.1709,2.3186,0.6207,2,0.0095,0,0.0,0.5841,93535.34,93 535 RUB,Косметический
bedroom (1091).jpg,bedroom,artists_loft,0.6541,0.201,0.3123,0.0324,1,0.002,0.1457,2.3186,0.6927,4,0.0054,1,5.3333,0.6616,119206.89,119 207 RUB,Косметический
bedroom (1092).jpg,bedroom,bow_window/indoor,0.4712,0.1898,0.1525,0.0183,1,0.0,0.1333,2.3186,0.5973,1,0.0154,1,5.3333,0.6391,108039.43,108 039 RUB,Косметический
bedroom (1093).jpg,bedroom,youth_hostel,0.7762,0.1618,0.5303,0.0407,0,0.0001,0.1165,2.3186,0.7915,1,0.0178,0,0.0,0.6433,83837.1,83 837 RUB,Без ремонта
bedroom (1094).jpg,bedroom,hotel_room,0.4057,0.2378,0.4488,0.061,3,0.0,0.1871,2.3186,0.4138,3,0.0324,3,15.9999,0.5154,157713.8,157 714 RUB,Косметический
bedroom (1095).jpg,bedroom,bedroom,0.5565,0.2582,0.7393,0.0811,2,0.0002,0.1962,2.3186,0.536,2,0.0136,2,10.6666,0.4846,146583.14,146 583 RUB,Косметический
bedroom (1096).jpg,bedroom,bow_window/indoor,0.709,0.1742,0.2575,0.021,0,0.0,0.1363,2.3186,0.7543,1,0.0,0,0.0,0.7022,82209.84,82 210 RUB,Без ремонта
bedroom (1097).jpg,bedroom,alcove,0.7405,0.2347,0.1833,0.0189,0,0.0,0.1303,2.3186,0.683,2,0.0053,0,0.0,0.7374,83963.93,83 964 RUB,Без ремонта
bedroom (1098).jpg,bedroom,bow_window/indoor,0.4331,0.3625,0.4447,0.0208,0,0.0032,0.1347,2.3186,0.1632,1,0.0031,0,0.0,0.536,106496.55,106 497 RUB,Косметический
bedroom (1099).jpg,bedroom,bow_window/indoor,0.4262,0.1977,0.183,0.0227,0,0.0,0.1397,2.3186,0.5362,1,0.007,0,0.0,0.611,88865.05,88 865 RUB,Без ремонта
bedroom (11).jpeg,bedroom,basement,0.5405,0.0842,0.1501,0.0143,0,0.0,0.1352,2.3186,0.8442,0,0.0035,0,0.0,0.6683,72234.98,72 235 RUB,Без ремонта
bedroom (11).jpg,bedroom,bedroom,0.6886,0.3298,0.5921,0.0464,2,0.0,0.1264,2.3186,0.5211,0,0.0151,1,5.3333,0.5885,105517.47,105 517 RUB,Косметический
bedroom (110).jpeg,bedroom,bedchamber,0.5263,0.166,1.0,0.1085,5,0.0,0.1848,2.33,0.6847,0,0.0649,3,18.0179,0.3888,148441.61,148 442 RUB,Косметический
bedroom (110).jpg,bedroom,bow_window/indoor,0.5724,0.1808,0.5972,0.0369,0,0.0141,0.1461,2.3186,0.6841,0,0.0111,0,0.0,0.5438,78594.03,78 594 RUB,Без ремонта
bedroom (1100).jpg,bedroom,bow_window/indoor,0.5814,0.2198,0.5031,0.0648,0,0.0011,0.1636,2.3186,0.6219,2,0.0018,0,0.0,0.5688,92128.89,92 129 RUB,Косметический
bedroom (1101).jpg,bedroom,bedchamber,0.571,0.2389,0.7451,0.1024,4,0.0001,0.2065,2.3186,0.5816,2,0.0178,2,10.6666,0.4844,149001.51,149 002 RUB,Косметический
bedroom (1102).jpg,bedroom,elevator/door,0.5202,0.2958,0.3874,0.0304,0,0.0,0.189,2.3186,0.4315,2,0.0218,0,0.0,0.5858,105041.18,105 041 RUB,Косметический
bedroom (1103).jpg,bedroom,bedchamber,0.5934,0.1894,0.9215,0.098,4,0.0028,0.2118,2.3186,0.6808,0,0.0306,2,10.6666,0.4416,138159.23,138 159 RUB,Косметический
bedroom (1104).jpg,bedroom,bedchamber,0.5213,0.2544,0.8671,0.0743,2,0.0,0.2099,2.3186,0.5119,2,0.024,1,5.3333,0.4335,129350.92,129 351 RUB,Косметический
bedroom (1105).jpg,bedroom,bedchamber,0.5946,0.2702,0.6453,0.0782,3,0.0001,0.1839,2.3186,0.5456,3,0.0224,2,10.6666,0.5286,151167.13,151 167 RUB,Косметический
bedroom (1106).jpg,bedroom,alcove,0.6893,0.2941,0.2247,0.0145,1,0.0,0.1367,2.3186,0.5733,0,0.0117,0,0.0,0.7054,86064.6,86 065 RUB,Без ремонта
bedroom (1107).jpg,bedroom,bedchamber,0.5892,0.2491,0.5685,0.0735,3,0.0,0.1687,2.3186,0.5773,3,0.0193,3,15.9999,0.5504,155929.69,155 930 RUB,Косметический
bedroom (1108).jpg,bedroom,attic,0.5029,0.1265,0.1282,0.0204,0,0.0,0.1557,2.3186,0.7485,0,0.0012,0,0.0,0.6586,68766.14,68 766 RUB,Без ремонта
bedroom (1109).jpg,bedroom,bedroom,0.6106,0.2175,0.5375,0.0779,2,0.013,0.1674,2.3186,0.6437,0,0.0139,2,10.6666,0.5687,123727.65,123 728 RUB,Косметический
bedroom (111).jpeg,bedroom,bow_window/indoor,0.6035,0.1536,1.0,0.0631,0,0.0,0.1436,2.33,0.7455,1,0.0071,0,0.0,0.4288,84056.98,84 057 RUB,Без ремонта
bedroom (111).jpg,bedroom,entrance_hall,0.5007,0.1275,0.3333,0.0412,0,0.001,0.168,2.3186,0.7453,1,0.0298,0,0.0,0.5922,87139.98,87 140 RUB,Без ремонта
bedroom (1110).jpg,bedroom,bow_window/indoor,0.6844,0.1894,0.392,0.0384,0,0.0007,0.1199,2.3186,0.7232,0,0.0032,0,0.0,0.6486,78995.28,78 995 RUB,Без ремонта
bedroom (1111).jpg,bedroom,bedroom,0.4716,0.2879,0.6016,0.0546,3,0.0001,0.1926,2.3186,0.3895,1,0.0221,2,10.6666,0.4973,138783.26,138 783 RUB,Косметический
bedroom (1112).jpg,bedroom,youth_hostel,0.3771,0.257,0.1997,0.0503,13,0.0,0.1922,2.3186,0.3184,2,0.0254,7,37.3331,0.5808,170224.35,170 224 RUB,Капитальный
bedroom (1113).jpg,bedroom,bow_window/indoor,0.567,0.2072,0.5577,0.0592,0,0.0061,0.1748,2.3186,0.6345,0,0.0625,0,0.0,0.5482,91829.14,91 829 RUB,Косметический
bedroom (1114).jpg,bedroom,bedroom,0.6436,0.2242,0.9901,0.1181,2,0.0035,0.2309,2.3186,0.6517,2,0.0271,1,5.3333,0.4371,130100.57,130 101 RUB,Косметический
bedroom (1115).jpg,bedroom,bedroom,0.7003,0.2206,0.5298,0.0524,2,0.0001,0.1695,2.3186,0.685,1,0.049,1,5.3333,0.6107,112348.52,112 349 RUB,Косметический
bedroom (1116).jpg,bedroom,alcove,0.664,0.3275,0.2044,0.0133,0,0.0149,0.1266,2.3186,0.5068,1,0.0035,0,0.0,0.7031,94399.67,94 400 RUB,Косметический
bedroom (1117).jpg,bedroom,bedchamber,0.7123,0.3007,0.7352,0.0671,4,0.0004,0.1733,2.3186,0.5778,1,0.0243,2,10.6666,0.551,134312.41,134 312 RUB,Косметический
bedroom (1118).jpg,bedroom,garage/indoor,0.5278,0.1938,0.515,0.0239,1,0.0,0.1413,2.3186,0.6327,0,0.012,0,0.0,0.5518,85229.09,85 229 RUB,Без ремонта
bedroom (1119).jpg,bedroom,bedroom,0.5737,0.2457,0.4333,0.0637,3,0.0,0.1839,2.3186,0.5718,1,0.0081,3,15.9999,0.5868,131432.22,131 432 RUB,Косметический
bedroom (112).jpeg,bedroom,bow_window/indoor,0.4276,0.1366,0.267,0.0255,0,0.0386,0.1405,2.33,0.6806,1,0.0002,0,0.0,0.5897,81460.26,81 460 RUB,Без ремонта
bedroom (112).jpg,bedroom,alcove,0.5963,0.1193,0.2073,0.0367,0,0.0027,0.1426,2.3186,0.7999,1,0.0012,0,0.0,0.6693,73907.59,73 908 RUB,Без ремонта
bedroom (1120).jpg,bedroom,television_room,0.6047,0.2153,0.7258,0.1059,1,0.0,0.1831,2.3186,0.644,0,0.0377,1,5.3333,0.503,108984.35,108 984 RUB,Косметический
bedroom (1121).jpg,bedroom,bow_window/indoor,0.5531,0.3008,0.303,0.0144,0,0.0,0.1396,2.3186,0.4562,1,0.0034,0,0.0,0.6274,95196.44,95 196 RUB,Косметический
bedroom (1122).jpg,bedroom,bow_window/indoor,0.5785,0.132,0.0858,0.0134,0,0.0,0.1381,2.3186,0.7719,1,0.0,0,0.0,0.703,76519.25,76 519 RUB,Без ремонта
bedroom (1123).jpg,bedroom,alcove,0.8176,0.1896,0.0955,0.0124,0,0.0,0.1147,2.3186,0.7681,1,0.0001,0,0.0,0.7959,76617.45,76 617 RUB,Без ремонта
bedroom (1124).jpg,bedroom,bedroom,0.5895,0.2242,0.6745,0.0738,7,0.0003,0.1544,2.3186,0.6197,1,0.016,4,21.3332,0.5187,145109.41,145 109 RUB,Косметический
bedroom (1125).jpg,bedroom,bedroom,0.576,0.2309,0.4527,0.0476,1,0.0016,0.1711,2.3186,0.5992,0,0.0073,1,5.3333,0.5852,100859.32,100 859 RUB,Косметический
bedroom (1126).jpg,bedroom,attic,0.5763,0.2251,0.3041,0.0274,3,0.0039,0.1748,2.3186,0.6095,1,0.0057,2,10.6666,0.6342,127022.41,127 022 RUB,Косметический
bedroom (1127).jpg,bedroom,bedroom,0.609,0.2315,0.4645,0.0437,4,0.0,0.1568,2.3186,0.6198,0,0.0111,1,5.3333,0.5955,105813.68,105 814 RUB,Косметический
bedroom (1128).jpg,bedroom,closet,0.7401,0.2722,0.1112,0.0149,0,0.0,0.1259,2.3186,0.6321,1,0.0014,0,0.0,0.7597,88876.93,88 877 RUB,Без ремонта
bedroom (1129).jpg,bedroom,bedroom,0.5212,0.2851,0.2581,0.05,2,0.0006,0.1823,2.3186,0.4531,4,0.0473,2,10.6666,0.6211,153978.93,153 979 RUB,Косметический
bedroom (113).jpeg,bedroom,hotel_room,0.4445,0.3429,1.0,0.0573,5,0.0616,0.1656,2.3333,0.2285,2,0.087,4,24.0962,0.3725,166575.41,166 575 RUB,Косметический
bedroom (113).jpg,bedroom,entrance_hall,0.6011,0.1873,0.4793,0.0601,2,0.0,0.1616,2.3186,0.6885,1,0.0245,2,10.6666,0.5846,124273.34,124 273 RUB,Косметический
bedroom (1130).jpg,bedroom,attic,0.3977,0.1615,0.0865,0.0153,0,0.0,0.1245,2.3186,0.5938,0,0.0062,0,0.0,0.6301,82788.35,82 788 RUB,Без ремонта
bedroom (1131).jpg,bedroom,bedroom,0.4911,0.2563,0.4086,0.0728,6,0.0058,0.208,2.3186,0.4781,1,0.0392,5,26.6665,0.5599,154974.89,154 975 RUB,Косметический
bedroom (1132).jpg,bedroom,bedchamber,0.6112,0.2689,0.8145,0.114,1,0.0034,0.2076,2.3186,0.5601,3,0.0165,1,5.3333,0.4777,128269.14,128 269 RUB,Косметический
bedroom (1133).jpg,bedroom,bow_window/indoor,0.4488,0.1668,0.8949,0.0965,0,0.0,0.1767,2.3186,0.6283,3,0.0044,0,0.0,0.3918,115531.8,115 532 RUB,Косметический
bedroom (1134).jpg,bedroom,bedroom,0.6051,0.2243,0.5063,0.0608,3,0.0,0.1884,2.3186,0.6293,1,0.0204,2,10.6666,0.578,127973.54,127 974 RUB,Косметический
bedroom (1135).jpg,bedroom,bedroom,0.548,0.2281,0.517,0.1114,4,0.0,0.2019,2.3186,0.5837,1,0.0233,4,21.3332,0.5418,140292.37,140 292 RUB,Косметический
bedroom (1136).jpg,bedroom,alcove,0.4736,0.2529,0.5415,0.0351,0,0.0,0.1619,2.3186,0.4659,0,0.0122,0,0.0,0.52,90023.12,90 023 RUB,Косметический
bedroom (1137).jpg,bedroom,bedroom,0.3817,0.172,0.2348,0.0532,2,0.0,0.1477,2.3186,0.5494,1,0.0218,1,5.3333,0.5716,116395.18,116 395 RUB,Косметический
bedroom (1138).jpg,bedroom,attic,0.6026,0.1997,0.5072,0.0473,2,0.0265,0.2065,2.3186,0.6685,1,0.0098,0,0.0,0.5821,91891.7,91 892 RUB,Косметический
bedroom (1139).jpg,bedroom,bow_window/indoor,0.4476,0.1419,0.2513,0.0312,0,0.0002,0.143,2.3186,0.683,0,0.0019,0,0.0,0.5974,74566.74,74 567 RUB,Без ремонта
bedroom (114).jpeg,bedroom,basement,0.5587,0.0657,0.0833,0.0205,0,0.0,0.1116,2.32,0.8824,0,0.0053,0,0.0,0.6944,72350.32,72 350 RUB,Без ремонта
bedroom (114).jpg,bedroom,bedroom,0.4755,0.2605,0.5605,0.044,1,0.0,0.1508,2.3186,0.452,1,0.0215,1,5.3333,0.5133,114196.56,114 197 RUB,Косметический
bedroom (1140).jpg,bedroom,artists_loft,0.8064,0.227,0.1864,0.0116,0,0.0,0.1175,2.3186,0.7185,2,0.0029,0,0.0,0.7643,83286.13,83 286 RUB,Без ремонта
bedroom (1141).jpg,bedroom,recreation_room,0.6004,0.2285,0.4351,0.0625,1,0.0,0.1943,2.3186,0.6193,1,0.0506,0,0.0,0.5971,101952.85,101 953 RUB,Косметический
bedroom (1142).jpg,bedroom,berth,0.5784,0.2632,0.3171,0.0295,0,0.0,0.1653,2.3186,0.5449,3,0.0139,0,0.0,0.6303,113735.44,113 735 RUB,Косметический
bedroom (1143).jpg,bedroom,hotel_room,0.3891,0.2761,0.4934,0.0538,2,0.0001,0.1889,2.3186,0.2903,1,0.0753,2,10.6666,0.4969,151179.01,151 179 RUB,Косметический
bedroom (1144).jpg,bedroom,closet,0.5733,0.1241,0.3038,0.0417,0,0.0,0.1522,2.3186,0.7835,1,0.0031,0,0.0,0.6298,79765.83,79 766 RUB,Без ремонта
bedroom (1145).jpg,bedroom,bow_window/indoor,0.5556,0.2378,0.3659,0.0336,2,0.0,0.1448,2.3186,0.572,3,0.0028,0,0.0,0.6058,105765.81,105 766 RUB,Косметический
bedroom (1146).jpg,bedroom,childs_room,0.5263,0.2177,0.4735,0.0854,5,0.001,0.1805,2.3186,0.5863,1,0.0062,2,10.6666,0.5515,135179.04,135 179 RUB,Косметический
bedroom (1147).jpg,bedroom,bedroom,0.5517,0.2494,0.5589,0.0726,2,0.0,0.1902,2.3186,0.5479,1,0.0085,2,10.6666,0.5385,129421.82,129 422 RUB,Косметический
bedroom (1148).jpg,bedroom,bow_window/indoor,0.597,0.2307,0.535,0.0352,0,0.0,0.1693,2.3186,0.6136,0,0.0141,0,0.0,0.5712,85105.37,85 105 RUB,Без ремонта
bedroom (1149).jpg,bedroom,wet_bar,0.6914,0.1859,0.5166,0.0574,7,0.0073,0.1803,2.3186,0.7312,2,0.0266,6,31.9998,0.6108,151957.04,151 957 RUB,Косметический
bedroom (115).jpeg,bedroom,closet,0.5092,0.0934,0.2835,0.021,1,0.0,0.1141,2.3186,0.8167,0,0.0268,0,0.0,0.6144,77733.35,77 733 RUB,Без ремонта
bedroom (115).jpg,bedroom,nursery,0.6484,0.1521,0.5539,0.0702,2,0.0138,0.1621,2.3186,0.7654,0,0.0088,1,5.3333,0.5805,95797.79,95 798 RUB,Косметический
bedroom (1150).jpg,bedroom,bedroom,0.5172,0.2809,0.4837,0.0499,2,0.0,0.185,2.3186,0.4569,2,0.007,1,5.3333,0.5518,124232.87,124 233 RUB,Косметический
bedroom (1151).jpg,bedroom,bedchamber,0.54,0.2778,0.615,0.0734,2,0.0,0.1995,2.3186,0.4856,0,0.0307,1,5.3333,0.5168,110333.35,110 333 RUB,Косметический
bedroom (1152).jpg,bedroom,bedroom,0.6593,0.2478,0.4856,0.0609,3,0.0,0.1592,2.3186,0.6242,2,0.0408,2,10.6666,0.6059,140408.13,140 408 RUB,Косметический
bedroom (1153).jpg,bedroom,attic,0.6695,0.1469,0.284,0.0312,0,0.0,0.1469,2.3186,0.7806,2,0.0,0,0.0,0.6764,84504.5,84 504 RUB,Без ремонта
bedroom (1154).jpg,bedroom,basement,0.5955,0.1274,0.132,0.0218,1,0.0,0.1417,2.3186,0.7861,0,0.01,0,0.0,0.6943,71209.76,71 210 RUB,Без ремонта
bedroom (1155).jpg,bedroom,hotel_room,0.5792,0.2866,0.4637,0.0599,1,0.0,0.1929,2.3186,0.5052,1,0.0392,1,5.3333,0.5806,115131.1,115 131 RUB,Косметический
bedroom (1156).jpg,bedroom,television_room,0.6411,0.2604,0.3824,0.0588,4,0.0001,0.1711,2.3186,0.5937,1,0.0082,4,21.3332,0.63,136461.91,136 462 RUB,Косметический
bedroom (1157).jpg,bedroom,bow_window/indoor,0.6549,0.1628,0.2927,0.0591,0,0.0,0.1442,2.3186,0.7514,1,0.0004,0,0.0,0.6623,82374.85,82 375 RUB,Без ремонта
bedroom (1158).jpg,bedroom,bow_window/indoor,0.5394,0.1698,0.4561,0.0684,0,0.0001,0.1869,2.3186,0.6852,2,0.0307,0,0.0,0.5653,93109.16,93 109 RUB,Косметический
bedroom (1159).jpg,bedroom,bedroom,0.6041,0.155,0.2164,0.0246,3,0.0002,0.1203,2.3186,0.7434,0,0.0065,3,15.9999,0.6718,113376.44,113 376 RUB,Косметический
bedroom (116).jpeg,bedroom,hotel_room,0.3938,0.1899,0.6501,0.0562,2,0.0097,0.1953,2.3186,0.5178,1,0.0333,2,10.6666,0.4522,138421.34,138 421 RUB,Косметический
bedroom (116).jpg,bedroom,bedchamber,0.6031,0.2093,0.7371,0.0591,3,0.0001,0.1561,2.3186,0.653,1,0.0236,1,5.3333,0.5083,113927.96,113 928 RUB,Косметический
bedroom (1160).jpg,bedroom,corridor,0.6681,0.154,0.3554,0.0392,0,0.0,0.1305,2.3186,0.7695,2,0.0149,0,0.0,0.6528,89327.74,89 328 RUB,Без ремонта
bedroom (1161).jpg,bedroom,alcove,0.7532,0.2265,0.0789,0.0098,0,0.0,0.1107,2.3186,0.6992,1,0.0,0,0.0,0.7757,76347.33,76 347 RUB,Без ремонта
bedroom (1162).jpg,bedroom,basement,0.6981,0.1444,0.1447,0.0189,0,0.0,0.1287,2.3186,0.7932,0,0.0105,0,0.0,0.7321,70030.79,70 031 RUB,Без ремонта
bedroom (1163).jpg,bedroom,youth_hostel,0.5286,0.2372,0.5138,0.0464,1,0.0,0.1666,2.3186,0.5512,0,0.0145,0,0.0,0.548,90462.72,90 463 RUB,Косметический
bedroom (1164).jpg,bedroom,mezzanine,0.5511,0.2123,1.0,0.1198,1,0.0504,0.1996,2.3186,0.6147,0,0.0349,1,5.3333,0.4015,111626.84,111 627 RUB,Косметический
bedroom (1165).jpg,bedroom,entrance_hall,0.4305,0.166,0.505,0.0572,0,0.0028,0.1721,2.3186,0.6145,0,0.0581,0,0.0,0.5095,89700.36,89 700 RUB,Без ремонта
bedroom (1166).jpg,bedroom,bedroom,0.5321,0.2127,0.5992,0.0755,1,0.0,0.1759,2.3186,0.6003,0,0.0081,1,5.3333,0.5179,101890.59,101 891 RUB,Косметический
bedroom (1167).jpg,bedroom,childs_room,0.6342,0.1884,0.5376,0.0738,8,0.0,0.195,2.3186,0.703,1,0.0258,6,31.9998,0.5776,145498.58,145 499 RUB,Косметический
bedroom (1168).jpg,bedroom,bow_window/indoor,0.5479,0.2077,0.2589,0.0232,0,0.0,0.1609,2.3186,0.6209,0,0.0056,0,0.0,0.6369,86326.99,86 327 RUB,Без ремонта
bedroom (1169).jpg,bedroom,waiting_room,0.4877,0.2086,0.3531,0.0617,4,0.0,0.1702,2.3186,0.5722,1,0.0955,3,15.9999,0.5768,153436.92,153 437 RUB,Косметический
bedroom (117).jpeg,bedroom,bow_window/indoor,0.512,0.1919,0.1585,0.0135,0,0.0,0.1336,2.3186,0.6252,4,0.0,0,0.0,0.6546,102983.54,102 984 RUB,Косметический
bedroom (117).jpg,bedroom,basement,0.6934,0.1334,0.2176,0.0217,0,0.0,0.1334,2.3186,0.8075,1,0.0009,0,0.0,0.7077,75006.05,75 006 RUB,Без ремонта
bedroom (1170).jpg,bedroom,childs_room,0.4145,0.2663,0.998,0.1011,2,0.0023,0.2128,2.3186,0.3576,3,0.0319,2,10.6666,0.3464,161356.81,161 357 RUB,Косметический
bedroom (1171).jpg,bedroom,bedroom,0.3708,0.1937,0.4069,0.0616,3,0.0,0.1692,2.3186,0.4777,0,0.0446,2,10.6666,0.5139,131086.72,131 087 RUB,Косметический
bedroom (1172).jpg,bedroom,bow_window/indoor,0.5794,0.1823,0.4469,0.0466,0,0.0,0.15,2.3186,0.6854,0,0.0046,0,0.0,0.5883,79436.26,79 436 RUB,Без ремонта
bedroom (1173).jpg,bedroom,bedroom,0.6512,0.2194,0.4592,0.0611,3,0.0009,0.194,2.3186,0.6631,0,0.0087,1,5.3333,0.6106,99568.32,99 568 RUB,Косметический
bedroom (1174).jpg,bedroom,attic,0.5684,0.1978,0.3445,0.0334,0,0.0,0.1608,2.3186,0.6521,0,0.0052,0,0.0,0.6173,82615.17,82 615 RUB,Без ремонта
bedroom (1175).jpg,bedroom,alcove,0.591,0.0931,0.067,0.0184,0,0.0,0.134,2.3186,0.8425,0,0.001,0,0.0,0.7126,73150.32,73 150 RUB,Без ремонта
bedroom (1176).jpg,bedroom,basement,0.4662,0.1606,0.2746,0.0353,0,0.0,0.1714,2.3186,0.6556,0,0.0153,0,0.0,0.5971,83328.76,83 329 RUB,Без ремонта
bedroom (1177).jpg,bedroom,basement,0.4816,0.1737,0.0576,0.0165,0,0.4192,0.1664,2.3186,0.6392,0,0.0206,0,0.0,0.714,81222.16,81 222 RUB,Без ремонта
bedroom (1178).jpg,bedroom,attic,0.5099,0.2712,0.4773,0.0278,0,0.0,0.1616,2.3186,0.4681,1,0.0062,0,0.0,0.5552,95729.85,95 730 RUB,Косметический
bedroom (1179).jpg,bedroom,bow_window/indoor,0.3277,0.2124,0.2183,0.0386,0,0.0,0.1611,2.3186,0.3518,2,0.0322,0,0.0,0.5579,105570.27,105 570 RUB,Косметический
bedroom (118).jpeg,bedroom,alcove,0.5701,0.1909,0.16,0.0313,1,0.0,0.1341,2.3186,0.6651,1,0.0283,1,5.3333,0.6738,106305.5,106 306 RUB,Косметический
bedroom (118).jpg,bedroom,attic,0.4253,0.2508,0.7385,0.0239,1,0.0,0.1458,2.3186,0.4103,0,0.0153,1,5.3333,0.4438,109024.31,109 024 RUB,Косметический
bedroom (1180).jpg,bedroom,bow_window/indoor,0.437,0.1782,0.1153,0.0198,0,0.0018,0.1522,2.3186,0.5923,2,0.0028,0,0.0,0.6365,91646.19,91 646 RUB,Косметический
bedroom (1181).jpg,bedroom,alcove,0.5546,0.1933,0.3388,0.0637,2,0.0,0.196,2.3186,0.6514,1,0.0346,2,10.6666,0.6075,126528.2,126 528 RUB,Косметический
bedroom (1182).jpg,bedroom,attic,0.3982,0.1204,0.0832,0.0165,0,0.0004,0.1535,2.3186,0.6975,0,0.0073,0,0.0,0.631,77983.84,77 984 RUB,Без ремонта
bedroom (1183).jpg,bedroom,locker_room,0.3311,0.1937,0.2725,0.0311,0,0.0,0.1596,2.3186,0.4149,1,0.057,0,0.0,0.5445,99145.01,99 145 RUB,Косметический
bedroom (1184).jpg,bedroom,attic,0.693,0.0801,0.0493,0.0165,0,0.0,0.1212,2.3186,0.8844,1,0.0,0,0.0,0.7591,71388.46,71 388 RUB,Без ремонта
bedroom (1185).jpg,bedroom,childs_room,0.6633,0.1927,0.5031,0.052,3,0.006,0.2043,2.3186,0.7095,2,0.0094,2,10.6666,0.6046,130738.13,130 738 RUB,Косметический
bedroom (1186).jpg,bedroom,basement,0.563,0.1723,0.2523,0.0154,0,0.0,0.1077,2.3186,0.694,0,0.0048,0,0.0,0.6464,76635.52,76 636 RUB,Без ремонта
bedroom (1187).jpg,bedroom,bow_window/indoor,0.5314,0.1799,0.3923,0.0488,0,0.0,0.1658,2.3186,0.6614,3,0.0182,0,0.0,0.5851,105466.04,105 466 RUB,Косметический
bedroom (1188).jpg,bedroom,bow_window/indoor,0.4272,0.1928,0.2973,0.0565,0,0.0,0.1548,2.3186,0.5487,1,0.0223,0,0.0,0.5704,94039.96,94 040 RUB,Косметический
bedroom (1189).jpg,bedroom,closet,0.6532,0.3571,0.2939,0.0308,0,0.0009,0.1413,2.3186,0.4534,1,0.0054,0,0.0,0.667,98106.61,98 107 RUB,Косметический
bedroom (119).jpeg,bedroom,basement,0.5871,0.1429,0.4608,0.0376,1,0.0,0.1647,2.33,0.7566,2,0.0017,0,0.0,0.5891,78372.13,78 372 RUB,Без ремонта
bedroom (119).jpg,bedroom,alcove,0.7798,0.1261,0.2407,0.032,0,0.0,0.1503,2.3186,0.8383,2,0.001,0,0.0,0.7333,77927.73,77 928 RUB,Без ремонта
bedroom (1190).jpg,bedroom,artists_loft,0.5939,0.1895,0.3139,0.0161,0,0.0,0.1611,2.3186,0.6809,0,0.0047,0,0.0,0.6402,79566.86,79 567 RUB,Без ремонта
bedroom (1191).jpg,bedroom,attic,0.4481,0.1412,0.1702,0.0368,0,0.0002,0.1619,2.3186,0.6848,1,0.0051,0,0.0,0.6208,84391.53,84 392 RUB,Без ремонта
bedroom (1192).jpg,bedroom,attic,0.4578,0.1562,0.0782,0.0189,0,0.0,0.1402,2.3186,0.6589,1,0.0006,0,0.0,0.6559,86454.54,86 455 RUB,Без ремонта
bedroom (1193).jpg,bedroom,attic,0.6508,0.1655,0.2287,0.0273,0,0.0,0.1421,2.3186,0.7457,0,0.0013,0,0.0,0.6863,68847.25,68 847 RUB,Без ремонта
bedroom (1194).jpg,bedroom,bedroom,0.5698,0.2818,1.0,0.0819,2,0.0,0.1882,2.3186,0.5055,3,0.0315,2,10.6666,0.4115,152079.15,152 079 RUB,Косметический
bedroom (1195).jpg,bedroom,childs_room,0.5171,0.1852,0.3875,0.0838,17,0.001,0.1987,2.3186,0.6419,3,0.0163,1,5.3333,0.5739,146709.43,146 709 RUB,Косметический
bedroom (1196).jpg,bedroom,childs_room,0.6268,0.2904,0.5513,0.0775,5,0.0,0.1747,2.3186,0.5367,2,0.0102,1,5.3333,0.5698,139375.93,139 376 RUB,Косметический
bedroom (1197).jpg,bedroom,bedroom,0.7232,0.3473,1.0,0.0641,1,0.0,0.1236,2.3186,0.5198,1,0.038,1,5.3333,0.4765,115858.16,115 858 RUB,Косметический
bedroom (1198).jpg,bedroom,basement,0.5737,0.2925,0.3516,0.0355,1,0.0,0.1687,2.3186,0.4902,0,0.0101,1,5.3333,0.6169,102199.89,102 200 RUB,Косметический
bedroom (1199).jpg,bedroom,bedroom,0.6442,0.2087,0.77,0.097,4,0.0001,0.1831,2.3186,0.6761,0,0.0468,2,10.6666,0.5073,132530.1,132 530 RUB,Косметический
bedroom (12).jpeg,bedroom,attic,0.4801,0.126,0.2348,0.019,0,0.0,0.1219,2.3186,0.7377,0,0.0028,0,0.0,0.6178,72077.61,72 078 RUB,Без ремонта
bedroom (12).jpg,bedroom,bow_window/indoor,0.6,0.286,0.3649,0.0629,2,0.0,0.1544,2.3186,0.5234,2,0.0104,0,0.0,0.618,108552.83,108 553 RUB,Косметический
bedroom (120).jpeg,bedroom,home_theater,0.3985,0.3197,0.1993,0.017,0,0.0,0.1317,2.3186,0.1978,1,0.0143,0,0.0,0.5962,106745.68,106 746 RUB,Косметический
bedroom (120).jpg,bedroom,artists_loft,0.6764,0.2244,0.3976,0.0302,2,0.0,0.153,2.3186,0.6683,3,0.011,2,10.6666,0.6452,133941.96,133 942 RUB,Косметический
bedroom (1200).jpg,bedroom,attic,0.4415,0.2353,0.5445,0.0343,0,0.0,0.1705,2.3186,0.467,0,0.018,0,0.0,0.5064,91700.73,91 701 RUB,Косметический
bedroom (1201).jpg,bedroom,basement,0.3213,0.1327,0.2135,0.037,0,0.0,0.1549,2.3186,0.5869,0,0.0269,0,0.0,0.5571,89133.41,89 133 RUB,Без ремонта
bedroom (1202).jpg,bedroom,bow_window/indoor,0.5711,0.2947,0.2856,0.0353,0,0.0,0.1364,2.3186,0.4839,0,0.0019,0,0.0,0.6357,87797.16,87 797 RUB,Без ремонта
bedroom (1203).jpg,bedroom,attic,0.6225,0.1548,0.222,0.0208,1,0.0,0.1409,2.3186,0.7513,0,0.0114,0,0.0,0.6782,76138.28,76 138 RUB,Без ремонта
bedroom (1204).jpg,bedroom,elevator_lobby,0.4486,0.2302,0.5923,0.0331,0,0.0,0.1529,2.3186,0.4868,0,0.0196,0,0.0,0.4951,91263.38,91 263 RUB,Косметический
bedroom (1205).jpg,bedroom,bow_window/indoor,0.3355,0.2454,0.207,0.0419,1,0.0,0.1681,2.3186,0.2684,1,0.0646,0,0.0,0.5637,113465.34,113 465 RUB,Косметический
bedroom (1206).jpg,bedroom,attic,0.6098,0.1976,0.0706,0.0188,0,0.0,0.1388,2.3186,0.6759,3,0.0041,0,0.0,0.719,97723.78,97 724 RUB,Косметический
bedroom (1207).jpg,bedroom,television_room,0.5984,0.2909,0.5984,0.0673,3,0.0004,0.1616,2.3186,0.514,1,0.015,2,10.6666,0.5464,134860.88,134 861 RUB,Косметический
bedroom (1208).jpg,bedroom,bow_window/indoor,0.6753,0.1643,0.1911,0.0239,0,0.0001,0.1164,2.3186,0.7567,1,0.0023,0,0.0,0.708,80217.68,80 218 RUB,Без ремонта
bedroom (1209).jpg,bedroom,nursery,0.6039,0.1876,0.408,0.0649,4,0.0009,0.1789,2.3186,0.6894,3,0.0338,1,5.3333,0.6063,134945.44,134 945 RUB,Косметический
bedroom (121).jpeg,bedroom,dorm_room,0.5973,0.2405,1.0,0.0729,2,0.0021,0.2193,2.3186,0.5974,0,0.0679,1,5.3333,0.4246,115060.35,115 060 RUB,Косметический
bedroom (121).jpg,bedroom,attic,0.6282,0.2128,0.3982,0.0469,0,0.0,0.1689,2.3186,0.6613,1,0.0244,0,0.0,0.6224,91722.82,91 723 RUB,Косметический
bedroom (1210).jpg,bedroom,garage/indoor,0.5067,0.099,0.1694,0.0242,1,0.0,0.1469,2.3186,0.8046,0,0.0116,0,0.0,0.647,72374.05,72 374 RUB,Без ремонта
bedroom (1211).jpg,bedroom,bow_window/indoor,0.7227,0.1209,0.1709,0.0235,0,0.0,0.111,2.3186,0.8327,1,0.0013,0,0.0,0.7331,71762.32,71 762 RUB,Без ремонта
bedroom (1212).jpg,bedroom,basement,0.5362,0.1592,0.1472,0.0323,0,0.0,0.1814,2.3186,0.703,0,0.0053,0,0.0,0.6639,76875.87,76 876 RUB,Без ремонта
bedroom (1213).jpg,bedroom,alcove,0.5709,0.1854,0.2742,0.0224,1,0.0004,0.1408,2.3186,0.6752,0,0.0048,0,0.0,0.6417,84950.3,84 950 RUB,Без ремонта
bedroom (122).jpeg,bedroom,attic,0.3869,0.1069,0.3737,0.0177,0,0.0,0.1215,2.33,0.7238,0,0.0046,0,0.0,0.5391,80072.57,80 073 RUB,Без ремонта
bedroom (122).jpg,bedroom,bedroom,0.3421,0.2299,0.2789,0.0624,5,0.002,0.1988,2.3186,0.3279,1,0.0325,3,15.9999,0.5409,149997.94,149 998 RUB,Косметический
bedroom (123).jpeg,bedroom,bow_window/indoor,0.4467,0.2076,0.355,0.0559,0,0.0,0.1329,2.33,0.5352,1,0.0002,0,0.0,0.561,97889.83,97 890 RUB,Косметический
bedroom (123).jpg,bedroom,doorway/outdoor,0.5948,0.2313,0.4661,0.0554,0,0.0001,0.1735,2.3186,0.6112,3,0.0353,0,0.0,0.587,111647.4,111 647 RUB,Косметический
bedroom (124).jpeg,bedroom,alcove,0.5765,0.1486,0.1368,0.0299,0,0.0,0.1433,2.3186,0.7423,1,0.0091,0,0.0,0.6836,80532.04,80 532 RUB,Без ремонта
bedroom (124).jpg,bedroom,attic,0.5785,0.1514,0.2347,0.0247,2,0.0,0.1293,2.3186,0.7382,2,0.0088,0,0.0,0.6561,91821.04,91 821 RUB,Косметический
bedroom (125).jpeg,bedroom,bow_window/indoor,0.4249,0.2042,0.4335,0.0377,0,0.0,0.1672,2.3059,0.5194,4,0.0074,0,0.0,0.5324,113423.41,113 423 RUB,Косметический
bedroom (125).jpg,bedroom,bow_window/indoor,0.5382,0.2713,1.0,0.0883,0,0.0021,0.1739,2.3186,0.496,5,0.0087,0,0.0,0.3978,130598.82,130 599 RUB,Косметический
bedroom (126).jpeg,bedroom,bow_window/indoor,0.433,0.1582,0.3672,0.0194,0,0.0,0.1275,2.3186,0.6346,1,0.0021,0,0.0,0.5591,85580.57,85 581 RUB,Без ремонта
bedroom (126).jpg,bedroom,bedroom,0.5464,0.2434,0.606,0.0608,3,0.0,0.1835,2.3186,0.5545,1,0.0206,1,5.3333,0.5246,119531.91,119 532 RUB,Косметический
bedroom (127).jpeg,bedroom,bow_window/indoor,0.5212,0.1741,0.6422,0.0472,0,0.0048,0.1852,2.3186,0.666,2,0.0162,0,0.0,0.5069,93946.27,93 946 RUB,Косметический
bedroom (127).jpg,bedroom,bow_window/indoor,0.6772,0.1601,0.3846,0.048,0,0.0,0.1555,2.3186,0.7635,3,0.0002,0,0.0,0.6459,94919.39,94 919 RUB,Косметический
bedroom (128).jpeg,bedroom,basement,0.5395,0.103,0.054,0.0152,0,0.0003,0.12,2.3186,0.8091,0,0.0064,0,0.0,0.6966,67341.56,67 342 RUB,Без ремонта
bedroom (128).jpg,bedroom,bedroom,0.5502,0.2533,0.7293,0.0867,2,0.0027,0.1787,2.3186,0.5396,1,0.0154,2,10.6666,0.4842,134218.71,134 219 RUB,Косметический
bedroom (129).jpeg,bedroom,attic,0.4927,0.124,0.9038,0.0703,0,0.0,0.1409,2.33,0.7484,1,0.0035,0,0.0,0.4119,91834.3,91 834 RUB,Косметический
bedroom (129).jpg,bedroom,bedroom,0.359,0.1718,0.7244,0.1135,8,0.0064,0.178,2.3186,0.5214,0,0.0675,4,21.3332,0.4042,157821.82,157 822 RUB,Косметический
bedroom (13).jpeg,bedroom,garage/indoor,0.5261,0.0927,0.2575,0.0156,0,0.0,0.132,2.3186,0.8237,0,0.0023,0,0.0,0.6301,70079.6,70 080 RUB,Без ремонта
bedroom (13).jpg,bedroom,alcove,0.4988,0.0873,0.3733,0.0481,0,0.0,0.1472,2.3186,0.8249,1,0.0009,0,0.0,0.5779,80233.29,80 233 RUB,Без ремонта
bedroom (130).jpeg,bedroom,bow_window/indoor,0.3618,0.1742,0.6855,0.0369,0,0.0002,0.1398,2.3186,0.5185,2,0.0173,0,0.0,0.4317,103671.96,103 672 RUB,Косметический
bedroom (130).jpg,bedroom,alcove,0.6241,0.1868,0.5681,0.0415,0,0.0008,0.1687,2.3186,0.7007,2,0.0193,0,0.0,0.571,91380.69,91 381 RUB,Косметический
bedroom (131).jpeg,bedroom,bow_window/indoor,0.7673,0.076,0.1326,0.0143,0,0.0,0.1061,2.33,0.901,3,0.0022,0,0.0,0.7643,81647.41,81 647 RUB,Без ремонта
bedroom (131).jpg,bedroom,bow_window/indoor,0.6421,0.1674,0.2533,0.0193,0,0.0,0.1409,2.3186,0.7394,2,0.0028,0,0.0,0.677,84378.07,84 378 RUB,Без ремонта
bedroom (132).jpeg,bedroom,bow_window/indoor,0.57,0.0923,0.4542,0.0566,1,0.0,0.1251,2.3333,0.8381,0,0.0019,0,0.0,0.5804,76956.58,76 957 RUB,Без ремонта
bedroom (132).jpg,bedroom,alcove,0.7385,0.2632,0.3441,0.0276,0,0.0,0.1251,2.3186,0.6436,1,0.0126,0,0.0,0.6866,94083.62,94 084 RUB,Косметический
bedroom (133).jpeg,bedroom,bow_window/indoor,0.4096,0.1771,0.1667,0.0258,0,0.0,0.1069,2.3131,0.5677,3,0.0013,0,0.0,0.6087,105106.36,105 106 RUB,Косметический
bedroom (133).jpg,bedroom,entrance_hall,0.5363,0.2571,0.4923,0.0661,0,0.0071,0.2039,2.3186,0.5206,0,0.0176,0,0.0,0.5543,87404.88,87 405 RUB,Без ремонта
bedroom (134).jpeg,bedroom,bedroom,0.583,0.2287,0.9525,0.0602,2,0.0002,0.19,2.3069,0.6078,2,0.0537,2,11.976,0.4354,151526.43,151 526 RUB,Косметический
bedroom (134).jpg,bedroom,childs_room,0.5717,0.245,1.0,0.1462,11,0.0035,0.2385,2.3186,0.5715,1,0.0646,4,21.3332,0.3998,163908.34,163 908 RUB,Косметический
bedroom (135).jpeg,bedroom,bow_window/indoor,0.4973,0.1419,0.3556,0.0358,0,0.0,0.1471,2.3182,0.7146,1,0.0129,0,0.0,0.5851,84004.88,84 005 RUB,Без ремонта
bedroom (135).jpg,bedroom,elevator_lobby,0.6182,0.2091,0.3075,0.0338,0,0.0,0.1735,2.3186,0.6618,1,0.0081,0,0.0,0.6483,85602.96,85 603 RUB,Без ремонта
bedroom (136).jpeg,bedroom,bow_window/indoor,0.5331,0.1532,0.2554,0.0214,0,0.0,0.1369,2.33,0.7126,1,0.008,0,0.0,0.6323,78497.69,78 498 RUB,Без ремонта
bedroom (136).jpg,bedroom,bow_window/indoor,0.3334,0.1721,0.4149,0.0405,0,0.0,0.1586,2.3186,0.4838,0,0.0137,0,0.0,0.5008,87429.91,87 430 RUB,Без ремонта
bedroom (137).jpeg,bedroom,nursery,0.5068,0.1185,0.4845,0.0431,1,0.0006,0.1412,2.33,0.7662,0,0.0145,1,6.006,0.5488,96510.84,96 511 RUB,Косметический
bedroom (137).jpg,bedroom,childs_room,0.5326,0.2244,0.4047,0.0517,12,0.1379,0.1841,2.3186,0.5786,0,0.0339,2,10.6666,0.5951,138878.86,138 879 RUB,Косметический
bedroom (138).jpeg,bedroom,childs_room,0.5238,0.2135,1.0,0.0957,1,0.0082,0.2457,2.3186,0.5924,3,0.0366,1,5.3333,0.3912,131187.44,131 187 RUB,Косметический
bedroom (138).jpg,bedroom,bow_window/indoor,0.6629,0.1491,0.0828,0.0194,0,0.0,0.158,2.3186,0.7751,2,0.001,0,0.0,0.7364,83416.16,83 416 RUB,Без ремонта
bedroom (139).jpeg,bedroom,closet,0.6859,0.0919,0.1561,0.0143,0,0.0,0.1279,2.3069,0.866,1,0.006,0,0.0,0.7247,74968.59,74 969 RUB,Без ремонта
bedroom (139).jpg,bedroom,bow_window/indoor,0.5822,0.1487,0.3303,0.0646,0,0.0001,0.1316,2.3186,0.7446,1,0.0084,0,0.0,0.6209,80481.19,80 481 RUB,Без ремонта
bedroom (14).jpeg,bedroom,bow_window/indoor,0.593,0.1011,0.5431,0.0378,2,0.0107,0.1433,2.32,0.8295,0,0.0109,0,0.0,0.5678,78443.48,78 443 RUB,Без ремонта
bedroom (14).jpg,bedroom,childs_room,0.6219,0.258,0.8728,0.0891,3,0.0013,0.1985,2.3186,0.5851,0,0.0259,2,10.6666,0.4692,128828.44,128 828 RUB,Косметический
bedroom (140).jpeg,bedroom,bedroom,0.3888,0.2217,0.3261,0.0475,2,0.0,0.1886,2.3333,0.4296,0,0.0199,2,10.6666,0.5482,126619.44,126 619 RUB,Косметический
bedroom (140).jpg,bedroom,childs_room,0.5567,0.1762,0.6432,0.0659,2,0.0017,0.1725,2.3186,0.6836,0,0.0088,2,10.6666,0.5167,117643.04,117 643 RUB,Косметический
bedroom (141).jpeg,bedroom,bedroom,0.4678,0.2363,0.5941,0.0832,3,0.0003,0.1852,2.3186,0.4949,0,0.0646,1,5.3333,0.4923,125107.95,125 108 RUB,Косметический
bedroom (141).jpg,bedroom,bedroom,0.7307,0.2132,0.5353,0.0627,4,0.0019,0.1861,2.3186,0.7082,2,0.0359,1,5.3333,0.6194,124297.16,124 297 RUB,Косметический
bedroom (142).jpeg,bedroom,bedroom,0.4431,0.2972,0.9755,0.0837,4,0.0,0.1914,2.3039,0.3294,2,0.0469,3,17.804,0.3679,161170.85,161 171 RUB,Косметический
bedroom (142).jpg,bedroom,bow_window/indoor,0.6488,0.1746,0.3155,0.0301,0,0.0,0.1724,2.3186,0.7309,1,0.0017,0,0.0,0.6588,78610.67,78 611 RUB,Без ремонта
bedroom (143).jpeg,bedroom,childs_room,0.4621,0.1447,0.344,0.0644,6,0.0079,0.1887,2.3097,0.687,0,0.0506,2,10.6951,0.5696,129740.12,129 740 RUB,Косметический
bedroom (143).jpg,bedroom,childs_room,0.5423,0.237,1.0,0.0993,4,0.0005,0.1792,2.3186,0.5629,2,0.0365,1,5.3333,0.3971,137471.0,137 471 RUB,Косметический
bedroom (144).jpeg,bedroom,childs_room,0.4619,0.2381,1.0,0.1048,6,0.0968,0.2345,2.3069,0.4846,0,0.1328,5,29.9399,0.3735,172120.15,172 120 RUB,Капитальный
bedroom (144).jpg,bedroom,dorm_room,0.5803,0.2948,0.7244,0.0417,2,0.0,0.1295,2.3186,0.492,1,0.0254,1,5.3333,0.5065,117292.14,117 292 RUB,Косметический
bedroom (145).jpeg,bedroom,nursery,0.5008,0.2282,1.0,0.0745,5,0.0045,0.1513,2.32,0.5444,0,0.097,5,30.1203,0.3859,152280.79,152 281 RUB,Косметический
bedroom (145).jpg,bedroom,childs_room,0.7044,0.1984,0.5103,0.0656,2,0.0005,0.1784,2.3186,0.7184,2,0.0168,1,5.3333,0.6156,114676.47,114 676 RUB,Косметический
bedroom (146).jpeg,bedroom,attic,0.3708,0.1652,0.1755,0.0232,1,0.0,0.1384,2.3186,0.5545,1,0.0077,0,0.0,0.591,93801.82,93 802 RUB,Косметический
bedroom (146).jpg,bedroom,bedroom,0.3844,0.3233,0.8502,0.042,1,0.0,0.1799,2.3186,0.1588,2,0.0409,1,5.3333,0.3903,140575.54,140 576 RUB,Косметический
bedroom (147).jpeg,bedroom,bow_window/indoor,0.3642,0.225,0.3621,0.0335,0,0.0254,0.1669,2.3186,0.3822,1,0.0197,0,0.0,0.5329,101514.03,101 514 RUB,Косметический
bedroom (147).jpg,bedroom,basement,0.4772,0.2677,0.7701,0.0844,4,0.0006,0.1864,2.3186,0.439,0,0.0644,1,5.3333,0.443,131899.31,131 899 RUB,Косметический
bedroom (148).jpeg,bedroom,attic,0.7428,0.1142,0.3852,0.0282,0,0.0,0.11,2.32,0.8462,4,0.0,0,0.0,0.6759,94443.36,94 443 RUB,Косметический
bedroom (148).jpg,bedroom,storage_room,0.5884,0.2343,0.7834,0.0694,24,0.0006,0.1675,2.3186,0.6018,0,0.0535,3,15.9999,0.4865,151505.65,151 506 RUB,Косметический
bedroom (149).jpeg,bedroom,bow_window/indoor,0.7404,0.1523,0.2633,0.0252,0,0.0,0.1172,2.3186,0.7943,3,0.0,0,0.0,0.7121,85544.02,85 544 RUB,Без ремонта
bedroom (149).jpg,bedroom,bedroom,0.6337,0.2173,0.8509,0.0978,4,0.0,0.1778,2.3186,0.6572,2,0.0283,2,10.6666,0.4787,146979.11,146 979 RUB,Косметический
bedroom (15).jpeg,bedroom,bow_window/indoor,0.381,0.1567,0.2734,0.0126,0,0.0,0.1139,2.3186,0.5887,2,0.0018,0,0.0,0.5679,96523.48,96 523 RUB,Косметический
bedroom (15).jpg,bedroom,entrance_hall,0.5969,0.2193,0.4989,0.0412,0,0.0,0.1847,2.3186,0.6326,1,0.011,0,0.0,0.5808,90794.79,90 795 RUB,Косметический
bedroom (150).jpeg,bedroom,bedroom,0.5153,0.2997,1.0,0.1179,3,0.0076,0.2354,2.3186,0.4184,1,0.0333,1,5.3333,0.3833,130812.82,130 813 RUB,Косметический
bedroom (150).jpg,bedroom,bow_window/indoor,0.7365,0.2969,0.5526,0.0294,0,0.0,0.1248,2.3186,0.5968,2,0.0122,0,0.0,0.6229,98933.95,98 934 RUB,Косметический
bedroom (151).jpeg,bedroom,bedroom,0.5521,0.2131,1.0,0.0815,6,0.0005,0.1665,2.33,0.6141,3,0.0471,5,30.0298,0.4046,169185.9,169 186 RUB,Косметический
bedroom (151).jpg,bedroom,attic,0.7096,0.1697,0.2613,0.0308,0,0.0,0.1609,2.3186,0.7608,2,0.0114,0,0.0,0.6993,88501.55,88 502 RUB,Без ремонта
bedroom (152).jpeg,bedroom,bow_window/indoor,0.5315,0.2746,0.2107,0.0339,0,0.0011,0.1637,2.3186,0.4833,1,0.01,0,0.0,0.6427,90634.95,90 635 RUB,Косметический
bedroom (152).jpg,bedroom,attic,0.3768,0.1681,0.1082,0.0195,0,0.0,0.1526,2.3186,0.5539,2,0.0122,0,0.0,0.6144,101421.65,101 422 RUB,Косметический
bedroom (153).jpeg,bedroom,bow_window/indoor,0.4152,0.1956,1.0,0.0932,0,0.0,0.1451,2.3186,0.5289,3,0.0023,0,0.0,0.3474,115508.75,115 509 RUB,Косметический
bedroom (153).jpg,bedroom,dining_room,0.5332,0.2386,0.6001,0.0607,1,0.0,0.2009,2.3186,0.5525,1,0.063,1,5.3333,0.5211,120555.75,120 556 RUB,Косметический
bedroom (154).jpeg,bedroom,alcove,0.5562,0.1044,0.1226,0.0203,1,0.0,0.1343,2.3186,0.8124,1,0.0007,0,0.0,0.6816,79765.57,79 766 RUB,Без ремонта
bedroom (154).jpg,bedroom,bow_window/indoor,0.6657,0.1996,0.4756,0.0584,0,0.0,0.1575,2.3186,0.7002,3,0.0043,0,0.0,0.6119,105310.21,105 310 RUB,Косметический
bedroom (155).jpeg,bedroom,bow_window/indoor,0.3946,0.1547,1.0,0.0706,0,0.0,0.1441,2.3186,0.6079,1,0.0032,0,0.0,0.3437,99681.12,99 681 RUB,Косметический
bedroom (155).jpg,bedroom,closet,0.4081,0.1658,0.2721,0.0333,0,0.0,0.1718,2.3186,0.5938,1,0.0132,0,0.0,0.575,92252.92,92 253 RUB,Косметический
bedroom (156).jpeg,bedroom,bedroom,0.5375,0.1785,1.0,0.0981,6,0.0167,0.1826,2.33,0.668,2,0.0552,2,12.0119,0.3971,158726.82,158 727 RUB,Косметический
bedroom (156).jpg,bedroom,bedroom,0.6121,0.3299,1.0,0.1004,6,0.002,0.166,2.3186,0.4611,2,0.0426,6,31.9998,0.425,165586.6,165 587 RUB,Косметический
bedroom (157).jpeg,bedroom,alcove,0.4711,0.1093,0.3664,0.0316,0,0.0,0.1432,2.3186,0.7679,0,0.0023,0,0.0,0.5722,77534.55,77 535 RUB,Без ремонта
bedroom (157).jpg,bedroom,hotel_room,0.4681,0.2315,0.4476,0.0469,2,0.0,0.1829,2.3186,0.5053,1,0.0606,1,5.3333,0.5436,121764.21,121 764 RUB,Косметический
bedroom (158).jpeg,bedroom,alcove,0.6399,0.0978,0.1046,0.0068,0,0.0,0.1401,2.3186,0.8472,1,0.0006,0,0.0,0.7232,80025.72,80 026 RUB,Без ремонта
bedroom (158).jpg,bedroom,bow_window/indoor,0.5674,0.2115,0.4406,0.0436,0,0.0,0.1689,2.3186,0.6272,2,0.0284,0,0.0,0.586,96244.54,96 245 RUB,Косметический
bedroom (159).jpeg,bedroom,basement,0.617,0.1005,0.121,0.0154,0,0.0,0.157,2.3186,0.8371,1,0.0007,0,0.0,0.7074,79965.01,79 965 RUB,Без ремонта
bedroom (159).jpg,bedroom,bedroom,0.7489,0.2042,1.0,0.1091,2,0.0019,0.1862,2.3186,0.7273,2,0.043,2,10.6666,0.4779,146382.15,146 382 RUB,Косметический
bedroom (16).jpeg,bedroom,bow_window/indoor,0.4851,0.118,0.2197,0.0477,0,0.0,0.1521,2.3186,0.7567,0,0.0062,0,0.0,0.6186,78433.07,78 433 RUB,Без ремонта
bedroom (16).jpg,bedroom,nursery,0.6514,0.2135,0.5474,0.0555,3,0.0004,0.1688,2.3186,0.6722,1,0.0272,2,10.6666,0.5853,127368.93,127 369 RUB,Косметический
bedroom (160).jpeg,bedroom,childs_room,0.4987,0.1673,1.0,0.1054,5,0.0,0.2086,2.32,0.6646,1,0.032,3,18.0722,0.3784,149437.61,149 438 RUB,Косметический
bedroom (160).jpg,bedroom,youth_hostel,0.5414,0.1874,0.6381,0.0673,5,0.0,0.1661,2.3186,0.6539,0,0.0235,5,26.6665,0.5117,129559.86,129 560 RUB,Косметический
bedroom (161).jpeg,bedroom,alcove,0.6033,0.1513,0.7971,0.0437,0,0.0061,0.1531,2.32,0.7492,1,0.0142,0,0.0,0.494,86466.54,86 467 RUB,Без ремонта
bedroom (162).jpeg,bedroom,bow_window/indoor,0.723,0.1161,0.5083,0.032,0,0.0016,0.1633,2.32,0.8394,2,0.0058,0,0.0,0.6304,86123.34,86 123 RUB,Без ремонта
bedroom (162).jpg,bedroom,bedroom,0.5896,0.2392,1.0,0.1145,2,0.0001,0.2054,2.3186,0.5943,0,0.041,2,10.6666,0.413,134202.91,134 203 RUB,Косметический
bedroom (163).jpeg,bedroom,bow_window/indoor,0.5832,0.1398,0.4754,0.0415,0,0.0,0.131,2.33,0.7603,2,0.0018,0,0.0,0.5824,84894.3,84 894 RUB,Без ремонта
bedroom (163).jpg,bedroom,entrance_hall,0.579,0.2105,0.4153,0.0452,0,0.0,0.1623,2.3186,0.6364,1,0.009,0,0.0,0.598,87457.33,87 457 RUB,Без ремонта
bedroom (164).jpeg,bedroom,bow_window/indoor,0.4789,0.1272,0.522,0.0456,0,0.0,0.1369,2.3333,0.7344,0,0.0073,0,0.0,0.5258,77696.58,77 697 RUB,Без ремонта
bedroom (164).jpg,bedroom,bedchamber,0.4063,0.2192,0.5365,0.0692,4,0.0,0.1892,2.3186,0.4606,0,0.0764,2,10.6666,0.4877,148269.2,148 269 RUB,Косметический
bedroom (165).jpeg,bedroom,bedroom,0.3856,0.1834,0.4432,0.0447,3,0.0,0.1944,2.3069,0.5245,0,0.0412,2,11.976,0.5123,137184.7,137 185 RUB,Косметический
bedroom (165).jpg,bedroom,alcove,0.6987,0.1949,0.465,0.0311,3,0.0,0.1696,2.3186,0.721,1,0.0098,2,10.6666,0.6338,120389.0,120 389 RUB,Косметический
bedroom (166).jpeg,bedroom,bedroom,0.5057,0.2975,1.0,0.0965,10,0.0087,0.2103,2.33,0.4117,4,0.0631,4,24.0239,0.3838,188418.44,188 418 RUB,Капитальный
bedroom (166).jpg,bedroom,attic,0.7195,0.1459,0.2171,0.0373,1,0.0,0.1406,2.3186,0.7973,0,0.0107,0,0.0,0.7152,69171.51,69 172 RUB,Без ремонта
bedroom (167).jpeg,bedroom,garage/indoor,0.4415,0.1378,0.6484,0.0265,0,0.0,0.1648,2.3186,0.6879,1,0.0105,0,0.0,0.4768,90906.54,90 907 RUB,Косметический
bedroom (167).jpg,bedroom,alcove,0.5107,0.2366,1.0,0.128,2,0.0025,0.2014,2.3186,0.5367,1,0.03,2,10.6666,0.3789,137998.74,137 999 RUB,Косметический
bedroom (168).jpeg,bedroom,bow_window/indoor,0.5066,0.1501,0.3801,0.0427,0,0.0,0.1507,2.33,0.7037,0,0.0159,0,0.0,0.5801,79163.43,79 163 RUB,Без ремонта
bedroom (168).jpg,bedroom,bedchamber,0.4817,0.2547,1.0,0.124,3,0.0019,0.1849,2.3186,0.4711,1,0.0891,2,10.6666,0.3681,151397.84,151 398 RUB,Косметический
bedroom (169).jpeg,bedroom,bow_window/indoor,0.2842,0.1807,0.5426,0.0433,0,0.0,0.1567,2.33,0.3643,2,0.0098,0,0.0,0.4423,105515.96,105 516 RUB,Косметический
bedroom (169).jpg,bedroom,artists_loft,0.6764,0.1317,0.1964,0.0155,0,0.0,0.1344,2.3186,0.8052,0,0.0012,0,0.0,0.7085,73958.19,73 958 RUB,Без ремонта
bedroom (17).jpeg,bedroom,bedroom,0.4374,0.1605,1.0,0.091,2,0.0003,0.167,2.3186,0.6331,1,0.041,1,5.3333,0.3568,123993.8,123 994 RUB,Косметический
bedroom (17).jpg,bedroom,alcove,0.7086,0.312,0.4081,0.0185,0,0.0,0.0998,2.3186,0.5597,0,0.0218,0,0.0,0.6573,82743.84,82 744 RUB,Без ремонта
bedroom (170).jpeg,bedroom,bedroom,0.3601,0.2267,0.3008,0.0284,1,0.0,0.1621,2.33,0.3705,0,0.0194,1,6.006,0.5481,111957.8,111 958 RUB,Косметический
bedroom (170).jpg,bedroom,nursery,0.5725,0.2703,0.8909,0.098,4,0.0,0.1683,2.3186,0.5278,1,0.1132,1,5.3333,0.4421,141201.98,141 202 RUB,Косметический
bedroom (171).jpeg,bedroom,bow_window/indoor,0.6698,0.1802,0.5378,0.0504,0,0.0,0.157,2.3069,0.731,2,0.0035,0,0.0,0.5965,87634.93,87 635 RUB,Без ремонта
bedroom (171).jpg,bedroom,childs_room,0.5788,0.2108,1.0,0.149,6,0.0236,0.2418,2.3186,0.6357,1,0.0339,3,15.9999,0.4041,149471.8,149 472 RUB,Косметический
bedroom (172).jpeg,bedroom,attic,0.6107,0.1627,0.5244,0.0338,0,0.0001,0.1751,2.3069,0.7336,2,0.0128,0,0.0,0.5802,90617.21,90 617 RUB,Косметический
bedroom (172).jpg,bedroom,home_office,0.5185,0.3455,1.0,0.079,4,0.0003,0.1664,2.3186,0.3337,0,0.0952,1,5.3333,0.3916,142797.37,142 797 RUB,Косметический
bedroom (173).jpeg,bedroom,attic,0.5982,0.1457,0.8502,0.0364,2,0.0,0.1572,2.3069,0.7565,0,0.0231,0,0.0,0.4769,81729.29,81 729 RUB,Без ремонта
bedroom (173).jpg,bedroom,basement,0.607,0.1132,0.243,0.0313,0,0.0,0.1319,2.3186,0.8135,1,0.0,0,0.0,0.6636,78001.21,78 001 RUB,Без ремонта
bedroom (174).jpeg,bedroom,bow_window/indoor,0.5713,0.1733,0.1767,0.0223,0,0.0,0.1191,2.3186,0.6966,1,0.0025,0,0.0,0.6711,81090.17,81 090 RUB,Без ремонта
bedroom (174).jpg,bedroom,bow_window/indoor,0.5401,0.2549,0.3015,0.0242,0,0.0,0.1196,2.3186,0.528,2,0.0007,0,0.0,0.6207,97440.1,97 440 RUB,Косметический
bedroom (175).jpeg,bedroom,television_room,0.6291,0.1224,0.4272,0.0323,1,0.0,0.1595,2.31,0.8054,1,0.0167,1,6.0423,0.617,95333.55,95 334 RUB,Косметический
bedroom (175).jpg,bedroom,attic,0.5219,0.2178,0.5895,0.034,0,0.0,0.1612,2.3186,0.5827,0,0.0175,0,0.0,0.5251,87252.04,87 252 RUB,Без ремонта
bedroom (176).jpeg,bedroom,childs_room,0.3588,0.1423,0.321,0.077,2,0.4224,0.19,2.3186,0.6034,0,0.0315,2,10.6666,0.574,125284.21,125 284 RUB,Косметический
bedroom (176).jpg,bedroom,bedchamber,0.6016,0.1983,0.5132,0.0887,3,0.0006,0.193,2.3186,0.6704,0,0.0136,2,10.6666,0.569,119528.77,119 529 RUB,Косметический
bedroom (177).jpeg,bedroom,attic,0.2744,0.1755,0.2765,0.0186,0,0.0,0.1266,2.3069,0.3606,2,0.0122,0,0.0,0.5231,109101.22,109 101 RUB,Косметический
bedroom (177).jpg,bedroom,bedroom,0.4326,0.3121,0.7283,0.0272,4,0.0,0.1633,2.3186,0.2786,0,0.0384,4,21.3332,0.4491,146538.74,146 539 RUB,Косметический
bedroom (178).jpeg,bedroom,bow_window/indoor,0.5382,0.2305,1.0,0.1213,4,0.0855,0.1822,2.3186,0.5718,5,0.0196,2,10.6666,0.3996,174463.07,174 463 RUB,Капитальный
bedroom (178).jpg,bedroom,nursery,0.5781,0.2531,0.7077,0.0693,5,0.0,0.1833,2.3186,0.5622,1,0.0264,2,10.6666,0.5051,134907.12,134 907 RUB,Косметический
bedroom (179).jpeg,bedroom,alcove,0.5252,0.141,0.2058,0.0148,0,0.0,0.1286,2.3186,0.7316,1,0.0073,0,0.0,0.6454,76047.05,76 047 RUB,Без ремонта
bedroom (179).jpg,bedroom,bedroom,0.5642,0.2654,1.0,0.098,1,0.0001,0.1673,2.3186,0.5297,1,0.0221,1,5.3333,0.4061,118829.64,118 830 RUB,Косметический
bedroom (18).jpeg,bedroom,alcove,0.3168,0.2121,0.515,0.0221,0,0.0,0.148,2.3186,0.3306,2,0.0149,0,0.0,0.4678,110575.93,110 576 RUB,Косметический
bedroom (18).jpg,bedroom,artists_loft,0.7313,0.2613,0.1618,0.0161,0,0.0,0.1038,2.3186,0.6427,0,0.0045,0,0.0,0.7408,80806.02,80 806 RUB,Без ремонта
bedroom (180).jpeg,bedroom,garage/indoor,0.507,0.1622,0.246,0.0219,0,0.0,0.1532,2.3186,0.68,1,0.0091,0,0.0,0.6246,80816.04,80 816 RUB,Без ремонта
bedroom (180).jpg,bedroom,alcove,0.4079,0.2844,0.3873,0.0326,0,0.0,0.1613,2.3186,0.3026,0,0.0283,0,0.0,0.5404,101541.86,101 542 RUB,Косметический
bedroom (181).jpeg,bedroom,bow_window/indoor,0.4591,0.1208,1.0,0.0605,0,0.0029,0.1421,2.3069,0.7368,0,0.0007,0,0.0,0.3718,81597.43,81 597 RUB,Без ремонта
bedroom (181).jpg,bedroom,bedroom,0.5392,0.2236,0.553,0.0764,4,0.0,0.1829,2.3186,0.5853,1,0.0151,3,15.9999,0.5345,137020.69,137 021 RUB,Косметический
bedroom (182).jpeg,bedroom,bedroom,0.5361,0.1879,0.2548,0.0652,2,0.0012,0.1703,2.3186,0.6495,0,0.0332,2,10.6666,0.6251,120234.57,120 235 RUB,Косметический
bedroom (182).jpg,bedroom,bedroom,0.5568,0.2472,0.562,0.0853,3,0.0,0.1866,2.3186,0.5561,0,0.0942,3,15.9999,0.5371,145455.86,145 456 RUB,Косметический
bedroom (183).jpeg,bedroom,attic,0.6211,0.1552,0.665,0.0669,0,0.0,0.1705,2.33,0.7502,0,0.0053,0,0.0,0.5355,74819.45,74 819 RUB,Без ремонта
bedroom (183).jpg,bedroom,bedroom,0.603,0.2218,0.6615,0.0588,2,0.0001,0.1777,2.3186,0.6321,1,0.0126,2,10.6666,0.531,127110.4,127 110 RUB,Косметический
bedroom (184).jpeg,bedroom,bow_window/indoor,0.3463,0.2546,0.7917,0.0244,0,0.0,0.1616,2.3097,0.2647,1,0.0422,0,0.0,0.3961,120415.23,120 415 RUB,Косметический
bedroom (184).jpg,bedroom,bedroom,0.4354,0.272,0.8606,0.1057,2,0.0025,0.2298,2.3186,0.3753,0,0.028,2,10.6666,0.3951,137848.81,137 849 RUB,Косметический
bedroom (185).jpeg,bedroom,bedroom,0.5115,0.2017,1.0,0.0677,2,0.0003,0.183,2.32,0.6056,1,0.055,1,6.0241,0.3911,125258.96,125 259 RUB,Косметический
bedroom (185).jpg,bedroom,bow_window/indoor,0.4574,0.2696,0.7231,0.0966,0,0.0001,0.1679,2.3186,0.4105,1,0.0011,0,0.0,0.4467,104999.46,104 999 RUB,Косметический
bedroom (186).jpeg,bedroom,bow_window/indoor,0.4081,0.2035,0.3599,0.0225,0,0.0001,0.1298,2.3186,0.5012,0,0.0014,0,0.0,0.5508,88820.89,88 821 RUB,Без ремонта
bedroom (186).jpg,bedroom,bow_window/indoor,0.4257,0.1937,0.3652,0.0688,0,0.0,0.1624,2.3186,0.5451,1,0.0199,0,0.0,0.547,94938.43,94 938 RUB,Косметический
bedroom (187).jpeg,bedroom,entrance_hall,0.5402,0.1315,0.4071,0.0445,0,0.0,0.1817,2.33,0.7565,1,0.0041,0,0.0,0.5851,81215.15,81 215 RUB,Без ремонта
bedroom (187).jpg,bedroom,bedroom,0.6427,0.239,0.7623,0.0893,1,0.0,0.1761,2.3186,0.6281,2,0.0228,1,5.3333,0.5106,121206.71,121 207 RUB,Косметический
bedroom (188).jpeg,bedroom,garage/indoor,0.5637,0.1135,0.2032,0.0215,0,0.0,0.1099,2.3186,0.7987,2,0.0,0,0.0,0.6602,79195.64,79 196 RUB,Без ремонта
bedroom (188).jpg,bedroom,attic,0.7832,0.2457,0.1173,0.0138,0,0.0,0.1202,2.3186,0.6864,2,0.0,0,0.0,0.7753,83624.91,83 625 RUB,Без ремонта
bedroom (189).jpeg,bedroom,wet_bar,0.2693,0.1939,0.925,0.0653,0,0.0001,0.1669,2.32,0.2801,0,0.0317,0,0.0,0.3172,107990.18,107 990 RUB,Косметический
bedroom (189).jpg,bedroom,bow_window/indoor,0.3875,0.2908,0.7413,0.0752,0,0.0004,0.1672,2.3186,0.2494,2,0.0495,0,0.0,0.4176,132301.72,132 302 RUB,Косметический
bedroom (19).jpeg,bedroom,closet,0.5361,0.1149,0.1594,0.0219,0,0.0,0.1155,2.3186,0.7857,2,0.0029,0,0.0,0.6622,77883.45,77 883 RUB,Без ремонта
bedroom (19).jpg,bedroom,garage/indoor,0.7593,0.1113,0.1085,0.0171,0,0.0,0.1338,2.3186,0.8534,2,0.004,0,0.0,0.7677,83421.55,83 422 RUB,Без ремонта
bedroom (190).jpeg,bedroom,alcove,0.4537,0.1434,0.9331,0.0582,3,0.0002,0.1399,2.3097,0.6839,0,0.0182,2,10.6951,0.3899,118894.14,118 894 RUB,Косметический
bedroom (190).jpg,bedroom,basement,0.571,0.1883,0.3975,0.0382,0,0.0,0.1543,2.3186,0.6702,1,0.003,0,0.0,0.6015,81432.64,81 433 RUB,Без ремонта
bedroom (191).jpeg,bedroom,television_room,0.4271,0.2457,1.0,0.0767,8,0.0009,0.1979,2.33,0.4247,1,0.0553,6,36.0358,0.3556,166319.94,166 320 RUB,Косметический
bedroom (191).jpg,bedroom,basement,0.5798,0.1845,0.2363,0.0263,0,0.0,0.1581,2.3186,0.6817,0,0.0056,0,0.0,0.6558,77490.74,77 491 RUB,Без ремонта
bedroom (192).jpeg,bedroom,childs_room,0.3801,0.2299,1.0,0.1619,11,0.0018,0.1912,2.3186,0.3952,0,0.07,2,10.6666,0.3198,158943.93,158 944 RUB,Косметический
bedroom (192).jpg,bedroom,bow_window/indoor,0.6446,0.1866,0.3665,0.0301,0,0.0,0.1594,2.3186,0.7106,1,0.0116,0,0.0,0.6419,85839.34,85 839 RUB,Без ремонта
bedroom (193).jpeg,bedroom,bedchamber,0.3672,0.1904,0.9849,0.0943,3,0.1861,0.2288,2.3333,0.4815,0,0.0501,1,5.3333,0.3512,126337.56,126 338 RUB,Косметический
bedroom (193).jpg,bedroom,bedroom,0.5018,0.2843,1.0,0.0679,4,0.0,0.1798,2.3186,0.4334,2,0.0487,3,15.9999,0.3871,157075.47,157 075 RUB,Косметический
bedroom (194).jpeg,bedroom,bedchamber,0.5078,0.2122,1.0,0.1173,5,0.0,0.2099,2.33,0.5822,1,0.0953,3,18.0179,0.3797,158107.58,158 108 RUB,Косметический
bedroom (194).jpg,bedroom,nursery,0.5824,0.2032,0.8109,0.11,3,0.0001,0.2025,2.3186,0.6512,0,0.0171,3,15.9999,0.4677,128528.64,128 529 RUB,Косметический
bedroom (195).jpeg,bedroom,garage/indoor,0.381,0.1839,0.2209,0.0398,0,0.0,0.1429,2.3186,0.5174,1,0.0122,0,0.0,0.5782,92034.24,92 034 RUB,Косметический
bedroom (195).jpg,bedroom,attic,0.7091,0.1297,0.2908,0.0296,0,0.0,0.1188,2.3186,0.8171,0,0.0138,0,0.0,0.6905,77109.74,77 110 RUB,Без ремонта
bedroom (196).jpeg,bedroom,entrance_hall,0.4363,0.2012,1.0,0.0799,0,0.0,0.192,2.33,0.5388,1,0.0301,0,0.0,0.3586,103707.5,103 708 RUB,Косметический
bedroom (196).jpg,bedroom,childs_room,0.5914,0.2235,0.6737,0.0794,4,0.0006,0.2018,2.3186,0.6221,1,0.0249,3,15.9999,0.5186,140538.44,140 538 RUB,Косметический
bedroom (197).jpeg,bedroom,bedroom,0.476,0.1561,0.7674,0.0754,2,0.0,0.1988,2.33,0.6722,1,0.0102,1,6.006,0.4451,115227.26,115 227 RUB,Косметический
bedroom (197).jpg,bedroom,bow_window/indoor,0.6926,0.1524,0.2508,0.03,0,0.0,0.1289,2.3186,0.78,1,0.0009,0,0.0,0.6958,78409.74,78 410 RUB,Без ремонта
bedroom (198).jpeg,bedroom,basement,0.6345,0.1074,0.5709,0.0408,1,0.0,0.135,2.33,0.8307,0,0.0117,0,0.0,0.5744,76093.34,76 093 RUB,Без ремонта
bedroom (198).jpg,bedroom,garage/indoor,0.703,0.1326,0.1903,0.0247,0,0.0,0.1305,2.3186,0.8113,1,0.0014,0,0.0,0.7192,72403.74,72 404 RUB,Без ремонта
bedroom (199).jpeg,bedroom,bow_window/indoor,0.4521,0.2073,0.4618,0.0359,0,0.0,0.1543,2.3186,0.5413,1,0.0155,0,0.0,0.5351,93240.54,93 241 RUB,Косметический
bedroom (199).jpg,bedroom,bow_window/indoor,0.6882,0.1572,0.3422,0.0508,0,0.0,0.168,2.3186,0.7715,2,0.0051,0,0.0,0.6624,86184.64,86 185 RUB,Без ремонта
bedroom (2).jpeg,bedroom,bedroom,0.484,0.1231,1.0,0.0809,2,0.0,0.1518,2.322,0.7457,0,0.0361,2,10.204,0.3774,125449.85,125 450 RUB,Косметический
bedroom (2).jpg,bedroom,bow_window/indoor,0.6238,0.1663,0.5648,0.0643,0,0.0,0.1476,2.3186,0.7334,1,0.0058,0,0.0,0.5672,81742.03,81 742 RUB,Без ремонта
bedroom (20).jpeg,bedroom,bow_window/indoor,0.4319,0.2223,0.6289,0.0744,0,0.0,0.1443,2.3186,0.4854,1,0.0234,0,0.0,0.4692,100800.14,100 800 RUB,Косметический
bedroom (20).jpg,bedroom,basement,0.524,0.0942,0.034,0.0097,0,0.0,0.1208,2.3186,0.8202,0,0.0035,0,0.0,0.6975,68559.99,68 560 RUB,Без ремонта
bedroom (200).jpeg,bedroom,bow_window/indoor,0.5706,0.2597,0.6049,0.0573,0,0.0,0.1669,2.3186,0.5448,0,0.0126,0,0.0,0.5353,86293.91,86 294 RUB,Без ремонта
bedroom (200).jpg,bedroom,attic,0.7445,0.1193,0.1054,0.0142,0,0.0,0.1162,2.3186,0.8398,3,0.0,0,0.0,0.7633,84713.72,84 714 RUB,Без ремонта
bedroom (201).jpeg,bedroom,youth_hostel,0.4581,0.2297,1.0,0.0807,3,0.0053,0.161,2.3186,0.4987,0,0.1209,2,10.6666,0.3676,154887.06,154 887 RUB,Косметический
bedroom (201).jpg,bedroom,bedroom,0.6334,0.218,0.5172,0.0658,1,0.0,0.1911,2.3186,0.6558,1,0.0059,1,5.3333,0.585,110235.34,110 235 RUB,Косметический
bedroom (202).jpeg,bedroom,bow_window/indoor,0.458,0.1427,0.1226,0.0119,0,0.0,0.1347,2.3186,0.6884,1,0.0012,0,0.0,0.644,83443.17,83 443 RUB,Без ремонта
bedroom (202).jpg,bedroom,bedroom,0.6499,0.2385,0.5984,0.04,5,0.0,0.1847,2.3186,0.6331,1,0.0221,2,10.6666,0.5724,133705.76,133 706 RUB,Косметический
bedroom (203).jpeg,bedroom,bedroom,0.3328,0.2266,0.3904,0.0805,5,0.2106,0.2026,2.33,0.3193,1,0.05,4,24.0239,0.521,152424.82,152 425 RUB,Косметический
bedroom (203).jpg,bedroom,bow_window/indoor,0.7673,0.1357,0.3332,0.0567,1,0.0,0.1493,2.3186,0.8232,4,0.0041,0,0.0,0.6956,102554.15,102 554 RUB,Косметический
bedroom (204).jpeg,bedroom,alcove,0.6115,0.2331,0.9489,0.0429,2,0.0,0.1999,2.31,0.6188,5,0.029,2,12.0845,0.4514,165887.35,165 887 RUB,Косметический
bedroom (204).jpg,bedroom,bedroom,0.6724,0.232,0.6907,0.0751,3,0.0,0.1845,2.3186,0.655,2,0.0213,3,15.9999,0.5467,148980.17,148 980 RUB,Косметический
bedroom (205).jpeg,bedroom,bow_window/indoor,0.5486,0.1723,0.198,0.0525,0,0.0,0.1318,2.3186,0.6859,1,0.0121,0,0.0,0.6495,85664.96,85 665 RUB,Без ремонта
bedroom (205).jpg,bedroom,bow_window/indoor,0.345,0.1818,0.1701,0.0127,0,0.0,0.1277,2.3186,0.4729,2,0.0187,0,0.0,0.5844,101052.03,101 052 RUB,Косметический
bedroom (206).jpeg,bedroom,bow_window/indoor,0.4828,0.1702,0.5081,0.0477,0,0.0,0.1294,2.32,0.6475,2,0.0054,0,0.0,0.5311,101197.0,101 197 RUB,Косметический
bedroom (206).jpg,bedroom,bow_window/indoor,0.3619,0.1928,0.0952,0.0188,0,0.0,0.1364,2.3186,0.4671,1,0.0055,0,0.0,0.6124,91558.36,91 558 RUB,Косметический
bedroom (207).jpeg,bedroom,bow_window/indoor,0.3375,0.248,0.4033,0.0597,1,0.0,0.1462,2.33,0.2653,0,0.0121,0,0.0,0.5021,102924.96,102 925 RUB,Косметический
bedroom (207).jpg,bedroom,bow_window/indoor,0.5057,0.2269,0.3682,0.0297,1,0.0001,0.1667,2.3186,0.5513,1,0.0024,0,0.0,0.5859,93135.01,93 135 RUB,Косметический
bedroom (208).jpeg,bedroom,bow_window/indoor,0.4465,0.2777,1.0,0.0975,0,0.0021,0.163,2.3186,0.378,0,0.0151,0,0.0,0.3593,100695.74,100 696 RUB,Косметический
bedroom (208).jpg,bedroom,television_room,0.5912,0.2698,0.6371,0.055,22,0.001,0.1865,2.3186,0.5437,2,0.0448,2,10.6666,0.5344,163480.05,163 480 RUB,Косметический
bedroom (209).jpeg,bedroom,bow_window/indoor,0.6406,0.1746,0.2128,0.0379,0,0.0,0.1704,2.33,0.7274,2,0.0005,0,0.0,0.6848,82856.08,82 856 RUB,Без ремонта
bedroom (209).jpg,bedroom,basement,0.6588,0.1468,0.1866,0.014,0,0.0,0.1488,2.3186,0.7771,1,0.0013,0,0.0,0.7047,78990.95,78 991 RUB,Без ремонта
bedroom (21).jpeg,bedroom,bow_window/indoor,0.336,0.1822,1.0,0.0473,0,0.005,0.1593,2.3303,0.4579,0,0.0261,0,0.0,0.3255,92416.75,92 417 RUB,Косметический
bedroom (21).jpg,bedroom,alcove,0.5733,0.2109,0.6862,0.0497,2,0.0,0.182,2.3186,0.632,1,0.0127,1,5.3333,0.5135,110710.61,110 711 RUB,Косметический
bedroom (210).jpeg,bedroom,bow_window/indoor,0.4353,0.1479,0.2319,0.0196,0,0.0,0.1325,2.3186,0.6602,1,0.0001,0,0.0,0.6006,80469.54,80 470 RUB,Без ремонта
bedroom (210).jpg,bedroom,home_office,0.6452,0.232,0.4001,0.0359,2,0.0,0.1715,2.3186,0.6405,3,0.0163,2,10.6666,0.6309,137890.15,137 890 RUB,Косметический
bedroom (211).jpeg,bedroom,alcove,0.572,0.1202,0.2174,0.0153,0,0.0,0.1389,2.3186,0.7898,1,0.0019,0,0.0,0.6605,76849.17,76 849 RUB,Без ремонта
bedroom (211).jpg,bedroom,bow_window/indoor,0.6488,0.1575,0.2683,0.0206,0,0.0,0.1368,2.3186,0.7573,2,0.0,0,0.0,0.6749,85355.48,85 355 RUB,Без ремонта
bedroom (212).jpeg,bedroom,bedroom,0.3252,0.2302,1.0,0.0966,4,0.0001,0.1765,2.33,0.2922,0,0.1156,4,24.0239,0.3108,169662.83,169 663 RUB,Косметический
bedroom (212).jpg,bedroom,bedroom,0.5742,0.2277,0.4784,0.0543,2,0.0,0.1885,2.3186,0.6035,0,0.0097,2,10.6666,0.5753,121058.28,121 058 RUB,Косметический
bedroom (213).jpeg,bedroom,bow_window/indoor,0.5633,0.1435,0.2043,0.0231,0,0.0,0.1177,2.3276,0.7452,1,0.0,0,0.0,0.6595,73840.14,73 840 RUB,Без ремонта
bedroom (213).jpg,bedroom,bow_window/indoor,0.5612,0.1279,0.0928,0.0242,0,0.0,0.1368,2.3186,0.7721,2,0.0005,0,0.0,0.6918,83487.75,83 488 RUB,Без ремонта
bedroom (214).jpeg,bedroom,bow_window/indoor,0.5601,0.1116,0.5108,0.0372,0,0.0,0.1164,2.3276,0.8007,1,0.0,0,0.0,0.5634,79710.48,79 710 RUB,Без ремонта
bedroom (214).jpg,bedroom,attic,0.5222,0.2594,0.6253,0.021,0,0.0,0.1705,2.3186,0.5031,1,0.0257,0,0.0,0.5171,94694.74,94 695 RUB,Косметический
bedroom (215).jpeg,bedroom,bow_window/indoor,0.6832,0.1324,0.3778,0.0243,0,0.0,0.1431,2.33,0.8062,3,0.015,0,0.0,0.6551,95186.06,95 186 RUB,Косметический
bedroom (215).jpg,bedroom,bedroom,0.6066,0.2254,0.4881,0.0638,2,0.0002,0.2133,2.3186,0.6284,1,0.0187,1,5.3333,0.5835,112838.48,112 838 RUB,Косметический
bedroom (216).jpeg,bedroom,basement,0.4976,0.1464,0.165,0.0159,0,0.0005,0.1368,2.3186,0.7057,2,0.0066,0,0.0,0.6464,87126.74,87 127 RUB,Без ремонта
bedroom (216).jpg,bedroom,alcove,0.6267,0.1204,0.1107,0.0192,1,0.0,0.1448,2.3186,0.8079,1,0.0026,1,5.3333,0.7136,90447.24,90 447 RUB,Косметический
bedroom (217).jpeg,bedroom,bedchamber,0.4986,0.262,1.0,0.0761,3,0.0,0.1975,2.33,0.4745,0,0.0564,2,12.0119,0.3842,147100.23,147 100 RUB,Косметический
bedroom (217).jpg,bedroom,bedroom,0.6141,0.2818,0.6816,0.0661,3,0.0059,0.181,2.3186,0.5411,1,0.0276,1,5.3333,0.5285,117277.08,117 277 RUB,Косметический
bedroom (218).jpeg,bedroom,bedchamber,0.5776,0.3254,1.0,0.103,2,0.0003,0.1776,2.3145,0.4366,7,0.0218,2,9.7323,0.4105,155528.3,155 528 RUB,Косметический
bedroom (218).jpg,bedroom,alcove,0.5513,0.1104,0.0869,0.0215,0,0.0,0.1502,2.3186,0.7998,2,0.0,0,0.0,0.6902,83610.94,83 611 RUB,Без ремонта
bedroom (219).jpeg,bedroom,bow_window/indoor,0.6204,0.1216,0.725,0.0416,0,0.0,0.1468,2.33,0.8039,1,0.0076,0,0.0,0.5223,79877.58,79 878 RUB,Без ремонта
bedroom (219).jpg,bedroom,entrance_hall,0.5951,0.23,0.5397,0.0617,0,0.0,0.1784,2.3186,0.6135,2,0.0349,0,0.0,0.5638,98040.6,98 041 RUB,Косметический
bedroom (22).jpeg,bedroom,bow_window/indoor,0.4582,0.1785,1.0,0.0583,0,0.0,0.1702,2.3186,0.6105,2,0.0087,0,0.0,0.3716,105043.51,105 044 RUB,Косметический
bedroom (22).jpg,bedroom,bedroom,0.5871,0.2576,0.7997,0.0858,4,0.0001,0.1999,2.3186,0.5613,1,0.0201,4,21.3332,0.4778,142472.09,142 472 RUB,Косметический
bedroom (220).jpeg,bedroom,bedroom,0.4679,0.3048,1.0,0.0803,2,0.0,0.1595,2.33,0.3486,0,0.0711,2,12.0119,0.3711,153834.69,153 835 RUB,Косметический
bedroom (220).jpg,bedroom,nursery,0.6633,0.2173,0.6562,0.0664,2,0.0,0.1611,2.3186,0.6723,1,0.0457,1,5.3333,0.5552,112229.07,112 229 RUB,Косметический
bedroom (221).jpeg,bedroom,alcove,0.5381,0.2182,0.6252,0.0384,0,0.0,0.1609,2.3186,0.5945,1,0.0276,0,0.0,0.52,91580.8,91 581 RUB,Косметический
bedroom (221).jpg,bedroom,bedroom,0.4856,0.2152,0.5459,0.0827,2,0.0002,0.1601,2.3186,0.5569,0,0.0209,1,5.3333,0.514,106652.97,106 653 RUB,Косметический
bedroom (222).jpeg,bedroom,bow_window/indoor,0.4252,0.2203,1.0,0.0429,1,0.0,0.1633,2.3186,0.4819,3,0.0253,1,5.3333,0.3615,130668.58,130 669 RUB,Косметический
bedroom (222).jpg,bedroom,entrance_hall,0.5706,0.2391,0.1695,0.0315,2,0.0297,0.1903,2.3186,0.5809,2,0.0209,1,5.3333,0.674,123545.84,123 546 RUB,Косметический
bedroom (223).jpeg,bedroom,attic,0.4632,0.1496,0.3137,0.0504,0,0.0,0.158,2.32,0.6771,0,0.0223,0,0.0,0.5811,81754.97,81 755 RUB,Без ремонта
bedroom (223).jpg,bedroom,bedroom,0.5704,0.2058,0.4897,0.057,2,0.0,0.174,2.3186,0.6392,0,0.0126,2,10.6666,0.5699,117818.46,117 818 RUB,Косметический
bedroom (224).jpeg,bedroom,bedroom,0.3806,0.2157,1.0,0.1013,3,0.0,0.2017,2.33,0.4333,2,0.0525,2,12.0119,0.332,161805.85,161 806 RUB,Косметический
bedroom (224).jpg,bedroom,closet,0.4147,0.1726,0.153,0.0256,1,0.0132,0.1757,2.3186,0.5838,1,0.007,1,5.3333,0.6162,108756.58,108 757 RUB,Косметический
bedroom (225).jpeg,bedroom,bow_window/indoor,0.5686,0.1644,0.1461,0.0353,0,0.0028,0.15,2.3186,0.7109,1,0.0005,0,0.0,0.6768,79398.64,79 399 RUB,Без ремонта
bedroom (225).jpg,bedroom,nursery,0.5433,0.2325,0.8347,0.0796,1,0.0031,0.1978,2.3186,0.5721,2,0.035,1,5.3333,0.4513,122755.37,122 755 RUB,Косметический
bedroom (226).jpeg,bedroom,bow_window/indoor,0.402,0.1621,0.9069,0.0572,0,0.0,0.1443,2.3186,0.5968,1,0.0022,0,0.0,0.3773,95313.19,95 313 RUB,Косметический
bedroom (226).jpg,bedroom,bow_window/indoor,0.5733,0.1646,0.2454,0.0535,0,0.0084,0.1555,2.3186,0.7129,1,0.0101,0,0.0,0.6458,82644.67,82 645 RUB,Без ремонта
bedroom (227).jpeg,bedroom,bow_window/indoor,0.34,0.2018,1.0,0.0665,0,0.0004,0.1585,2.3333,0.4064,1,0.0256,0,0.0,0.3227,107240.91,107 241 RUB,Косметический
bedroom (227).jpg,bedroom,bedroom,0.5258,0.3194,0.6937,0.0739,2,0.0969,0.2196,2.3186,0.3925,2,0.0282,2,10.6666,0.4971,148510.98,148 511 RUB,Косметический
bedroom (228).jpeg,bedroom,bedroom,0.519,0.2456,1.0,0.1208,7,0.0042,0.211,2.33,0.5268,3,0.0602,3,18.0179,0.3839,175138.86,175 139 RUB,Капитальный
bedroom (228).jpg,bedroom,childs_room,0.7138,0.2012,1.0,0.1137,5,0.0008,0.1903,2.3186,0.7182,1,0.029,3,15.9999,0.4629,138778.66,138 779 RUB,Косметический
bedroom (229).jpeg,bedroom,bedroom,0.4889,0.1511,0.8999,0.0909,5,0.0003,0.1912,2.33,0.6909,0,0.0569,4,24.0239,0.4074,146933.46,146 933 RUB,Косметический
bedroom (229).jpg,bedroom,bedroom,0.5253,0.2677,0.6434,0.0644,1,0.0001,0.167,2.3186,0.4903,0,0.0104,1,5.3333,0.5042,104839.27,104 839 RUB,Косметический
bedroom (23).jpeg,bedroom,basement,0.5467,0.1534,0.1089,0.0206,0,0.0,0.1642,2.3186,0.7194,1,0.0033,0,0.0,0.6819,82016.89,82 017 RUB,Без ремонта
bedroom (23).jpg,bedroom,bedroom,0.3676,0.2238,0.772,0.0832,5,0.0233,0.1969,2.3186,0.3913,1,0.0685,3,15.9999,0.4011,159764.88,159 765 RUB,Косметический
bedroom (230).jpeg,bedroom,bedroom,0.5257,0.2162,0.5886,0.0472,1,0.0,0.1545,2.33,0.5888,1,0.0318,1,6.006,0.5242,112081.12,112 081 RUB,Косметический
bedroom (230).jpg,bedroom,basement,0.4954,0.1364,0.0791,0.0075,0,0.0,0.101,2.3186,0.7246,0,0.0026,0,0.0,0.6729,71804.66,71 805 RUB,Без ремонта
bedroom (231).jpeg,bedroom,alcove,0.6565,0.134,0.8625,0.0897,0,0.0,0.1561,2.33,0.7959,4,0.0018,0,0.0,0.4859,102550.78,102 551 RUB,Косметический
bedroom (231).jpg,bedroom,bow_window/indoor,0.6871,0.1453,0.4858,0.0806,3,0.0185,0.1464,2.3186,0.7885,2,0.0083,2,10.6666,0.6148,127751.87,127 752 RUB,Косметический
bedroom (232).jpeg,bedroom,bow_window/indoor,0.2305,0.2821,0.9765,0.048,0,0.0001,0.1142,2.3186,0.0,2,0.0196,0,0.0,0.2897,136544.52,136 545 RUB,Косметический
bedroom (232).jpg,bedroom,bedroom,0.3356,0.2377,0.1806,0.0378,3,0.0,0.1619,2.3186,0.2917,2,0.0278,3,15.9999,0.5725,151421.14,151 421 RUB,Косметический
bedroom (233).jpeg,bedroom,bedroom,0.4756,0.2556,0.3452,0.0371,2,0.0,0.1776,2.3186,0.4626,1,0.0253,1,5.3333,0.5792,117458.27,117 458 RUB,Косметический
bedroom (233).jpg,bedroom,attic,0.4657,0.1635,0.1139,0.0149,0,0.0,0.1363,2.3186,0.6489,1,0.0042,0,0.0,0.6491,88752.49,88 752 RUB,Без ремонта
bedroom (234).jpeg,bedroom,alcove,0.6748,0.0845,0.1237,0.0224,0,0.0,0.1251,2.32,0.8748,1,0.0036,0,0.0,0.7283,78853.63,78 854 RUB,Без ремонта
bedroom (234).jpg,bedroom,bow_window/indoor,0.4492,0.2037,0.2677,0.0375,0,0.0,0.1748,2.3186,0.5465,3,0.0243,0,0.0,0.5919,109794.79,109 795 RUB,Косметический
bedroom (235).jpeg,bedroom,youth_hostel,0.4677,0.2017,0.4032,0.0437,2,0.0,0.1359,2.3186,0.5687,0,0.0341,1,5.3333,0.5574,110580.52,110 581 RUB,Косметический
bedroom (235).jpg,bedroom,alcove,0.5446,0.2395,0.3023,0.0165,0,0.0,0.1451,2.3186,0.5601,3,0.0,0,0.0,0.6238,100394.55,100 395 RUB,Косметический
bedroom (236).jpeg,bedroom,bedroom,0.5569,0.1722,1.0,0.1172,1,0.0,0.1942,2.33,0.6908,4,0.0303,1,6.006,0.3993,140017.8,140 018 RUB,Косметический
bedroom (236).jpg,bedroom,garage/indoor,0.5929,0.1953,0.4044,0.0373,0,0.0,0.1778,2.3186,0.6707,0,0.0018,0,0.0,0.6084,76125.84,76 126 RUB,Без ремонта
bedroom (237).jpeg,bedroom,bow_window/indoor,0.5611,0.1507,0.9513,0.0791,0,0.0,0.1548,2.33,0.7314,2,0.0043,0,0.0,0.4233,97374.82,97 375 RUB,Косметический
bedroom (237).jpg,bedroom,attic,0.3563,0.144,0.0727,0.0117,0,0.0,0.1379,2.3186,0.5959,1,0.0054,0,0.0,0.6184,89938.25,89 938 RUB,Без ремонта
bedroom (238).jpeg,bedroom,bedroom,0.5312,0.1594,0.3419,0.0429,3,0.0001,0.1949,2.33,0.7,0,0.0694,1,6.006,0.6013,118890.64,118 891 RUB,Косметический
bedroom (238).jpg,bedroom,entrance_hall,0.5594,0.1914,0.1132,0.0269,0,0.0,0.1734,2.3186,0.6578,1,0.001,0,0.0,0.6844,85867.18,85 867 RUB,Без ремонта
bedroom (239).jpeg,bedroom,home_office,0.4627,0.2492,1.0,0.1113,7,0.0014,0.181,2.3097,0.4615,1,0.0231,5,26.7378,0.363,158236.33,158 236 RUB,Косметический
bedroom (239).jpg,bedroom,attic,0.5873,0.2303,0.4767,0.0205,0,0.0,0.1353,2.3186,0.6079,0,0.02,0,0.0,0.5878,89505.42,89 505 RUB,Без ремонта
bedroom (24).jpeg,bedroom,closet,0.3974,0.2492,1.0,0.1105,2,0.0008,0.1707,2.3059,0.3728,1,0.07,2,14.2348,0.3369,154582.01,154 582 RUB,Косметический
bedroom (24).jpg,bedroom,bedroom,0.7408,0.3558,0.3796,0.031,1,0.0,0.1149,2.3186,0.5197,2,0.023,1,5.3333,0.6763,118246.63,118 247 RUB,Косметический
bedroom (240).jpeg,bedroom,bow_window/indoor,0.5812,0.1028,0.8271,0.0354,0,0.0112,0.1304,2.33,0.8231,0,0.0068,0,0.0,0.4784,77699.04,77 699 RUB,Без ремонта
bedroom (240).jpg,bedroom,artists_loft,0.6363,0.1745,0.3522,0.0377,1,0.0,0.155,2.3186,0.7258,0,0.0069,0,0.0,0.6413,81418.46,81 418 RUB,Без ремонта
bedroom (241).jpeg,bedroom,bedroom,0.6271,0.2064,0.1906,0.0208,1,0.0003,0.1695,2.3186,0.6709,1,0.0137,1,5.3333,0.6895,107619.72,107 620 RUB,Косметический
bedroom (241).jpg,bedroom,basement,0.6801,0.094,0.0165,0.0075,0,0.0,0.1015,2.3186,0.8617,2,0.0,0,0.0,0.7656,79060.4,79 060 RUB,Без ремонта
bedroom (242).jpeg,bedroom,bedroom,0.6091,0.1449,1.0,0.0642,3,0.0,0.1539,2.3153,0.7622,0,0.0415,3,16.3043,0.4308,130280.75,130 281 RUB,Косметический
bedroom (242).jpg,bedroom,bedroom,0.6276,0.2453,0.3426,0.0443,7,0.0,0.1871,2.3186,0.6092,3,0.0045,7,37.3331,0.6394,160666.07,160 666 RUB,Косметический
bedroom (243).jpeg,bedroom,basement,0.3434,0.141,0.2909,0.0419,0,0.0,0.1388,2.3186,0.5894,0,0.0075,0,0.0,0.5417,84673.18,84 673 RUB,Без ремонта
bedroom (243).jpg,bedroom,bedchamber,0.6046,0.2152,0.5535,0.0738,3,0.0,0.1792,2.3186,0.644,0,0.0405,1,5.3333,0.561,113575.91,113 576 RUB,Косметический
bedroom (244).jpeg,bedroom,bow_window/indoor,0.3578,0.2093,0.4119,0.0302,1,0.0003,0.1461,2.3059,0.415,1,0.0092,1,7.1174,0.5135,117870.17,117 870 RUB,Косметический
bedroom (244).jpg,bedroom,alcove,0.6229,0.1663,0.2671,0.0146,0,0.0,0.134,2.3186,0.7331,0,0.0025,0,0.0,0.6661,74264.26,74 264 RUB,Без ремонта
bedroom (245).jpeg,bedroom,bow_window/indoor,0.6015,0.1874,0.4716,0.0148,0,0.0,0.1505,2.3186,0.6884,2,0.0029,0,0.0,0.5961,85484.05,85 484 RUB,Без ремонта
bedroom (245).jpg,bedroom,bedroom,0.5892,0.1912,0.6349,0.0652,3,0.0002,0.1806,2.3186,0.6755,0,0.0219,2,10.6666,0.5322,122926.48,122 926 RUB,Косметический
bedroom (246).jpeg,bedroom,attic,0.4588,0.2301,0.1416,0.0292,0,0.0002,0.1653,2.3186,0.4985,4,0.0022,0,0.0,0.6352,114222.45,114 222 RUB,Косметический
bedroom (246).jpg,bedroom,bedroom,0.5315,0.1905,0.2752,0.0512,3,0.0001,0.1667,2.3186,0.6417,0,0.0405,2,10.6666,0.6198,124760.23,124 760 RUB,Косметический
bedroom (247).jpeg,bedroom,bedroom,0.4879,0.2063,0.8964,0.0719,3,0.0003,0.1651,2.32,0.5772,1,0.0516,3,18.0722,0.4119,147869.07,147 869 RUB,Косметический
bedroom (247).jpg,bedroom,attic,0.5248,0.2205,0.5599,0.0373,0,0.0,0.1665,2.3186,0.5799,0,0.0178,0,0.0,0.5345,86108.16,86 108 RUB,Без ремонта
bedroom (248).jpeg,bedroom,bow_window/indoor,0.503,0.1034,0.6161,0.0424,0,0.0,0.1356,2.3267,0.7944,1,0.0001,0,0.0,0.5079,83107.13,83 107 RUB,Без ремонта
bedroom (248).jpg,bedroom,bow_window/indoor,0.7317,0.1245,0.0978,0.0239,1,0.0,0.1334,2.3186,0.8298,4,0.0,1,5.3333,0.7585,102760.25,102 760 RUB,Косметический
bedroom (249).jpeg,bedroom,dorm_room,0.348,0.193,0.3057,0.0545,2,0.0,0.1833,2.3186,0.4454,0,0.0602,2,10.6666,0.5366,132195.89,132 196 RUB,Косметический
bedroom (249).jpg,bedroom,bedchamber,0.5753,0.2761,0.6862,0.0575,3,0.0,0.2023,2.3186,0.52,2,0.0246,2,10.6666,0.5127,145024.91,145 025 RUB,Косметический
bedroom (25).jpeg,bedroom,bow_window/indoor,0.5592,0.1481,0.9795,0.0585,0,0.0001,0.149,2.33,0.7351,1,0.0214,0,0.0,0.4182,90139.45,90 139 RUB,Косметический
bedroom (25).jpg,bedroom,bedroom,0.6098,0.1963,0.8668,0.1007,3,0.0003,0.1916,2.3186,0.6781,0,0.0131,3,15.9999,0.4638,129167.44,129 167 RUB,Косметический
bedroom (250).jpeg,bedroom,alcove,0.5639,0.128,0.0712,0.0059,0,0.0,0.1429,2.3186,0.773,0,0.0018,0,0.0,0.703,70691.91,70 692 RUB,Без ремонта
bedroom (250).jpg,bedroom,nursery,0.6196,0.176,0.4156,0.0502,0,0.0001,0.1605,2.3186,0.716,1,0.0081,0,0.0,0.6131,81567.79,81 568 RUB,Без ремонта
bedroom (251).jpeg,bedroom,bow_window/indoor,0.5433,0.1611,0.0478,0.0063,0,0.0653,0.1537,2.3333,0.7035,1,0.0023,0,0.0,0.7082,78020.59,78 021 RUB,Без ремонта
bedroom (251).jpg,bedroom,bedroom,0.397,0.2821,0.7963,0.0294,3,0.0,0.1519,2.3186,0.2894,2,0.0241,3,15.9999,0.414,160989.29,160 989 RUB,Косметический
bedroom (252).jpeg,bedroom,bedroom,0.5617,0.2252,1.0,0.1154,4,0.0,0.2109,2.3186,0.5991,1,0.0653,3,15.9999,0.4016,151468.19,151 468 RUB,Косметический
bedroom (252).jpg,bedroom,bow_window/indoor,0.6323,0.2159,0.487,0.0331,0,0.0058,0.1742,2.3186,0.6586,0,0.0189,0,0.0,0.6008,86138.78,86 139 RUB,Без ремонта
bedroom (253).jpeg,bedroom,bow_window/indoor,0.3304,0.1542,0.1879,0.0235,0,0.0,0.1613,2.3186,0.5334,1,0.0035,0,0.0,0.5711,86340.82,86 341 RUB,Без ремонта
bedroom (253).jpg,bedroom,bow_window/indoor,0.6535,0.191,0.3278,0.0346,0,0.0,0.1587,2.3186,0.7077,1,0.0013,0,0.0,0.6562,80921.4,80 921 RUB,Без ремонта
bedroom (254).jpeg,bedroom,bow_window/indoor,0.3995,0.1789,0.1732,0.024,0,0.0,0.1518,2.3186,0.5522,1,0.0078,0,0.0,0.6031,88965.59,88 966 RUB,Без ремонта
bedroom (254).jpg,bedroom,alcove,0.5648,0.2068,0.3994,0.0386,1,0.0,0.158,2.3186,0.6339,0,0.0037,0,0.0,0.5984,86689.17,86 689 RUB,Без ремонта
bedroom (255).jpeg,bedroom,bow_window/indoor,0.5765,0.1498,0.6942,0.0234,0,0.0001,0.1226,2.33,0.7402,5,0.0068,0,0.0,0.5177,111075.76,111 076 RUB,Косметический
bedroom (255).jpg,bedroom,bow_window/indoor,0.4654,0.2123,0.3666,0.0467,1,0.0001,0.1802,2.3186,0.5438,1,0.0093,1,5.3333,0.5668,112643.09,112 643 RUB,Косметический
bedroom (256).jpeg,bedroom,alcove,0.513,0.0984,0.1653,0.0256,0,0.0,0.1369,2.3186,0.8082,2,0.0042,0,0.0,0.6505,87081.93,87 082 RUB,Без ремонта
bedroom (256).jpg,bedroom,closet,0.7841,0.2841,0.126,0.0131,0,0.0,0.1122,2.3186,0.6377,1,0.0102,0,0.0,0.7732,83580.11,83 580 RUB,Без ремонта
bedroom (257).jpeg,bedroom,closet,0.45,0.094,0.217,0.0193,0,0.0,0.1281,2.3333,0.7912,0,0.001,0,0.0,0.611,72283.61,72 284 RUB,Без ремонта
bedroom (257).jpg,bedroom,bedroom,0.5797,0.2074,0.4716,0.0463,2,0.0002,0.1827,2.3186,0.6423,2,0.0173,2,10.6666,0.5812,136727.95,136 728 RUB,Косметический
bedroom (258).jpeg,bedroom,alcove,0.4737,0.1485,0.2188,0.0185,0,0.0,0.159,2.3186,0.6865,0,0.012,0,0.0,0.6201,78988.1,78 988 RUB,Без ремонта
bedroom (258).jpg,bedroom,bow_window/indoor,0.6442,0.181,0.3871,0.063,0,0.0,0.1743,2.3186,0.7191,3,0.0025,0,0.0,0.6289,97778.31,97 778 RUB,Косметический
bedroom (259).jpeg,bedroom,attic,0.5303,0.1509,0.3544,0.041,0,0.0,0.1522,2.31,0.7154,3,0.0049,0,0.0,0.5976,98174.79,98 175 RUB,Косметический
bedroom (259).jpg,bedroom,attic,0.6639,0.1598,0.2442,0.0183,0,0.0,0.1423,2.3186,0.7594,1,0.0022,0,0.0,0.6886,78774.03,78 774 RUB,Без ремонта
bedroom (26).jpeg,bedroom,bedroom,0.4866,0.2585,0.996,0.067,3,0.0,0.172,2.3186,0.4687,0,0.0802,2,10.6666,0.3824,144847.56,144 848 RUB,Косметический
bedroom (26).jpg,bedroom,bedchamber,0.656,0.235,0.4827,0.0689,4,0.0018,0.1775,2.3186,0.6417,2,0.0105,3,15.9999,0.604,142924.05,142 924 RUB,Косметический
bedroom (260).jpeg,bedroom,youth_hostel,0.5925,0.1616,0.4775,0.0536,3,0.0,0.1788,2.32,0.7272,1,0.0202,2,12.0481,0.583,123285.65,123 286 RUB,Косметический
bedroom (260).jpg,bedroom,garage/indoor,0.6827,0.1723,0.4511,0.07,0,0.0001,0.1462,2.3186,0.7476,3,0.0115,0,0.0,0.6238,99993.01,99 993 RUB,Косметический
bedroom (261).jpeg,bedroom,basement,0.4762,0.093,0.2747,0.0231,0,0.0003,0.1371,2.3,0.8046,0,0.0091,0,0.0,0.6035,73418.29,73 418 RUB,Без ремонта
bedroom (261).jpg,bedroom,childs_room,0.6412,0.2056,0.6899,0.0663,3,0.0044,0.1661,2.3186,0.6793,1,0.0137,2,10.6666,0.5367,126599.18,126 599 RUB,Косметический
bedroom (262).jpeg,bedroom,attic,0.579,0.1555,0.19,0.023,1,0.0,0.1804,2.3186,0.7315,2,0.0005,1,5.3333,0.67,102967.69,102 968 RUB,Косметический
bedroom (262).jpg,bedroom,attic,0.3685,0.1662,0.0889,0.0149,0,0.0054,0.1503,2.3186,0.5489,2,0.0038,0,0.0,0.6183,98283.2,98 283 RUB,Косметический
bedroom (263).jpeg,bedroom,bow_window/indoor,0.5363,0.1356,0.1528,0.0267,0,0.0,0.1285,2.3097,0.7472,3,0.0041,0,0.0,0.6634,89349.67,89 350 RUB,Без ремонта
bedroom (263).jpg,bedroom,basement,0.579,0.1733,0.2006,0.0176,0,0.0,0.1573,2.3186,0.7007,0,0.0,0,0.0,0.6679,72295.63,72 296 RUB,Без ремонта
bedroom (264).jpeg,bedroom,bow_window/indoor,0.5927,0.1127,0.7006,0.0813,0,0.0018,0.1481,2.3186,0.8098,1,0.0052,0,0.0,0.5108,83960.42,83 960 RUB,Без ремонта
bedroom (264).jpg,bedroom,corridor,0.7208,0.1915,0.3583,0.0386,1,0.0,0.1662,2.3186,0.7344,1,0.0022,0,0.0,0.6731,80906.16,80 906 RUB,Без ремонта
bedroom (265).jpeg,bedroom,television_room,0.3278,0.2151,1.0,0.0961,7,0.0005,0.1884,2.3186,0.3438,0,0.0863,4,21.3332,0.312,168360.01,168 360 RUB,Косметический
bedroom (265).jpg,bedroom,childs_room,0.7595,0.1805,0.276,0.0478,9,0.1099,0.1767,2.3186,0.7624,2,0.0079,8,42.6664,0.7224,146920.8,146 921 RUB,Косметический
bedroom (266).jpeg,bedroom,bow_window/indoor,0.5219,0.1333,1.0,0.0389,0,0.004,0.1418,2.32,0.7446,0,0.0095,0,0.0,0.4014,80486.57,80 487 RUB,Без ремонта
bedroom (266).jpg,bedroom,bow_window/indoor,0.4207,0.2823,0.1403,0.0342,0,0.0011,0.1745,2.3303,0.3291,5,0.0024,0,0.0,0.6195,118296.99,118 297 RUB,Косметический
bedroom (267).jpeg,bedroom,alcove,0.668,0.1178,0.0742,0.0219,0,0.0,0.1355,2.3186,0.8237,0,0.0,0,0.0,0.7406,70465.93,70 466 RUB,Без ремонта
bedroom (267).jpg,bedroom,home_office,0.4543,0.3112,0.5404,0.0668,7,0.0021,0.1866,2.3333,0.3149,2,0.0462,1,5.3476,0.5064,138666.31,138 666 RUB,Косметический
bedroom (268).jpeg,bedroom,bedroom,0.5619,0.274,0.339,0.051,1,0.0,0.1864,2.3186,0.5124,4,0.0321,1,5.3333,0.6129,135140.65,135 141 RUB,Косметический
bedroom (268).jpg,bedroom,attic,0.6371,0.1832,0.2192,0.0375,0,0.0,0.1812,2.3186,0.7124,1,0.0049,0,0.0,0.6816,82241.83,82 242 RUB,Без ремонта
bedroom (269).jpeg,bedroom,bedroom,0.5599,0.2512,1.0,0.0847,1,0.0,0.2032,2.31,0.5514,2,0.0473,1,6.0423,0.407,128979.56,128 980 RUB,Косметический
bedroom (269).jpg,bedroom,entrance_hall,0.384,0.1124,0.0816,0.0165,0,0.002,0.1467,2.3186,0.7072,0,0.0029,0,0.0,0.626,79707.57,79 708 RUB,Без ремонта
bedroom (27).jpeg,bedroom,bedchamber,0.6044,0.2823,1.0,0.092,6,0.0,0.1891,2.3186,0.533,3,0.0666,5,26.6665,0.4234,172682.64,172 683 RUB,Капитальный
bedroom (27).jpg,bedroom,artists_loft,0.6568,0.2146,0.5248,0.063,7,0.0,0.192,2.3186,0.6732,1,0.0723,3,15.9999,0.5927,145340.05,145 340 RUB,Косметический
bedroom (270).jpeg,bedroom,bow_window/indoor,0.539,0.1071,1.0,0.0405,0,0.0,0.1315,2.3097,0.8012,0,0.003,0,0.0,0.4075,79181.8,79 182 RUB,Без ремонта
bedroom (270).jpg,bedroom,television_room,0.5491,0.3109,0.2786,0.0372,3,0.0,0.1765,2.3186,0.4339,1,0.0455,2,10.6666,0.6286,133227.3,133 227 RUB,Косметический
bedroom (271).jpeg,bedroom,garage/indoor,0.4652,0.1848,0.3574,0.0218,0,0.0,0.1429,2.3186,0.6028,1,0.0235,0,0.0,0.5745,90788.98,90 789 RUB,Косметический
bedroom (271).jpg,bedroom,bow_window/indoor,0.4894,0.2137,0.0695,0.0132,0,0.0001,0.2005,2.3186,0.5633,2,0.0033,0,0.0,0.6723,90455.21,90 455 RUB,Косметический
bedroom (272).jpeg,bedroom,hotel_room,0.4122,0.1737,1.0,0.121,2,0.0052,0.1965,2.3186,0.5786,1,0.0936,2,10.6666,0.3412,147386.28,147 386 RUB,Косметический
bedroom (272).jpg,bedroom,childs_room,0.5706,0.2239,0.4796,0.0604,16,0.0035,0.1829,2.3186,0.6076,0,0.0174,1,5.3333,0.5726,118878.87,118 879 RUB,Косметический
bedroom (273).jpeg,bedroom,alcove,0.4862,0.1671,1.0,0.1024,0,0.0,0.1532,2.3186,0.6563,1,0.0147,0,0.0,0.374,98585.04,98 585 RUB,Косметический
bedroom (273).jpg,bedroom,attic,0.6562,0.2014,0.2406,0.0313,0,0.0,0.1784,2.32,0.693,1,0.0051,0,0.0,0.684,83488.51,83 489 RUB,Без ремонта
bedroom (274).jpeg,bedroom,alcove,0.4354,0.1718,0.4464,0.0265,0,0.0,0.1518,2.3186,0.6055,1,0.0094,0,0.0,0.5349,92698.44,92 698 RUB,Косметический
bedroom (274).jpg,bedroom,bow_window/indoor,0.6116,0.2266,0.4763,0.0545,0,0.0,0.1626,2.3186,0.6294,2,0.0045,0,0.0,0.5908,96274.28,96 274 RUB,Косметический
bedroom (275).jpeg,bedroom,attic,0.6799,0.0885,1.0,0.0809,0,0.0001,0.1538,2.32,0.8698,0,0.0079,0,0.0,0.4558,81052.32,81 052 RUB,Без ремонта
bedroom (275).jpg,bedroom,dorm_room,0.3497,0.2574,1.0,0.1234,28,0.0265,0.1994,2.3186,0.2638,1,0.1118,3,15.9999,0.3178,182714.45,182 714 RUB,Капитальный
bedroom (276).jpeg,bedroom,basement,0.5613,0.0885,0.1614,0.0358,1,0.0,0.1156,2.3186,0.8423,1,0.0007,0,0.0,0.669,78812.33,78 812 RUB,Без ремонта
bedroom (276).jpg,bedroom,youth_hostel,0.4585,0.1369,0.5883,0.0601,10,0.0045,0.1709,2.3,0.7013,0,0.0917,5,30.3028,0.4953,150696.27,150 696 RUB,Косметический
bedroom (277).jpeg,bedroom,bedroom,0.2945,0.2716,0.3024,0.0696,5,0.0074,0.1802,2.3333,0.0775,1,0.0145,3,16.0857,0.5139,157908.56,157 909 RUB,Косметический
bedroom (277).jpg,bedroom,bow_window/indoor,0.4715,0.2762,0.7252,0.0679,0,0.0002,0.1764,2.3186,0.4143,2,0.0317,0,0.0,0.4575,111114.86,111 115 RUB,Косметический
bedroom (278).jpeg,bedroom,basement,0.5099,0.1567,0.9213,0.1365,0,0.0,0.175,2.3333,0.6928,0,0.0038,0,0.0,0.4003,87920.58,87 921 RUB,Без ремонта
bedroom (278).jpg,bedroom,bedroom,0.6769,0.143,0.1841,0.036,2,0.0,0.1789,2.3,0.7887,3,0.0127,1,6.0606,0.7083,117674.29,117 674 RUB,Косметический
bedroom (279).jpeg,bedroom,alcove,0.5425,0.1567,0.1069,0.0202,0,0.0079,0.1303,2.3186,0.7111,1,0.0043,0,0.0,0.6817,83963.12,83 963 RUB,Без ремонта
bedroom (279).jpg,bedroom,elevator_lobby,0.347,0.0893,0.1349,0.0273,0,0.0005,0.1414,2.3333,0.7427,0,0.0085,0,0.0,0.5929,75443.95,75 444 RUB,Без ремонта
bedroom (28).jpeg,bedroom,bow_window/indoor,0.577,0.188,0.4485,0.0449,1,0.0013,0.1819,2.3047,0.6742,1,0.0105,1,5.7637,0.5874,109717.94,109 718 RUB,Косметический
bedroom (28).jpg,bedroom,attic,0.5847,0.1894,0.5057,0.0484,0,0.0,0.1608,2.3186,0.6761,0,0.0041,0,0.0,0.5725,79704.3,79 704 RUB,Без ремонта
bedroom (280).jpeg,bedroom,bow_window/indoor,0.6955,0.0999,1.0,0.0415,1,0.0021,0.1425,2.31,0.8564,1,0.0178,0,0.0,0.4701,82718.74,82 719 RUB,Без ремонта
bedroom (280).jpg,bedroom,alcove,0.5015,0.155,0.0698,0.0114,0,0.0,0.1529,2.3186,0.6909,1,0.0213,0,0.0,0.6774,83607.91,83 608 RUB,Без ремонта
bedroom (281).jpeg,bedroom,bow_window/indoor,0.7306,0.107,0.3573,0.0252,0,0.0043,0.1528,2.31,0.8535,3,0.0011,0,0.0,0.6804,87567.53,87 568 RUB,Без ремонта
bedroom (281).jpg,bedroom,basement,0.6872,0.148,0.182,0.0198,0,0.0,0.1693,2.33,0.7846,1,0.0009,0,0.0,0.7163,75732.23,75 732 RUB,Без ремонта
bedroom (282).jpeg,bedroom,basement,0.8064,0.1132,0.421,0.0215,0,0.0,0.1272,2.33,0.8596,2,0.0032,0,0.0,0.692,85874.7,85 875 RUB,Без ремонта
bedroom (282).jpg,bedroom,bow_window/indoor,0.5603,0.177,0.1309,0.0183,0,0.0,0.1286,2.32,0.684,1,0.0042,0,0.0,0.6812,81232.41,81 232 RUB,Без ремонта
bedroom (283).jpeg,bedroom,bedroom,0.4966,0.1546,1.0,0.1318,2,0.0005,0.2113,2.3186,0.6887,0,0.0229,1,5.3333,0.3723,110025.22,110 025 RUB,Косметический
bedroom (283).jpg,bedroom,bedroom,0.4196,0.1511,0.4092,0.0603,2,0.2088,0.164,2.32,0.6399,1,0.0733,2,12.0481,0.5539,148680.42,148 680 RUB,Косметический
bedroom (284).jpeg,bedroom,bow_window/indoor,0.4429,0.2077,0.8527,0.0706,0,0.0,0.1777,2.3186,0.5311,1,0.0207,0,0.0,0.4072,100675.43,100 675 RUB,Косметический
bedroom (284).jpg,bedroom,closet,0.5376,0.132,0.0747,0.0162,0,0.0,0.1663,2.3333,0.7544,0,0.0051,0,0.0,0.6894,71147.4,71 147 RUB,Без ремонта
bedroom (285).jpeg,bedroom,bow_window/indoor,0.5594,0.1635,0.5321,0.0445,0,0.0,0.1431,2.3097,0.7077,1,0.0006,0,0.0,0.5552,80147.56,80 148 RUB,Без ремонта
bedroom (285).jpg,bedroom,bow_window/indoor,0.5403,0.1016,0.1218,0.0192,0,0.0,0.1147,2.3186,0.812,0,0.0018,0,0.0,0.6758,68431.82,68 432 RUB,Без ремонта
bedroom (286).jpeg,bedroom,basement,0.4722,0.1482,0.3546,0.0299,0,0.0,0.1345,2.3186,0.686,1,0.0083,0,0.0,0.5765,82394.08,82 394 RUB,Без ремонта
bedroom (286).jpg,bedroom,bow_window/indoor,0.4188,0.1649,0.1237,0.0208,0,0.0,0.1215,2.3186,0.6063,2,0.0056,0,0.0,0.6263,96731.64,96 732 RUB,Косметический
bedroom (287).jpeg,bedroom,television_room,0.4286,0.2844,0.7876,0.0726,8,0.0245,0.2029,2.3186,0.3365,1,0.0519,7,37.3331,0.4231,168710.89,168 711 RUB,Косметический
bedroom (287).jpg,bedroom,childs_room,0.4911,0.1588,1.0,0.0944,7,0.0006,0.1909,2.33,0.6766,2,0.0582,2,12.0119,0.3776,163838.43,163 838 RUB,Косметический
bedroom (288).jpeg,bedroom,bow_window/indoor,0.6145,0.1496,0.4364,0.0762,0,0.0,0.1679,2.3333,0.7566,3,0.007,0,0.0,0.5997,97431.47,97 431 RUB,Косметический
bedroom (288).jpg,bedroom,bow_window/indoor,0.5387,0.1489,0.6567,0.0855,0,0.0191,0.1294,2.3186,0.7236,2,0.0106,0,0.0,0.5033,92787.2,92 787 RUB,Косметический
bedroom (289).jpeg,bedroom,bow_window/indoor,0.5453,0.2213,0.2716,0.0485,0,0.0,0.145,2.3186,0.5941,2,0.0078,0,0.0,0.6269,94197.55,94 198 RUB,Косметический
bedroom (289).jpg,bedroom,closet,0.4863,0.0864,0.1495,0.0444,0,0.0,0.128,2.3186,0.8224,0,0.0061,0,0.0,0.6408,77743.77,77 744 RUB,Без ремонта
bedroom (29).jpeg,bedroom,bow_window/indoor,0.3714,0.1851,0.5181,0.0317,0,0.0002,0.1688,2.3186,0.5016,4,0.0089,0,0.0,0.4868,113030.38,113 030 RUB,Косметический
bedroom (29).jpg,bedroom,basement,0.4693,0.2354,0.3292,0.0252,0,0.0,0.1811,2.3186,0.4986,1,0.018,0,0.0,0.5839,97547.38,97 547 RUB,Косметический
bedroom (290).jpeg,bedroom,bedroom,0.6129,0.2687,1.0,0.1115,4,0.0043,0.2033,2.33,0.5616,2,0.0387,2,12.0119,0.4233,156110.69,156 111 RUB,Косметический
bedroom (290).jpg,bedroom,childs_room,0.6322,0.1545,1.0,0.0959,3,0.0013,0.2235,2.31,0.7556,5,0.03,2,12.0845,0.4338,165611.19,165 611 RUB,Косметический
bedroom (291).jpeg,bedroom,bedroom,0.4523,0.2018,1.0,0.0658,1,0.0064,0.174,2.32,0.5538,1,0.0433,1,6.0241,0.3684,118332.81,118 333 RUB,Косметический
bedroom (291).jpg,bedroom,garage/indoor,0.7673,0.1042,0.0766,0.0149,0,0.0,0.133,2.3186,0.8642,3,0.0039,0,0.0,0.7809,91313.43,91 313 RUB,Косметический
bedroom (292).jpeg,bedroom,bow_window/indoor,0.6331,0.1365,0.9478,0.0486,0,0.0,0.1564,2.31,0.7843,3,0.0083,0,0.0,0.4592,99987.43,99 987 RUB,Косметический
bedroom (292).jpg,bedroom,bow_window/indoor,0.2989,0.2583,0.5231,0.0225,0,0.0158,0.144,2.3186,0.1357,1,0.0128,0,0.0,0.4597,119980.1,119 980 RUB,Косметический
bedroom (293).jpeg,bedroom,attic,0.5615,0.0761,0.3268,0.0188,0,0.0,0.1063,2.32,0.8645,2,0.0,0,0.0,0.6228,79864.6,79 865 RUB,Без ремонта
bedroom (293).jpg,bedroom,recreation_room,0.5903,0.2241,1.0,0.0675,2,0.0235,0.1912,2.322,0.6204,3,0.0229,2,10.204,0.425,142132.28,142 132 RUB,Косметический
bedroom (294).jpeg,bedroom,garage/indoor,0.3983,0.2377,1.0,0.0575,0,0.0,0.1817,2.33,0.4032,2,0.0318,0,0.0,0.3478,112669.4,112 669 RUB,Косметический
bedroom (294).jpg,bedroom,bow_window/indoor,0.5477,0.1305,0.2596,0.0413,1,0.0002,0.1433,2.3186,0.7618,2,0.0003,0,0.0,0.6329,86671.58,86 672 RUB,Без ремонта
bedroom (295).jpeg,bedroom,elevator_lobby,0.3197,0.0877,0.2905,0.0319,2,0.075,0.123,2.3186,0.7256,0,0.01,1,5.3333,0.5419,100769.64,100 770 RUB,Косметический
bedroom (295).jpg,bedroom,office_cubicles,0.4047,0.3306,1.0,0.0481,0,0.0017,0.1543,2.3069,0.1831,0,0.0401,0,0.0,0.3524,104138.86,104 139 RUB,Косметический
bedroom (296).jpeg,bedroom,bow_window/indoor,0.5327,0.1416,0.2565,0.0504,0,0.0,0.1072,2.3186,0.7342,2,0.0,0,0.0,0.626,83776.21,83 776 RUB,Без ремонта
bedroom (296).jpg,bedroom,entrance_hall,0.6403,0.1928,0.3516,0.0446,0,0.0001,0.1831,2.32,0.6988,3,0.0109,0,0.0,0.6417,103862.15,103 862 RUB,Косметический
bedroom (297).jpeg,bedroom,bow_window/indoor,0.5306,0.1804,1.0,0.0416,0,0.0,0.1601,2.31,0.6601,2,0.0078,0,0.0,0.4039,98310.78,98 311 RUB,Косметический
bedroom (297).jpg,bedroom,wet_bar,0.5269,0.1516,0.3862,0.0351,1,0.0008,0.1536,2.32,0.7124,0,0.0216,1,6.0241,0.588,98271.33,98 271 RUB,Косметический
bedroom (298).jpeg,bedroom,basement,0.6086,0.1521,0.6356,0.0373,3,0.0,0.1558,2.3055,0.7501,1,0.0116,3,16.8066,0.5453,125413.95,125 414 RUB,Косметический
bedroom (298).jpg,bedroom,bedroom,0.4157,0.305,1.0,0.1023,9,0.0135,0.181,2.3186,0.2663,0,0.0823,2,10.6666,0.3472,167827.72,167 828 RUB,Косметический
bedroom (299).jpeg,bedroom,bow_window/indoor,0.5052,0.0809,0.3706,0.022,0,0.0109,0.1122,2.33,0.8399,0,0.0001,0,0.0,0.5876,70425.4,70 425 RUB,Без ремонта
bedroom (299).jpg,bedroom,attic,0.4799,0.1807,0.492,0.0739,0,0.0005,0.1646,2.3186,0.6234,1,0.0137,0,0.0,0.5296,94452.98,94 453 RUB,Косметический
bedroom (3).jpeg,bedroom,bedroom,0.5371,0.1565,0.5337,0.0978,1,0.0002,0.2043,2.33,0.7087,1,0.0283,1,6.006,0.5352,112029.23,112 029 RUB,Косметический
bedroom (3).jpg,bedroom,bedroom,0.5845,0.2375,0.911,0.0778,24,0.0007,0.1999,2.3186,0.5937,2,0.0246,1,5.3333,0.445,152447.74,152 448 RUB,Косметический
bedroom (30).jpeg,bedroom,bedroom,0.3397,0.2013,0.6258,0.0531,2,0.0,0.1918,2.3333,0.4074,0,0.0396,1,4.0,0.4375,107758.74,107 759 RUB,Косметический
bedroom (30).jpg,bedroom,bow_window/indoor,0.6104,0.1909,0.7234,0.0606,0,0.0195,0.1595,2.3186,0.6873,1,0.0052,0,0.0,0.517,84612.03,84 612 RUB,Без ремонта
bedroom (300).jpeg,bedroom,bow_window/indoor,0.5486,0.1814,0.5461,0.0534,0,0.0,0.1731,2.33,0.6692,1,0.0187,0,0.0,0.5449,86636.02,86 636 RUB,Без ремонта
bedroom (300).jpg,bedroom,bow_window/indoor,0.6399,0.1051,0.1475,0.0215,0,0.0,0.1277,2.32,0.8357,2,0.0011,0,0.0,0.7074,83142.18,83 142 RUB,Без ремонта
bedroom (301).jpeg,bedroom,closet,0.5222,0.1384,1.0,0.0765,0,0.0,0.1579,2.3186,0.735,1,0.0099,0,0.0,0.3936,89797.64,89 798 RUB,Без ремонта
bedroom (301).jpg,bedroom,bedroom,0.549,0.2705,1.0,0.0706,2,0.0,0.2079,2.31,0.5074,3,0.0444,1,6.0423,0.4055,140630.92,140 631 RUB,Косметический
bedroom (302).jpeg,bedroom,bow_window/indoor,0.3367,0.1623,0.4914,0.0207,1,0.0,0.1419,2.3186,0.5179,0,0.0049,1,5.3333,0.4831,96163.12,96 163 RUB,Косметический
bedroom (302).jpg,bedroom,elevator/door,0.4849,0.1317,0.2381,0.0419,0,0.0023,0.1562,2.3186,0.7284,0,0.0103,0,0.0,0.6144,80558.31,80 558 RUB,Без ремонта
bedroom (303).jpeg,bedroom,bedroom,0.6281,0.183,1.0,0.0776,8,0.1202,0.1906,2.31,0.7087,2,0.0492,1,6.0423,0.4477,139130.62,139 131 RUB,Косметический
bedroom (303).jpg,bedroom,dorm_room,0.6112,0.2176,1.0,0.1119,2,0.0004,0.1967,2.33,0.644,3,0.021,2,12.0119,0.4222,152411.96,152 412 RUB,Косметический
bedroom (304).jpeg,bedroom,bow_window/indoor,0.4582,0.2198,0.2631,0.0226,0,0.0,0.1447,2.3186,0.5202,1,0.0019,0,0.0,0.5998,88571.89,88 572 RUB,Без ремонта
bedroom (304).jpg,bedroom,bow_window/indoor,0.5876,0.1817,1.0,0.0546,0,0.0001,0.1488,2.3186,0.6907,3,0.0157,0,0.0,0.4241,107808.12,107 808 RUB,Косметический
bedroom (305).jpeg,bedroom,basement,0.345,0.1002,0.0964,0.0124,0,0.0,0.1462,2.3186,0.7097,0,0.0025,0,0.0,0.6066,77579.85,77 580 RUB,Без ремонта
bedroom (305).jpg,bedroom,bow_window/indoor,0.3475,0.1526,0.2263,0.0177,0,0.0064,0.1275,2.3186,0.5609,0,0.0002,0,0.0,0.5682,79591.91,79 592 RUB,Без ремонта
bedroom (306).jpeg,bedroom,bedroom,0.5602,0.2687,1.0,0.0574,2,0.0001,0.1869,2.33,0.5204,2,0.0657,2,12.0119,0.4126,158224.3,158 224 RUB,Косметический
bedroom (306).jpg,bedroom,entrance_hall,0.6089,0.1469,0.3184,0.056,0,0.0,0.1861,2.3186,0.7588,2,0.0046,0,0.0,0.6369,88042.1,88 042 RUB,Без ремонта
bedroom (307).jpeg,bedroom,basement,0.44,0.1478,0.15,0.0203,0,0.0004,0.1517,2.3186,0.6641,1,0.0128,0,0.0,0.6269,89892.67,89 893 RUB,Без ремонта
bedroom (307).jpg,bedroom,basement,0.5734,0.1115,0.4429,0.0507,3,0.0,0.1385,2.32,0.8055,0,0.0409,2,12.0481,0.5863,126208.04,126 208 RUB,Косметический
bedroom (308).jpeg,bedroom,closet,0.5444,0.1015,0.7258,0.0389,0,0.0,0.1375,2.33,0.8135,0,0.0212,0,0.0,0.4922,78075.22,78 075 RUB,Без ремонта
bedroom (309).jpeg,bedroom,bow_window/indoor,0.6711,0.0737,0.2773,0.03,0,0.0,0.1136,2.3333,0.8901,2,0.0,0,0.0,0.6792,83598.48,83 598 RUB,Без ремонта
bedroom (309).jpg,bedroom,wet_bar,0.433,0.1436,0.6013,0.0653,1,0.0003,0.1644,2.303,0.6684,0,0.066,1,6.1162,0.4798,115790.22,115 790 RUB,Косметический
bedroom (31).jpeg,bedroom,dorm_room,0.5606,0.3006,1.0,0.1154,21,0.0014,0.2301,2.3186,0.4637,2,0.075,7,37.3331,0.4013,188651.16,188 651 RUB,Капитальный
bedroom (31).jpg,bedroom,alcove,0.4183,0.1291,0.0806,0.01,0,0.0,0.1346,2.3186,0.6913,0,0.0009,0,0.0,0.6411,81171.55,81 172 RUB,Без ремонта
bedroom (310).jpeg,bedroom,bedroom,0.6247,0.1404,1.0,0.0814,3,0.0034,0.1476,2.3137,0.7752,0,0.0352,2,11.8342,0.434,125380.58,125 381 RUB,Косметический
bedroom (310).jpg,bedroom,nursery,0.4388,0.1931,0.9342,0.0903,7,0.0414,0.21,2.3163,0.56,2,0.0853,3,18.4614,0.3813,163795.33,163 795 RUB,Косметический
bedroom (311).jpeg,bedroom,bow_window/indoor,0.6228,0.1891,1.0,0.0956,0,0.0,0.1782,2.3186,0.6963,3,0.0053,0,0.0,0.43,103693.6,103 694 RUB,Косметический
bedroom (312).jpeg,bedroom,bedroom,0.4728,0.1641,0.8292,0.0778,17,0.0088,0.1826,2.3333,0.653,0,0.0485,1,5.3333,0.4257,131150.29,131 150 RUB,Косметический
bedroom (312).jpg,bedroom,artists_loft,0.5362,0.1594,0.113,0.0266,0,0.0004,0.1554,2.3186,0.7027,2,0.0004,0,0.0,0.6753,82411.73,82 412 RUB,Без ремонта
bedroom (313).jpeg,bedroom,bedroom,0.589,0.2357,1.0,0.1042,3,0.0,0.1962,2.3186,0.5998,2,0.0591,2,10.6666,0.4147,149607.39,149 607 RUB,Косметический
bedroom (313).jpg,bedroom,bow_window/indoor,0.3087,0.1879,0.2595,0.0174,0,0.0,0.1354,2.3333,0.3912,0,0.0047,0,0.0,0.5421,90651.51,90 652 RUB,Косметический
bedroom (314).jpeg,bedroom,bedroom,0.4993,0.2279,1.0,0.0948,2,0.0005,0.1996,2.33,0.5435,2,0.052,2,12.0119,0.3808,156906.28,156 906 RUB,Косметический
bedroom (315).jpeg,bedroom,home_theater,0.503,0.2642,1.0,0.0521,10,0.0006,0.174,2.33,0.4747,2,0.0538,2,12.0119,0.3908,174365.81,174 366 RUB,Капитальный
bedroom (315).jpg,bedroom,alcove,0.2916,0.1474,0.271,0.0251,0,0.0001,0.1246,2.3186,0.4945,1,0.0074,0,0.0,0.5303,96186.85,96 187 RUB,Косметический
bedroom (316).jpeg,bedroom,bedroom,0.5141,0.2393,1.0,0.07,2,0.0004,0.1911,2.32,0.5345,3,0.0392,2,12.0481,0.3917,157386.38,157 386 RUB,Косметический
bedroom (316).jpg,bedroom,bow_window/indoor,0.3958,0.1643,0.4513,0.0366,0,0.0,0.1451,2.3186,0.585,1,0.001,0,0.0,0.5156,87026.19,87 026 RUB,Без ремонта
bedroom (317).jpeg,bedroom,bow_window/indoor,0.6251,0.0989,0.1741,0.0276,0,0.0021,0.1394,2.31,0.8419,2,0.0008,0,0.0,0.6925,76877.57,76 878 RUB,Без ремонта
bedroom (317).jpg,bedroom,childs_room,0.3964,0.1532,0.7224,0.0763,5,0.0009,0.1973,2.3186,0.6134,0,0.0717,1,5.3333,0.4266,130890.0,130 890 RUB,Косметический
bedroom (318).jpeg,bedroom,basement,0.6449,0.1207,0.4506,0.0268,0,0.0,0.1681,2.32,0.8129,0,0.0092,0,0.0,0.6174,73804.24,73 804 RUB,Без ремонта
bedroom (318).jpg,bedroom,closet,0.705,0.1308,0.2991,0.0358,1,0.0,0.1437,2.3186,0.8145,3,0.0123,0,0.0,0.6851,96004.81,96 005 RUB,Косметический
bedroom (319).jpeg,bedroom,bow_window/indoor,0.7075,0.1069,0.2858,0.0199,0,0.0,0.1345,2.3186,0.8488,1,0.0051,0,0.0,0.6933,79802.32,79 802 RUB,Без ремонта
bedroom (32).jpeg,bedroom,bedroom,0.5138,0.2916,1.0,0.0793,2,0.0,0.1953,2.33,0.4325,2,0.0489,2,12.0119,0.3897,156512.05,156 512 RUB,Косметический
bedroom (32).jpg,bedroom,attic,0.3972,0.1262,0.1726,0.0279,0,0.0,0.1012,2.3186,0.6824,0,0.0153,0,0.0,0.6015,79760.04,79 760 RUB,Без ремонта
bedroom (320).jpeg,bedroom,bow_window/indoor,0.4995,0.119,0.354,0.0214,0,0.0009,0.1435,2.33,0.7618,1,0.0006,0,0.0,0.5894,83717.08,83 717 RUB,Без ремонта
bedroom (320).jpg,bedroom,hotel_room,0.494,0.2375,0.3348,0.0558,6,0.0,0.1714,2.3186,0.5192,3,0.0357,5,26.6665,0.586,162164.41,162 164 RUB,Косметический
bedroom (321).jpeg,bedroom,bow_window/indoor,0.5031,0.1648,0.412,0.0434,0,0.0516,0.1532,2.3186,0.6725,1,0.0052,0,0.0,0.5741,82879.69,82 880 RUB,Без ремонта
bedroom (321).jpg,bedroom,bedroom,0.452,0.1782,1.0,0.0961,6,0.0,0.1778,2.3168,0.6058,0,0.0605,6,35.8207,0.3616,150549.77,150 550 RUB,Косметический
bedroom (322).jpeg,bedroom,attic,0.4465,0.195,0.2784,0.0277,1,0.0,0.1647,2.3186,0.5633,1,0.0378,0,0.0,0.5895,102841.62,102 842 RUB,Косметический
bedroom (322).jpg,bedroom,entrance_hall,0.6506,0.1638,0.6318,0.0524,0,0.0,0.1671,2.31,0.7482,3,0.0202,0,0.0,0.5602,101574.03,101 574 RUB,Косметический
bedroom (323).jpeg,bedroom,bow_window/indoor,0.5445,0.1763,0.1123,0.02,0,0.0,0.1311,2.3186,0.6763,1,0.0136,0,0.0,0.6801,84769.56,84 770 RUB,Без ремонта
bedroom (323).jpg,bedroom,bedroom,0.5042,0.2365,1.0,0.1154,12,0.0002,0.1724,2.32,0.5309,1,0.0351,7,42.1684,0.3786,170797.19,170 797 RUB,Капитальный
bedroom (324).jpeg,bedroom,bow_window/indoor,0.4474,0.1695,0.1981,0.0305,0,0.0,0.1566,2.31,0.6212,1,0.009,0,0.0,0.6134,86137.59,86 138 RUB,Без ремонта
bedroom (324).jpg,bedroom,basement,0.5503,0.1791,0.0681,0.0068,0,0.0,0.1616,2.3059,0.6746,1,0.0002,0,0.0,0.6983,78315.51,78 316 RUB,Без ремонта
bedroom (325).jpeg,bedroom,bow_window/indoor,0.5324,0.1327,0.4464,0.045,0,0.0,0.1585,2.3333,0.7507,2,0.0031,0,0.0,0.57,83842.44,83 842 RUB,Без ремонта
bedroom (325).jpg,bedroom,utility_room,0.5199,0.1294,0.1235,0.0267,0,0.0,0.1173,2.3186,0.7512,2,0.0041,0,0.0,0.6656,81886.19,81 886 RUB,Без ремонта
bedroom (326).jpeg,bedroom,bow_window/indoor,0.4881,0.1433,0.2994,0.0624,0,0.0,0.1571,2.3186,0.7065,0,0.0116,0,0.0,0.5929,78704.19,78 704 RUB,Без ремонта
bedroom (326).jpg,bedroom,closet,0.4776,0.1432,0.4623,0.0213,0,0.0,0.1244,2.3186,0.7001,0,0.0171,0,0.0,0.5481,81974.06,81 974 RUB,Без ремонта
bedroom (327).jpeg,bedroom,basement,0.6948,0.0896,0.1506,0.0185,0,0.0,0.1354,2.31,0.871,2,0.0002,0,0.0,0.729,75859.28,75 859 RUB,Без ремонта
bedroom (327).jpg,bedroom,entrance_hall,0.352,0.2424,0.8768,0.0655,0,0.0001,0.1865,2.3186,0.3115,2,0.0425,0,0.0,0.3647,123141.53,123 142 RUB,Косметический
bedroom (328).jpeg,bedroom,attic,0.5548,0.1049,0.6494,0.0464,0,0.0,0.1323,2.3143,0.8109,1,0.0001,0,0.0,0.5178,80228.29,80 228 RUB,Без ремонта
bedroom (328).jpg,bedroom,closet,0.5018,0.1815,0.6064,0.0491,0,0.0,0.1809,2.3303,0.6384,0,0.0079,0,0.0,0.509,83376.9,83 377 RUB,Без ремонта
bedroom (329).jpeg,bedroom,bedroom,0.2253,0.1711,0.5785,0.105,4,0.2275,0.1555,2.3186,0.2405,1,0.0575,2,10.6666,0.4183,159454.19,159 454 RUB,Косметический
bedroom (329).jpg,bedroom,utility_room,0.5363,0.1532,0.3953,0.0287,1,0.0,0.1412,2.33,0.7143,1,0.0147,1,6.006,0.5902,106691.84,106 692 RUB,Косметический
bedroom (33).jpeg,bedroom,bedroom,0.4894,0.2333,0.3261,0.0892,1,0.0302,0.2508,2.3186,0.5234,4,0.0254,1,5.3333,0.5831,135677.81,135 678 RUB,Косметический
bedroom (33).jpg,bedroom,bow_window/indoor,0.6014,0.1721,0.2827,0.0292,0,0.0008,0.1419,2.3186,0.7138,0,0.0104,0,0.0,0.65,76095.93,76 096 RUB,Без ремонта
bedroom (330).jpeg,bedroom,alcove,0.5553,0.1403,0.3698,0.0247,0,0.0,0.1575,2.3186,0.7473,0,0.0076,0,0.0,0.6063,77143.97,77 144 RUB,Без ремонта
bedroom (331).jpeg,bedroom,bow_window/indoor,0.3845,0.1974,0.2682,0.0232,0,0.0003,0.1398,2.3186,0.4866,1,0.0051,0,0.0,0.5687,91816.58,91 817 RUB,Косметический
bedroom (331).jpg,bedroom,bedroom,0.5741,0.2206,1.0,0.1394,7,0.0027,0.2046,2.32,0.6157,1,0.0428,6,36.1444,0.402,157414.53,157 415 RUB,Косметический
bedroom (332).jpg,bedroom,basement,0.4956,0.1111,0.1087,0.0277,0,0.0001,0.1244,2.3186,0.7758,0,0.0059,0,0.0,0.6601,71069.48,71 069 RUB,Без ремонта
bedroom (333).jpeg,bedroom,alcove,0.6073,0.0664,0.4355,0.0348,1,0.0,0.1273,2.31,0.8907,0,0.0022,0,0.0,0.6053,67962.0,67 962 RUB,Без ремонта
bedroom (333).jpg,bedroom,bedroom,0.6024,0.116,0.2307,0.055,2,0.0014,0.1603,2.3186,0.8074,1,0.0103,1,5.3333,0.6609,97775.6,97 776 RUB,Косметический
bedroom (334).jpeg,bedroom,bow_window/indoor,0.4165,0.1794,1.0,0.0654,0,0.0003,0.1753,2.3303,0.5692,1,0.012,0,0.0,0.3536,94970.36,94 970 RUB,Косметический
bedroom (334).jpg,bedroom,bedroom,0.6506,0.2408,1.0,0.136,3,0.0,0.2084,2.33,0.6298,3,0.053,2,12.0119,0.4331,157916.32,157 916 RUB,Косметический
bedroom (335).jpeg,bedroom,alcove,0.2497,0.196,0.6488,0.0192,0,0.0,0.17,2.3303,0.2151,3,0.0056,0,0.0,0.4014,121899.09,121 899 RUB,Косметический
bedroom (335).jpg,bedroom,nursery,0.5277,0.2319,1.0,0.1076,3,0.0,0.1688,2.3069,0.5605,2,0.1347,3,17.964,0.3896,171227.13,171 227 RUB,Капитальный
bedroom (336).jpeg,bedroom,youth_hostel,0.4676,0.2306,1.0,0.0825,1,0.0001,0.1984,2.3186,0.5067,1,0.1013,1,5.3333,0.3706,137433.04,137 433 RUB,Косметический
bedroom (336).jpg,bedroom,bedchamber,0.512,0.1928,1.0,0.1048,3,0.0031,0.1867,2.3186,0.6235,0,0.0675,2,10.6666,0.3842,139985.81,139 986 RUB,Косметический
bedroom (337).jpeg,bedroom,bow_window/indoor,0.4246,0.1353,0.4782,0.0461,0,0.0103,0.1342,2.3186,0.6813,0,0.0252,0,0.0,0.5182,85436.64,85 437 RUB,Без ремонта
bedroom (337).jpg,bedroom,corridor,0.3845,0.1338,0.3868,0.046,0,0.0,0.1776,2.3168,0.652,0,0.0187,0,0.0,0.5286,87357.36,87 357 RUB,Без ремонта
bedroom (338).jpeg,bedroom,nursery,0.5924,0.1668,1.0,0.0933,1,0.0009,0.1843,2.31,0.7185,3,0.0384,1,6.0423,0.4184,127789.95,127 790 RUB,Косметический
bedroom (338).jpg,bedroom,basement,0.4816,0.0972,0.2571,0.0323,0,0.0,0.1288,2.3186,0.7982,0,0.0166,0,0.0,0.609,75125.89,75 126 RUB,Без ремонта
bedroom (339).jpeg,bedroom,bedroom,0.599,0.2518,1.0,0.0854,3,0.0,0.1944,2.33,0.5796,5,0.0382,3,18.0179,0.4225,171774.94,171 775 RUB,Капитальный
bedroom (339).jpg,bedroom,bedroom,0.6192,0.1714,1.0,0.1262,10,0.0125,0.1945,2.33,0.7232,1,0.099,3,18.0179,0.4237,163915.23,163 915 RUB,Косметический
bedroom (34).jpeg,bedroom,bow_window/indoor,0.4671,0.1956,0.0934,0.0193,0,0.0,0.1451,2.3186,0.5813,1,0.0001,0,0.0,0.6549,83558.85,83 559 RUB,Без ремонта
bedroom (34).jpg,bedroom,nursery,0.6213,0.2295,0.6266,0.0656,2,0.0151,0.1594,2.3186,0.6305,1,0.0143,1,5.3333,0.5489,111749.3,111 749 RUB,Косметический
bedroom (340).jpeg,bedroom,alcove,0.5273,0.0942,0.072,0.0163,0,0.0,0.0741,2.32,0.8214,0,0.0003,0,0.0,0.686,64777.84,64 778 RUB,Без ремонта
bedroom (340).jpg,bedroom,closet,0.3826,0.1364,0.1919,0.0261,1,0.0,0.1284,2.3186,0.6435,0,0.0519,0,0.0,0.5903,92753.56,92 754 RUB,Косметический
bedroom (341).jpeg,bedroom,bow_window/indoor,0.6046,0.134,0.392,0.0273,0,0.0,0.136,2.33,0.7783,2,0.0013,0,0.0,0.6188,83291.32,83 291 RUB,Без ремонта
bedroom (341).jpg,bedroom,bedroom,0.5303,0.224,0.6029,0.0665,4,0.0,0.1793,2.3299,0.5775,1,0.0734,3,18.5757,0.518,147327.32,147 327 RUB,Косметический
bedroom (342).jpeg,bedroom,bedroom,0.499,0.2189,1.0,0.066,1,0.0,0.166,2.33,0.5614,1,0.096,1,6.006,0.3864,133112.1,133 112 RUB,Косметический
bedroom (342).jpg,bedroom,bedroom,0.3933,0.1714,1.0,0.1069,3,0.0002,0.1898,2.33,0.5641,0,0.0499,3,18.0179,0.336,144908.16,144 908 RUB,Косметический
bedroom (343).jpeg,bedroom,bedroom,0.333,0.1554,1.0,0.1196,8,0.0005,0.1981,2.33,0.5333,0,0.0916,5,30.0298,0.3094,164226.09,164 226 RUB,Косметический
bedroom (343).jpg,bedroom,bedroom,0.4529,0.1996,0.386,0.0568,4,0.0595,0.1986,2.3,0.5591,1,0.0357,3,18.1817,0.5599,139255.85,139 256 RUB,Косметический
bedroom (344).jpeg,bedroom,bedroom,0.6361,0.2058,1.0,0.0831,2,0.0,0.193,2.33,0.6765,2,0.048,2,12.0119,0.4378,151841.81,151 842 RUB,Косметический
bedroom (344).jpg,bedroom,bow_window/indoor,0.438,0.1789,0.1391,0.0207,0,0.0,0.1387,2.3186,0.5915,1,0.0111,0,0.0,0.6293,91867.45,91 867 RUB,Косметический
bedroom (345).jpeg,bedroom,bow_window/indoor,0.3251,0.1751,0.6187,0.0283,0,0.0,0.1322,2.3186,0.4614,1,0.0039,0,0.0,0.4388,94188.14,94 188 RUB,Косметический
bedroom (345).jpg,bedroom,bedroom,0.4064,0.1883,1.0,0.0968,7,0.0261,0.2016,2.3069,0.5367,1,0.0721,3,17.964,0.3458,156537.98,156 538 RUB,Косметический
bedroom (346).jpeg,bedroom,bedroom,0.251,0.2118,1.0,0.0938,4,0.0015,0.1633,2.3186,0.156,2,0.0455,1,5.3333,0.2818,153834.37,153 834 RUB,Косметический
bedroom (346).jpg,bedroom,bow_window/indoor,0.4201,0.2335,0.4638,0.0293,1,0.0,0.1756,2.33,0.4442,3,0.0195,1,6.006,0.523,131042.88,131 043 RUB,Косметический
bedroom (347).jpeg,bedroom,bedroom,0.5835,0.175,0.6784,0.0843,4,0.0,0.2184,2.33,0.7001,3,0.0297,4,24.0239,0.513,157564.25,157 564 RUB,Косметический
bedroom (347).jpg,bedroom,bedroom,0.5663,0.1551,1.0,0.0922,1,0.0,0.1784,2.33,0.7261,0,0.0131,1,6.006,0.4081,109882.01,109 882 RUB,Косметический
bedroom (348).jpeg,bedroom,childs_room,0.6021,0.341,1.0,0.0924,2,0.0193,0.1717,2.3186,0.4337,2,0.1869,2,10.6666,0.4243,185355.2,185 355 RUB,Капитальный
bedroom (348).jpg,bedroom,basement,0.6044,0.2616,0.4085,0.0516,1,0.0,0.1811,2.3186,0.5672,0,0.0214,1,5.3333,0.6089,104223.34,104 223 RUB,Косметический
bedroom (349).jpeg,bedroom,bedroom,0.6204,0.2207,0.821,0.0886,2,0.0,0.192,2.33,0.6443,1,0.0222,1,6.006,0.4841,116790.04,116 790 RUB,Косметический
bedroom (349).jpg,bedroom,bedroom,0.3666,0.2013,1.0,0.1003,2,0.0,0.1728,2.3186,0.4507,0,0.0469,2,10.6666,0.3266,137886.13,137 886 RUB,Косметический
bedroom (35).jpeg,bedroom,bedroom,0.5641,0.1498,0.9326,0.0994,2,0.0011,0.1941,2.3333,0.7345,1,0.048,1,6.0423,0.4261,119322.86,119 323 RUB,Косметический
bedroom (35).jpg,bedroom,basement,0.6097,0.1888,0.3795,0.0282,1,0.0,0.142,2.3186,0.6903,1,0.0025,0,0.0,0.6244,82164.78,82 165 RUB,Без ремонта
bedroom (350).jpeg,bedroom,basement,0.5063,0.147,0.5518,0.0247,0,0.0,0.1679,2.3186,0.7096,1,0.0051,0,0.0,0.532,82894.54,82 895 RUB,Без ремонта
bedroom (351).jpeg,bedroom,bedroom,0.4078,0.1047,0.9024,0.0709,5,0.011,0.1553,2.32,0.7433,0,0.0474,3,18.0722,0.3793,141570.44,141 570 RUB,Косметический
bedroom (351).jpg,bedroom,bedroom,0.6104,0.2417,0.5921,0.0403,1,0.0,0.1904,2.31,0.6041,2,0.0211,1,6.0423,0.5585,121894.44,121 894 RUB,Косметический
bedroom (352).jpeg,bedroom,bedroom,0.556,0.2045,1.0,0.0632,2,0.0028,0.1695,2.33,0.6322,1,0.0485,2,12.0119,0.41,138178.97,138 179 RUB,Косметический
bedroom (352).jpg,bedroom,bedroom,0.5304,0.2513,1.0,0.0743,2,0.0,0.1918,2.33,0.5262,3,0.0241,2,12.0119,0.3973,154466.04,154 466 RUB,Косметический
bedroom (353).jpeg,bedroom,childs_room,0.5149,0.1539,1.0,0.0968,2,0.0003,0.1824,2.33,0.7011,0,0.0741,1,6.006,0.3866,124321.5,124 322 RUB,Косметический
bedroom (353).jpg,bedroom,closet,0.5074,0.1475,0.1562,0.03,1,0.0,0.149,2.3333,0.7093,1,0.0067,0,0.0,0.6501,84646.4,84 646 RUB,Без ремонта
bedroom (354).jpeg,bedroom,bow_window/indoor,0.5382,0.1635,0.7635,0.0622,0,0.0045,0.1773,2.3333,0.6962,4,0.0014,0,0.0,0.4742,101509.24,101 509 RUB,Косметический
bedroom (354).jpg,bedroom,hotel_room,0.3835,0.2461,0.9721,0.0997,3,0.0,0.1801,2.33,0.3583,1,0.0652,3,18.0179,0.3418,160019.71,160 020 RUB,Косметический
bedroom (355).jpeg,bedroom,bow_window/indoor,0.5744,0.1547,0.8373,0.0421,0,0.0002,0.1523,2.32,0.7306,1,0.002,0,0.0,0.4702,79898.54,79 899 RUB,Без ремонта
bedroom (355).jpg,bedroom,alcove,0.4633,0.234,0.8206,0.0708,0,0.0,0.209,2.3186,0.4948,1,0.0223,0,0.0,0.425,100738.38,100 738 RUB,Косметический
bedroom (356).jpeg,bedroom,bow_window/indoor,0.5007,0.1549,0.4792,0.0304,0,0.0004,0.1314,2.3186,0.6907,1,0.0035,0,0.0,0.5505,81376.96,81 377 RUB,Без ремонта
bedroom (356).jpg,bedroom,bow_window/indoor,0.4173,0.1908,0.5014,0.0409,0,0.0,0.1448,2.3186,0.5428,2,0.0105,0,0.0,0.5083,100458.71,100 459 RUB,Косметический
bedroom (357).jpeg,bedroom,bow_window/indoor,0.5813,0.1385,1.0,0.1386,1,0.0059,0.1508,2.3097,0.7617,3,0.0095,1,5.3476,0.4054,121781.28,121 781 RUB,Косметический
bedroom (357).jpg,bedroom,alcove,0.5168,0.2024,0.4047,0.0262,0,0.0,0.1792,2.3186,0.6084,1,0.0096,0,0.0,0.5801,91493.75,91 494 RUB,Косметический
bedroom (358).jpeg,bedroom,bedroom,0.558,0.141,1.0,0.1238,2,0.0,0.175,2.33,0.7474,1,0.048,1,6.006,0.3984,122031.39,122 031 RUB,Косметический
bedroom (358).jpg,bedroom,bow_window/indoor,0.6335,0.0912,0.4596,0.0588,0,0.0,0.126,2.3186,0.856,2,0.0005,0,0.0,0.6038,88136.6,88 137 RUB,Без ремонта
bedroom (359).jpeg,bedroom,bow_window/indoor,0.3158,0.2648,1.0,0.0633,0,0.0,0.1378,2.3186,0.1614,2,0.024,0,0.0,0.3137,134362.79,134 363 RUB,Косметический
bedroom (359).jpg,bedroom,bow_window/indoor,0.4838,0.1704,0.9246,0.0465,0,0.0,0.1628,2.33,0.6477,0,0.0237,0,0.0,0.4068,89332.51,89 333 RUB,Без ремонта
bedroom (36).jpeg,bedroom,bedroom,0.4974,0.1733,1.0,0.0668,5,0.0001,0.1605,2.33,0.6515,0,0.0989,3,18.0179,0.3856,148713.33,148 713 RUB,Косметический
bedroom (36).jpg,bedroom,bedroom,0.6565,0.2819,0.3945,0.0529,1,0.0006,0.1726,2.3186,0.5706,1,0.0082,1,5.3333,0.6337,108727.79,108 728 RUB,Косметический
bedroom (360).jpeg,bedroom,childs_room,0.4025,0.1354,0.3042,0.0995,5,0.0002,0.1773,2.3186,0.6637,0,0.0425,3,15.9999,0.5499,135896.9,135 897 RUB,Косметический
bedroom (361).jpeg,bedroom,bedroom,0.4488,0.2578,1.0,0.1015,12,0.0,0.2102,2.3186,0.4257,1,0.0618,2,10.6666,0.3592,170335.28,170 335 RUB,Капитальный
bedroom (361).jpg,bedroom,corridor,0.5202,0.1273,0.0966,0.0173,0,0.0,0.1512,2.3186,0.7553,1,0.0003,0,0.0,0.6756,75033.31,75 033 RUB,Без ремонта
bedroom (362).jpeg,bedroom,bow_window/indoor,0.5053,0.1083,0.8595,0.0649,0,0.0,0.1671,2.33,0.7856,1,0.0074,0,0.0,0.4313,83711.31,83 711 RUB,Без ремонта
bedroom (362).jpg,bedroom,bow_window/indoor,0.7455,0.0784,0.1255,0.0219,0,0.0058,0.1224,2.3069,0.8949,2,0.0003,0,0.0,0.7567,75580.34,75 580 RUB,Без ремонта
bedroom (363).jpeg,bedroom,bow_window/indoor,0.5606,0.176,1.0,0.0965,0,0.0,0.172,2.33,0.686,2,0.0159,0,0.0,0.4049,99318.25,99 318 RUB,Косметический
bedroom (363).jpg,bedroom,wet_bar,0.3909,0.0689,0.3035,0.0319,0,0.0,0.1018,2.3186,0.8238,0,0.0042,0,0.0,0.559,78162.61,78 163 RUB,Без ремонта
bedroom (364).jpeg,bedroom,bow_window/indoor,0.4271,0.1801,0.1399,0.0134,0,0.0,0.1325,2.3186,0.5783,2,0.007,0,0.0,0.6262,95994.09,95 994 RUB,Косметический
bedroom (364).jpg,bedroom,attic,0.5449,0.1545,0.1311,0.025,0,0.0,0.1577,2.3186,0.7165,1,0.0014,0,0.0,0.6736,76746.53,76 747 RUB,Без ремонта
bedroom (365).jpeg,bedroom,childs_room,0.4065,0.2634,1.0,0.0896,7,0.0121,0.2202,2.3059,0.352,0,0.1379,6,42.7043,0.3459,182601.72,182 602 RUB,Капитальный
bedroom (365).jpg,bedroom,basement,0.4321,0.1738,0.3244,0.0128,0,0.0,0.1364,2.3186,0.5977,1,0.0089,0,0.0,0.573,88887.77,88 888 RUB,Без ремонта
bedroom (366).jpeg,bedroom,bow_window/indoor,0.544,0.1859,0.8942,0.079,0,0.0,0.1385,2.3097,0.6583,2,0.0054,0,0.0,0.4335,100291.41,100 291 RUB,Косметический
bedroom (366).jpg,bedroom,bedchamber,0.486,0.1476,0.8011,0.0832,1,0.0,0.2063,2.33,0.6964,0,0.0238,1,6.006,0.4375,108820.46,108 820 RUB,Косметический
bedroom (367).jpeg,bedroom,bedroom,0.4965,0.2205,1.0,0.0843,5,0.0,0.1675,2.3186,0.5558,0,0.0643,1,5.3333,0.3817,140291.19,140 291 RUB,Косметический
bedroom (367).jpg,bedroom,alcove,0.6387,0.1435,0.2715,0.0234,0,0.0,0.1472,2.3186,0.7753,2,0.0068,0,0.0,0.6694,85373.82,85 374 RUB,Без ремонта
bedroom (368).jpeg,bedroom,bow_window/indoor,0.4282,0.1432,0.1463,0.0291,1,0.0063,0.1529,2.3186,0.6656,2,0.0027,0,0.0,0.6222,92174.04,92 174 RUB,Косметический
bedroom (368).jpg,bedroom,closet,0.4813,0.1633,0.139,0.0227,3,0.0,0.1418,2.3303,0.6608,0,0.0145,0,0.0,0.6463,83284.28,83 284 RUB,Без ремонта
bedroom (369).jpeg,bedroom,entrance_hall,0.4651,0.1975,0.3558,0.0438,0,0.0001,0.1743,2.3186,0.5754,1,0.018,0,0.0,0.5706,92449.08,92 449 RUB,Косметический
bedroom (369).jpg,bedroom,bow_window/indoor,0.2486,0.2174,0.9992,0.0404,1,0.0035,0.1497,2.3186,0.1253,1,0.0109,0,0.0,0.292,119898.95,119 899 RUB,Косметический
bedroom (37).jpeg,bedroom,bedroom,0.5738,0.2106,0.4538,0.0542,4,0.0,0.1432,2.33,0.6329,0,0.0662,3,18.0179,0.5825,139189.05,139 189 RUB,Косметический
bedroom (37).jpg,bedroom,garage/indoor,0.6704,0.1361,0.2575,0.0198,0,0.0,0.1195,2.3186,0.797,0,0.0075,0,0.0,0.687,72212.39,72 212 RUB,Без ремонта
bedroom (370).jpeg,bedroom,bedroom,0.4941,0.2208,1.0,0.1313,6,0.0003,0.1916,2.3059,0.5531,1,0.0612,4,28.4695,0.3714,155807.28,155 807 RUB,Косметический
bedroom (370).jpg,bedroom,bedroom,0.4245,0.1747,0.3771,0.0487,5,0.0,0.1615,2.3186,0.5885,1,0.0169,3,15.9999,0.5469,140457.69,140 458 RUB,Косметический
bedroom (371).jpeg,bedroom,bedroom,0.4979,0.1292,0.959,0.0801,1,0.0,0.1496,2.33,0.7406,1,0.0491,1,6.006,0.3954,119319.38,119 319 RUB,Косметический
bedroom (371).jpg,bedroom,alcove,0.6243,0.1137,1.0,0.0886,1,0.0,0.1339,2.32,0.8179,1,0.0139,1,6.0241,0.432,102425.81,102 426 RUB,Косметический
bedroom (372).jpeg,bedroom,bedroom,0.4676,0.2169,0.8006,0.119,4,0.0,0.1907,2.3333,0.5362,0,0.0875,3,12.0,0.423,153039.74,153 040 RUB,Косметический
bedroom (372).jpg,bedroom,bow_window/indoor,0.4649,0.247,0.1124,0.0206,0,0.0,0.1556,2.3186,0.4687,1,0.0195,0,0.0,0.6481,93611.92,93 612 RUB,Косметический
bedroom (373).jpeg,bedroom,alcove,0.5764,0.1077,0.2212,0.0218,0,0.0,0.1372,2.3186,0.8131,1,0.0002,0,0.0,0.6599,76091.36,76 091 RUB,Без ремонта
bedroom (373).jpg,bedroom,artists_loft,0.5557,0.2041,0.8866,0.071,0,0.0,0.1689,2.32,0.6327,2,0.0023,0,0.0,0.4421,97638.82,97 639 RUB,Косметический
bedroom (374).jpeg,bedroom,bedroom,0.6308,0.23,1.0,0.1047,6,0.0,0.2005,2.33,0.6354,1,0.0331,6,36.0358,0.4314,150834.71,150 835 RUB,Косметический
bedroom (374).jpg,bedroom,attic,0.5342,0.1147,0.2757,0.0345,0,0.0011,0.1529,2.3186,0.7852,0,0.0123,0,0.0,0.6242,73037.57,73 038 RUB,Без ремонта
bedroom (375).jpeg,bedroom,bow_window/indoor,0.5012,0.1498,0.3238,0.0326,0,0.0007,0.1467,2.3186,0.701,1,0.0006,0,0.0,0.5969,80796.19,80 796 RUB,Без ремонта
bedroom (375).jpg,bedroom,bedroom,0.4317,0.2493,1.0,0.1145,4,0.0,0.2139,2.3186,0.4225,1,0.2827,1,5.3333,0.3498,166865.19,166 865 RUB,Косметический
bedroom (376).jpeg,bedroom,bow_window/indoor,0.6297,0.1577,0.4593,0.0377,0,0.3092,0.1535,2.32,0.7496,2,0.0183,0,0.0,0.6375,87813.05,87 813 RUB,Без ремонта
bedroom (376).jpg,bedroom,closet,0.3971,0.2185,1.0,0.088,1,0.0,0.1527,2.3186,0.4499,0,0.284,1,5.3333,0.3413,155145.75,155 146 RUB,Косметический
bedroom (377).jpeg,bedroom,bedroom,0.6468,0.2279,1.0,0.0924,13,0.0002,0.185,2.31,0.6477,3,0.0377,3,18.1268,0.4403,178695.45,178 695 RUB,Капитальный
bedroom (377).jpg,bedroom,bedroom,0.6086,0.1331,0.9452,0.052,2,0.0003,0.1719,2.32,0.7813,1,0.0303,1,6.0241,0.4495,111189.34,111 189 RUB,Косметический
bedroom (378).jpeg,bedroom,bedroom,0.6298,0.1517,1.0,0.0492,2,0.0006,0.198,2.31,0.759,1,0.0275,2,12.0845,0.4421,130612.13,130 612 RUB,Косметический
bedroom (378).jpg,bedroom,alcove,0.7209,0.0698,0.246,0.0283,1,0.0,0.1035,2.33,0.9031,2,0.0014,0,0.0,0.7089,76512.26,76 512 RUB,Без ремонта
bedroom (379).jpeg,bedroom,bedroom,0.5916,0.1778,1.0,0.076,5,0.0004,0.1594,2.3168,0.6994,1,0.0448,4,23.8805,0.4215,142614.79,142 615 RUB,Косметический
bedroom (379).jpg,bedroom,bedroom,0.6427,0.1344,0.4361,0.0466,6,0.0001,0.1724,2.33,0.7909,2,0.0074,4,24.0239,0.617,137691.78,137 692 RUB,Косметический
bedroom (38).jpeg,bedroom,closet,0.6531,0.1483,0.4908,0.0442,0,0.0,0.1562,2.33,0.7729,3,0.0112,0,0.0,0.6052,98494.17,98 494 RUB,Косметический
bedroom (38).jpg,bedroom,bedroom,0.5747,0.2311,1.0,0.1338,4,0.0003,0.2054,2.3186,0.5978,0,0.0436,3,15.9999,0.4031,141796.31,141 796 RUB,Косметический
bedroom (380).jpeg,bedroom,childs_room,0.5331,0.1857,1.0,0.1176,2,0.0,0.1969,2.3186,0.6516,0,0.0994,1,5.3333,0.3897,128950.92,128 951 RUB,Косметический
bedroom (380).jpg,bedroom,bow_window/indoor,0.5256,0.1197,1.0,0.0509,0,0.0002,0.1517,2.33,0.7723,0,0.0017,0,0.0,0.4001,76531.57,76 532 RUB,Без ремонта
bedroom (381).jpeg,bedroom,bow_window/indoor,0.6279,0.144,1.0,0.0843,0,0.0,0.147,2.31,0.7706,2,0.0292,0,0.0,0.4343,96182.27,96 182 RUB,Косметический
bedroom (381).jpg,bedroom,bedroom,0.68,0.1511,0.9071,0.0772,2,0.0019,0.2288,2.3186,0.7778,3,0.0167,2,10.6666,0.4846,142354.94,142 355 RUB,Косметический
bedroom (382).jpeg,bedroom,bow_window/indoor,0.4653,0.1532,0.2336,0.0435,0,0.0,0.1517,2.3186,0.6706,2,0.0075,0,0.0,0.6073,90817.07,90 817 RUB,Косметический
bedroom (382).jpg,bedroom,bow_window/indoor,0.5296,0.162,1.0,0.0551,0,0.0038,0.1502,2.3186,0.6941,2,0.002,0,0.0,0.4012,91391.1,91 391 RUB,Косметический
bedroom (383).jpeg,bedroom,bedroom,0.5068,0.2004,1.0,0.1128,3,0.0,0.1823,2.33,0.6047,1,0.0469,1,6.006,0.3802,125519.35,125 519 RUB,Косметический
bedroom (383).jpg,bedroom,bedroom,0.5141,0.2361,1.0,0.119,1,0.0001,0.1996,2.3303,0.5407,0,0.0254,1,5.3619,0.3818,117912.2,117 912 RUB,Косметический
bedroom (384).jpeg,bedroom,alcove,0.734,0.0968,0.3188,0.016,1,0.0,0.1224,2.3186,0.8681,3,0.0029,0,0.0,0.6948,86694.27,86 694 RUB,Без ремонта
bedroom (384).jpg,bedroom,bow_window/indoor,0.6741,0.1976,1.0,0.0801,5,0.0006,0.185,2.33,0.7069,4,0.0415,4,24.0239,0.4537,172162.26,172 162 RUB,Капитальный
bedroom (385).jpeg,bedroom,bow_window/indoor,0.4675,0.1389,0.1947,0.0366,0,0.002,0.1656,2.3186,0.703,2,0.0002,0,0.0,0.6215,89451.02,89 451 RUB,Без ремонта
bedroom (385).jpg,bedroom,bow_window/indoor,0.5111,0.1748,0.7179,0.0551,1,0.0011,0.1587,2.3333,0.658,0,0.0182,0,0.0,0.4782,90799.34,90 799 RUB,Косметический
bedroom (386).jpeg,bedroom,alcove,0.5199,0.2096,0.1891,0.0356,1,0.0001,0.1716,2.3186,0.5968,2,0.0214,1,5.3333,0.6441,115928.48,115 928 RUB,Косметический
bedroom (386).jpg,bedroom,home_theater,0.4897,0.2271,0.1182,0.0249,1,0.0,0.1763,2.3186,0.5362,2,0.0228,1,5.3333,0.6555,119526.83,119 527 RUB,Косметический
bedroom (387).jpeg,bedroom,bow_window/indoor,0.3894,0.1597,0.1168,0.0134,0,0.0002,0.1429,2.3186,0.5899,1,0.0,0,0.0,0.6181,82880.65,82 881 RUB,Без ремонта
bedroom (387).jpg,bedroom,basement,0.393,0.1276,0.2817,0.0329,2,0.0,0.1579,2.3186,0.6753,0,0.0205,2,10.6666,0.5661,119867.03,119 867 RUB,Косметический
bedroom (388).jpeg,bedroom,bow_window/indoor,0.5835,0.1233,0.7073,0.053,0,0.0,0.1477,2.33,0.7886,1,0.0061,0,0.0,0.5106,80325.6,80 326 RUB,Без ремонта
bedroom (388).jpg,bedroom,bedchamber,0.5681,0.2898,1.0,0.0796,5,0.0,0.1919,2.31,0.4899,2,0.1206,2,12.0845,0.4113,176203.0,176 203 RUB,Капитальный
bedroom (389).jpeg,bedroom,attic,0.5553,0.1474,0.0823,0.0174,0,0.0,0.1336,2.3186,0.7345,2,0.0024,0,0.0,0.6939,85091.85,85 092 RUB,Без ремонта
bedroom (389).jpg,bedroom,bow_window/indoor,0.7404,0.1522,0.2173,0.0259,0,0.0,0.1158,2.3186,0.7944,3,0.0001,0,0.0,0.7258,83638.74,83 639 RUB,Без ремонта
bedroom (39).jpeg,bedroom,bedroom,0.5837,0.2003,1.0,0.087,3,0.0,0.1861,2.33,0.6569,1,0.0379,1,6.006,0.4161,122092.84,122 093 RUB,Косметический
bedroom (39).jpg,bedroom,alcove,0.5159,0.1937,0.4674,0.0389,0,0.0,0.1454,2.3186,0.6245,0,0.0083,0,0.0,0.5584,82714.04,82 714 RUB,Без ремонта
bedroom (390).jpeg,bedroom,bedchamber,0.5026,0.1739,1.0,0.0827,1,0.0,0.1915,2.32,0.6539,0,0.0715,1,6.0241,0.3845,124498.36,124 498 RUB,Косметический
bedroom (390).jpg,bedroom,wet_bar,0.613,0.1425,0.7629,0.0757,4,0.0,0.1696,2.33,0.7675,0,0.022,2,12.0119,0.5012,125283.96,125 284 RUB,Косметический
bedroom (391).jpeg,bedroom,bedroom,0.5991,0.2183,0.472,0.054,2,0.0,0.1814,2.33,0.6357,2,0.0098,1,6.006,0.5873,122803.99,122 804 RUB,Косметический
bedroom (391).jpg,bedroom,bow_window/indoor,0.6906,0.0936,0.2656,0.0258,0,0.0043,0.1373,2.33,0.8645,1,0.0018,0,0.0,0.6918,72450.0,72 450 RUB,Без ремонта
bedroom (392).jpeg,bedroom,dorm_room,0.3186,0.2232,1.0,0.0823,3,0.0036,0.1753,2.3186,0.2996,1,0.0396,2,10.6666,0.3114,145061.44,145 061 RUB,Косметический
bedroom (392).jpg,bedroom,bow_window/indoor,0.4929,0.1274,0.4552,0.0347,0,0.0,0.1275,2.33,0.7416,1,0.001,0,0.0,0.5537,85752.3,85 752 RUB,Без ремонта
bedroom (393).jpeg,bedroom,bedroom,0.6089,0.128,1.0,0.08,1,0.0,0.1771,2.32,0.7897,1,0.0367,1,6.0241,0.4276,109157.18,109 157 RUB,Косметический
bedroom (393).jpg,bedroom,bedroom,0.4535,0.195,1.0,0.0888,2,0.0001,0.1882,2.3186,0.57,0,0.0426,1,5.3333,0.3636,118913.59,118 914 RUB,Косметический
bedroom (394).jpeg,bedroom,bow_window/indoor,0.4225,0.1826,1.0,0.0459,0,0.0,0.1722,2.3186,0.5677,1,0.0221,0,0.0,0.3598,100126.88,100 127 RUB,Косметический
bedroom (394).jpg,bedroom,bedroom,0.2273,0.2873,1.0,0.0836,11,0.0005,0.1385,2.3186,0.0,0,0.0554,7,37.3331,0.2742,179036.68,179 037 RUB,Капитальный
bedroom (395).jpeg,bedroom,bedroom,0.6394,0.1917,1.0,0.0461,2,0.0,0.1979,2.3069,0.7001,3,0.0152,1,5.988,0.4465,130034.33,130 034 RUB,Косметический
bedroom (395).jpg,bedroom,garage/indoor,0.4915,0.1132,0.2091,0.02,1,0.0,0.1286,2.3186,0.7697,0,0.0369,0,0.0,0.6299,76988.86,76 989 RUB,Без ремонта
bedroom (396).jpeg,bedroom,bow_window/indoor,0.6778,0.0851,0.5769,0.0733,0,0.0003,0.1384,2.3069,0.8744,4,0.0015,0,0.0,0.5834,99353.68,99 354 RUB,Косметический
bedroom (396).jpg,bedroom,attic,0.4932,0.1423,1.0,0.0732,0,0.0,0.1449,2.33,0.7116,0,0.013,0,0.0,0.3826,85744.88,85 745 RUB,Без ремонта
bedroom (397).jpeg,bedroom,corridor,0.516,0.192,0.128,0.0252,1,0.0,0.1676,2.3333,0.6279,2,0.015,0,0.0,0.663,98105.92,98 106 RUB,Косметический
bedroom (397).jpg,bedroom,closet,0.4993,0.2895,0.4501,0.0276,0,0.0,0.2022,2.3333,0.4201,1,0.0244,0,0.0,0.5592,97875.06,97 875 RUB,Косметический
bedroom (398).jpeg,bedroom,bedchamber,0.5091,0.1456,0.4001,0.0689,5,0.0,0.1702,2.33,0.714,0,0.0365,2,12.0119,0.5698,128752.12,128 752 RUB,Косметический
bedroom (398).jpg,bedroom,garage/indoor,0.6411,0.1543,0.593,0.058,0,0.0,0.1602,2.33,0.7593,0,0.012,0,0.0,0.567,74499.22,74 499 RUB,Без ремонта
bedroom (399).jpeg,bedroom,bow_window/indoor,0.4604,0.1294,0.4221,0.0471,0,0.0,0.1205,2.33,0.719,1,0.0024,0,0.0,0.5481,87050.7,87 051 RUB,Без ремонта
bedroom (399).jpg,bedroom,closet,0.5781,0.1269,0.2421,0.0269,0,0.0,0.1737,2.32,0.7804,0,0.0178,0,0.0,0.6532,73161.16,73 161 RUB,Без ремонта
bedroom (4).jpeg,bedroom,bedroom,0.497,0.1931,0.502,0.0681,6,0.0001,0.1763,2.3186,0.6114,0,0.0456,3,15.9999,0.5346,141237.25,141 237 RUB,Косметический
bedroom (4).jpg,bedroom,bow_window/indoor,0.3548,0.244,1.0,0.1056,0,0.0,0.1507,2.3186,0.3123,3,0.0349,0,0.0,0.3208,129566.69,129 567 RUB,Косметический
bedroom (40).jpeg,bedroom,bedchamber,0.5768,0.2556,1.0,0.0902,3,0.0495,0.2045,2.33,0.5569,3,0.0682,2,12.0119,0.4176,162221.72,162 222 RUB,Косметический
bedroom (40).jpg,bedroom,alcove,0.5356,0.1876,0.3108,0.0138,0,0.0,0.129,2.3186,0.6497,0,0.0037,0,0.0,0.6182,80940.33,80 940 RUB,Без ремонта
bedroom (400).jpeg,bedroom,bedchamber,0.3752,0.2023,0.6032,0.0866,4,0.002,0.1682,2.33,0.4608,0,0.0539,4,24.0239,0.452,153662.88,153 663 RUB,Косметический
bedroom (400).jpg,bedroom,basement,0.2287,0.2632,0.3963,0.0429,0,0.0001,0.1172,2.3333,0.0,2,0.0101,0,0.0,0.464,130311.84,130 312 RUB,Косметический
bedroom (401).jpeg,bedroom,bedroom,0.7215,0.1257,0.2968,0.0387,2,0.0,0.1352,2.3186,0.8258,2,0.0108,1,5.3333,0.6918,107326.57,107 327 RUB,Косметический
bedroom (401).jpg,bedroom,closet,0.5193,0.1345,0.1516,0.0109,0,0.0,0.1346,2.3059,0.741,0,0.006,0,0.0,0.6601,72669.86,72 670 RUB,Без ремонта
bedroom (402).jpeg,bedroom,closet,0.5701,0.2255,0.5544,0.0483,0,0.0,0.1718,2.33,0.6046,3,0.0211,0,0.0,0.5521,111007.02,111 007 RUB,Косметический
bedroom (402).jpg,bedroom,basement,0.6625,0.0911,0.3393,0.03,0,0.0,0.1285,2.33,0.8624,2,0.0001,0,0.0,0.6572,84331.79,84 332 RUB,Без ремонта
bedroom (403).jpeg,bedroom,alcove,0.342,0.1464,0.1805,0.0275,0,0.0,0.1464,2.3333,0.572,0,0.0097,0,0.0,0.5772,81160.37,81 160 RUB,Без ремонта
bedroom (403).jpg,bedroom,home_office,0.478,0.1658,1.0,0.0716,5,0.001,0.1805,2.33,0.6532,0,0.0917,3,18.0179,0.377,147127.36,147 127 RUB,Косметический
bedroom (404).jpeg,bedroom,basement,0.6194,0.1268,0.5293,0.0292,0,0.0,0.1483,2.3186,0.7953,1,0.0006,0,0.0,0.5831,77889.65,77 890 RUB,Без ремонта
bedroom (404).jpg,bedroom,home_office,0.5889,0.216,1.0,0.1033,15,0.0074,0.2001,2.32,0.6333,1,0.1257,3,18.0722,0.4157,172811.16,172 811 RUB,Капитальный
bedroom (405).jpeg,bedroom,basement,0.7637,0.2138,0.2505,0.013,1,0.0,0.1045,2.3186,0.7201,1,0.0042,0,0.0,0.7277,83950.77,83 951 RUB,Без ремонта
bedroom (405).jpg,bedroom,bow_window/indoor,0.5467,0.1837,0.2785,0.0445,0,0.0014,0.1506,2.3186,0.664,1,0.0048,0,0.0,0.6263,85920.72,85 921 RUB,Без ремонта
bedroom (406).jpeg,bedroom,bow_window/indoor,0.7264,0.1748,0.5028,0.0392,0,0.0015,0.1746,2.3186,0.7593,3,0.0032,0,0.0,0.632,95116.38,95 116 RUB,Косметический
bedroom (406).jpg,bedroom,childs_room,0.4692,0.278,1.0,0.1126,8,0.0016,0.2242,2.3186,0.4075,4,0.0602,4,21.3332,0.3653,180641.08,180 641 RUB,Капитальный
bedroom (407).jpeg,bedroom,basement,0.496,0.1635,0.2762,0.0324,0,0.0,0.1678,2.3186,0.6703,1,0.0015,0,0.0,0.6091,79450.94,79 451 RUB,Без ремонта
bedroom (407).jpg,bedroom,alcove,0.3908,0.0809,0.1057,0.0217,0,0.0,0.1362,2.3186,0.7929,0,0.0081,0,0.0,0.6202,78019.53,78 020 RUB,Без ремонта
bedroom (408).jpeg,bedroom,bedroom,0.5838,0.2708,0.9008,0.0636,6,0.0345,0.217,2.3186,0.5362,1,0.0393,2,10.6666,0.454,147637.21,147 637 RUB,Косметический
bedroom (408).jpg,bedroom,bedroom,0.5242,0.2185,1.0,0.1181,4,0.0,0.1822,2.33,0.5831,2,0.0374,2,12.0119,0.3861,154628.32,154 628 RUB,Косметический
bedroom (409).jpeg,bedroom,bedroom,0.3826,0.1899,1.0,0.0764,4,0.0003,0.1974,2.3186,0.5038,0,0.0737,4,21.3332,0.3378,158993.22,158 993 RUB,Косметический
bedroom (409).jpg,bedroom,recreation_room,0.596,0.1437,1.0,0.1417,9,0.0,0.2064,2.33,0.7589,1,0.0337,4,24.0239,0.4101,157682.35,157 682 RUB,Косметический
bedroom (41).jpeg,bedroom,alcove,0.5015,0.1297,0.3023,0.0251,0,0.0,0.133,2.3333,0.7414,0,0.0102,0,0.0,0.6049,77512.76,77 513 RUB,Без ремонта
bedroom (41).jpg,bedroom,bow_window/indoor,0.6753,0.1881,0.4298,0.05,0,0.0,0.1592,2.3186,0.7214,1,0.0341,0,0.0,0.6312,90374.01,90 374 RUB,Косметический
bedroom (410).jpeg,bedroom,garage/indoor,0.5876,0.2056,0.4468,0.0245,0,0.0,0.1612,2.3186,0.65,0,0.0002,0,0.0,0.5961,81130.98,81 131 RUB,Без ремонта
bedroom (410).jpg,bedroom,bedroom,0.4478,0.1613,1.0,0.1037,1,0.0194,0.1865,2.33,0.6398,0,0.087,1,6.006,0.3603,125705.91,125 706 RUB,Косметический
bedroom (411).jpeg,bedroom,bedroom,0.5423,0.2027,1.0,0.0535,1,0.0,0.1628,2.3186,0.6262,0,0.0114,1,5.3333,0.4062,103995.09,103 995 RUB,Косметический
bedroom (411).jpg,bedroom,artists_loft,0.5808,0.1575,0.2395,0.0183,0,0.0,0.1605,2.3186,0.7288,3,0.0138,0,0.0,0.6568,96931.52,96 932 RUB,Косметический
bedroom (412).jpeg,bedroom,alcove,0.6836,0.2655,0.621,0.0344,1,0.0,0.1498,2.3186,0.6116,1,0.0167,0,0.0,0.5803,98715.81,98 716 RUB,Косметический
bedroom (412).jpg,bedroom,bedroom,0.59,0.1647,1.0,0.0708,5,0.0,0.182,2.3069,0.7208,1,0.0434,3,17.964,0.4218,139326.52,139 327 RUB,Косметический
bedroom (413).jpeg,bedroom,basement,0.7325,0.2397,0.4224,0.0308,0,0.0,0.1405,2.3186,0.6727,1,0.0066,0,0.0,0.6601,81308.66,81 309 RUB,Без ремонта
bedroom (413).jpg,bedroom,bow_window/indoor,0.5148,0.1289,1.0,0.072,0,0.0079,0.1519,2.33,0.7497,2,0.0252,0,0.0,0.3923,100158.73,100 159 RUB,Косметический
bedroom (414).jpeg,bedroom,attic,0.5188,0.161,0.4839,0.0415,0,0.0,0.1695,2.3186,0.6897,1,0.0122,0,0.0,0.5541,85306.83,85 307 RUB,Без ремонта
bedroom (414).jpg,bedroom,bedroom,0.5569,0.2152,0.9843,0.0742,5,0.0,0.1598,2.32,0.6136,1,0.0486,1,6.0241,0.4126,132513.49,132 513 RUB,Косметический
bedroom (415).jpeg,bedroom,basement,0.484,0.1826,0.2024,0.0228,0,0.0001,0.1446,2.3186,0.6228,2,0.0068,0,0.0,0.6283,93441.9,93 442 RUB,Косметический
bedroom (415).jpg,bedroom,bedroom,0.5248,0.2146,0.6123,0.0477,2,0.0,0.1522,2.3069,0.591,1,0.0441,2,11.976,0.5167,133278.99,133 279 RUB,Косметический
bedroom (416).jpeg,bedroom,basement,0.7498,0.1201,0.2646,0.0278,0,0.0001,0.1289,2.3186,0.8398,2,0.0022,0,0.0,0.715,81000.61,81 001 RUB,Без ремонта
bedroom (416).jpg,bedroom,alcove,0.5788,0.1719,0.4398,0.0261,0,0.0,0.1454,2.3059,0.7029,1,0.0132,0,0.0,0.5944,83306.58,83 307 RUB,Без ремонта
bedroom (417).jpeg,bedroom,bow_window/indoor,0.5951,0.1137,0.1883,0.0372,0,0.0034,0.1119,2.3186,0.8089,1,0.0001,0,0.0,0.6744,76892.7,76 893 RUB,Без ремонта
bedroom (417).jpg,bedroom,basement,0.3768,0.1873,0.5001,0.038,0,0.0194,0.1723,2.32,0.503,1,0.055,0,0.0,0.495,102199.7,102 200 RUB,Косметический
bedroom (418).jpeg,bedroom,bedroom,0.3932,0.2464,1.0,0.1348,3,0.0751,0.2162,2.3186,0.3733,1,0.0882,3,15.9999,0.3378,159951.13,159 951 RUB,Косметический
bedroom (418).jpg,bedroom,bow_window/indoor,0.5438,0.1337,1.0,0.0951,0,0.0001,0.1486,2.3186,0.7542,1,0.0146,0,0.0,0.3985,92644.12,92 644 RUB,Косметический
bedroom (419).jpeg,bedroom,bedchamber,0.6543,0.2097,0.3617,0.0441,1,0.0,0.1593,2.3186,0.6794,1,0.0386,1,5.3333,0.6444,108508.35,108 508 RUB,Косметический
bedroom (419).jpg,bedroom,home_office,0.5504,0.1947,1.0,0.0871,5,0.0002,0.1888,2.3097,0.6462,0,0.0279,3,16.0427,0.4028,137678.82,137 679 RUB,Косметический
bedroom (42).jpeg,bedroom,nursery,0.4103,0.1696,1.0,0.1379,4,0.0002,0.1502,2.32,0.5867,1,0.1121,1,6.0241,0.3366,143388.41,143 388 RUB,Косметический
bedroom (42).jpg,bedroom,entrance_hall,0.5959,0.1832,0.5421,0.0601,0,0.0,0.194,2.3186,0.6925,0,0.0024,0,0.0,0.5637,79098.48,79 098 RUB,Без ремонта
bedroom (420).jpeg,bedroom,bedroom,0.4825,0.2473,0.749,0.0654,4,0.0007,0.1726,2.3186,0.4873,1,0.0179,3,15.9999,0.4553,146520.51,146 521 RUB,Косметический
bedroom (420).jpg,bedroom,closet,0.4828,0.2093,0.9824,0.0928,0,0.0,0.182,2.3186,0.5664,1,0.0219,0,0.0,0.3798,99599.86,99 600 RUB,Косметический
bedroom (421).jpeg,bedroom,bow_window/indoor,0.3004,0.1825,0.3226,0.0313,0,0.0,0.1325,2.3186,0.3926,1,0.0069,0,0.0,0.5171,97555.05,97 555 RUB,Косметический
bedroom (421).jpg,bedroom,bow_window/indoor,0.3705,0.1961,0.3717,0.0249,0,0.0,0.1496,2.3186,0.4708,2,0.0033,0,0.0,0.5317,98423.09,98 423 RUB,Косметический
bedroom (422).jpeg,bedroom,alcove,0.7402,0.1874,0.0923,0.011,0,0.0,0.1428,2.3186,0.7468,2,0.0007,0,0.0,0.7662,81955.12,81 955 RUB,Без ремонта
bedroom (422).jpg,bedroom,alcove,0.544,0.1245,0.2142,0.0483,0,0.0,0.1541,2.3186,0.7711,1,0.0286,0,0.0,0.6437,85073.88,85 074 RUB,Без ремонта
bedroom (423).jpeg,bedroom,childs_room,0.5743,0.2236,1.0,0.1051,4,0.0007,0.1977,2.3186,0.6106,1,0.1174,4,21.3332,0.4088,161430.71,161 431 RUB,Косметический
bedroom (423).jpg,bedroom,hotel_room,0.3329,0.2849,0.9654,0.0662,4,0.0001,0.1734,2.3186,0.1442,2,0.0235,2,10.6666,0.3303,160912.57,160 913 RUB,Косметический
bedroom (424).jpeg,bedroom,television_room,0.4192,0.1545,0.4773,0.0836,5,0.0,0.186,2.3186,0.6314,0,0.0723,5,26.6665,0.5078,149694.24,149 694 RUB,Косметический
bedroom (424).jpg,bedroom,basement,0.6182,0.1026,0.1519,0.0158,0,0.0,0.0851,2.3186,0.8341,0,0.0051,0,0.0,0.6986,68484.11,68 484 RUB,Без ремонта
bedroom (425).jpeg,bedroom,bedchamber,0.5042,0.2599,0.6272,0.078,3,0.0,0.1868,2.3186,0.4846,0,0.0088,3,15.9999,0.4979,137211.36,137 211 RUB,Косметический
bedroom (425).jpg,bedroom,alcove,0.5171,0.1589,0.8256,0.0454,0,0.0,0.1799,2.3186,0.6928,2,0.0104,0,0.0,0.4501,96511.74,96 512 RUB,Косметический
bedroom (426).jpeg,bedroom,basement,0.5935,0.1298,0.0487,0.0082,0,0.0,0.1305,2.3186,0.7814,1,0.0,0,0.0,0.7212,76541.07,76 541 RUB,Без ремонта
bedroom (426).jpg,bedroom,bedroom,0.6743,0.1533,1.0,0.0768,1,0.0,0.1754,2.31,0.7727,1,0.0328,1,6.0423,0.4544,110138.19,110 138 RUB,Косметический
bedroom (427).jpeg,bedroom,bow_window/indoor,0.4166,0.1729,0.3865,0.0397,1,0.0061,0.1708,2.3186,0.5849,1,0.0223,1,5.3333,0.5433,110866.64,110 867 RUB,Косметический
bedroom (427).jpg,bedroom,office,0.4788,0.1351,0.2616,0.0367,6,0.0001,0.1397,2.3245,0.7179,0,0.038,2,10.554,0.6057,124076.55,124 077 RUB,Косметический
bedroom (428).jpeg,bedroom,closet,0.5132,0.1438,0.2057,0.0499,1,0.0,0.1442,2.3186,0.7199,1,0.0186,0,0.0,0.6336,88897.8,88 898 RUB,Без ремонта
bedroom (428).jpg,bedroom,bow_window/indoor,0.549,0.1088,1.0,0.0756,0,0.0,0.1384,2.32,0.8018,1,0.0151,0,0.0,0.4045,91138.49,91 138 RUB,Косметический
bedroom (429).jpeg,bedroom,bedroom,0.3644,0.1715,0.1751,0.0633,2,0.0,0.1663,2.3186,0.5295,0,0.0131,0,0.0,0.5806,91764.95,91 765 RUB,Косметический
bedroom (429).jpg,bedroom,garage/indoor,0.5064,0.1326,0.2559,0.0672,0,0.0001,0.1392,2.3186,0.7382,2,0.0023,0,0.0,0.6124,88680.08,88 680 RUB,Без ремонта
bedroom (43).jpeg,bedroom,bow_window/indoor,0.4349,0.1054,0.8067,0.0531,0,0.0,0.0951,2.3186,0.7578,1,0.0109,0,0.0,0.4213,97959.18,97 959 RUB,Косметический
bedroom (43).jpg,bedroom,bedroom,0.635,0.2423,0.7479,0.0688,4,0.0305,0.2046,2.3186,0.6184,2,0.0177,3,15.9999,0.5189,150011.73,150 012 RUB,Косметический
bedroom (430).jpg,bedroom,closet,0.5504,0.1376,0.0755,0.0198,0,0.0,0.1343,2.3186,0.7501,0,0.021,0,0.0,0.6935,78063.81,78 064 RUB,Без ремонта
bedroom (431).jpg,bedroom,bow_window/indoor,0.673,0.1439,0.38,0.0551,0,0.0003,0.156,2.3186,0.7862,2,0.0052,0,0.0,0.6442,88530.17,88 530 RUB,Без ремонта
bedroom (432).jpg,bedroom,bedchamber,0.7056,0.1643,1.0,0.0916,1,0.0,0.1697,2.33,0.7671,1,0.0274,1,6.006,0.4639,110658.76,110 659 RUB,Косметический
bedroom (433).jpg,bedroom,garage/indoor,0.5513,0.1279,1.0,0.0662,1,0.0,0.1508,2.33,0.768,1,0.0174,0,0.0,0.4073,90840.74,90 841 RUB,Косметический
bedroom (434).jpg,bedroom,bow_window/indoor,0.5196,0.0839,0.3489,0.0226,0,0.0,0.1291,2.3069,0.8386,0,0.0005,0,0.0,0.5986,67211.11,67 211 RUB,Без ремонта
bedroom (435).jpg,bedroom,closet,0.6033,0.1683,0.0816,0.0227,0,0.0,0.1629,2.3186,0.7211,0,0.0091,0,0.0,0.7123,78644.37,78 644 RUB,Без ремонта
bedroom (436).jpg,bedroom,basement,0.4764,0.1306,0.1647,0.0192,0,0.0,0.1485,2.3186,0.7259,1,0.0187,0,0.0,0.6373,84841.51,84 842 RUB,Без ремонта
bedroom (437).jpg,bedroom,bedroom,0.4558,0.2035,1.0,0.0985,2,0.0001,0.203,2.3186,0.5535,0,0.0877,2,10.6666,0.3626,144228.41,144 228 RUB,Косметический
bedroom (438).jpg,bedroom,bow_window/indoor,0.535,0.1909,1.0,0.1127,5,0.0097,0.1658,2.3186,0.6432,0,0.0563,1,5.3333,0.3924,129279.91,129 280 RUB,Косметический
bedroom (439).jpg,bedroom,playroom,0.6019,0.2727,1.0,0.0917,5,0.004,0.191,2.32,0.5469,2,0.059,3,18.0722,0.4228,157342.29,157 342 RUB,Косметический
bedroom (44).jpeg,bedroom,bedroom,0.3882,0.2323,0.3378,0.0495,4,0.0051,0.2051,2.3303,0.4016,1,0.0187,4,21.4476,0.5446,148507.15,148 507 RUB,Косметический
bedroom (44).jpg,bedroom,dorm_room,0.3379,0.2191,0.1687,0.0382,1,0.0019,0.1568,2.3186,0.3515,2,0.0048,1,5.3333,0.5771,114625.65,114 626 RUB,Косметический
bedroom (440).jpg,bedroom,bedroom,0.3807,0.2675,0.6477,0.065,3,0.0005,0.1908,2.3186,0.2974,1,0.0643,2,10.6666,0.445,153402.54,153 403 RUB,Косметический
bedroom (441).jpg,bedroom,bow_window/indoor,0.2924,0.2367,0.9503,0.0743,1,0.0,0.16,2.3333,0.1906,1,0.0193,1,6.006,0.317,139449.41,139 449 RUB,Косметический
bedroom (442).jpg,bedroom,artists_loft,0.267,0.1835,0.3889,0.0361,0,0.0,0.1426,2.3186,0.3127,2,0.0114,0,0.0,0.4829,105917.15,105 917 RUB,Косметический
bedroom (444).jpg,bedroom,bow_window/indoor,0.5606,0.0909,0.1297,0.0215,0,0.0,0.1111,2.33,0.8379,1,0.0017,0,0.0,0.681,74444.18,74 444 RUB,Без ремонта
bedroom (445).jpg,bedroom,bow_window/indoor,0.5823,0.111,0.2121,0.0197,0,0.0,0.1336,2.3069,0.8093,1,0.0003,0,0.0,0.6654,72184.84,72 185 RUB,Без ремонта
bedroom (446).jpg,bedroom,bow_window/indoor,0.4822,0.1643,0.0534,0.0076,0,0.0001,0.1535,2.3186,0.6592,2,0.0,0,0.0,0.6754,86062.16,86 062 RUB,Без ремонта
bedroom (447).jpg,bedroom,bedroom,0.535,0.232,1.0,0.0659,2,0.0,0.1914,2.33,0.5664,2,0.058,2,12.0119,0.4008,152371.43,152 371 RUB,Косметический
bedroom (448).jpg,bedroom,bedroom,0.5592,0.2035,1.0,0.0604,4,0.0003,0.1543,2.3186,0.636,1,0.0669,3,15.9999,0.4116,148109.31,148 109 RUB,Косметический
bedroom (449).jpg,bedroom,bedroom,0.7105,0.208,1.0,0.0604,2,0.0009,0.172,2.33,0.7073,1,0.0208,2,12.0119,0.4722,128289.71,128 290 RUB,Косметический
bedroom (45).jpeg,bedroom,attic,0.6715,0.1579,0.0922,0.0295,1,0.0,0.1474,2.3186,0.7648,1,0.0011,0,0.0,0.735,78026.5,78 026 RUB,Без ремонта
bedroom (45).jpg,bedroom,bedroom,0.554,0.2772,0.7786,0.0705,4,0.0,0.1749,2.3186,0.4997,4,0.0223,3,15.9999,0.4739,168039.71,168 040 RUB,Косметический
bedroom (450).jpg,bedroom,bow_window/indoor,0.4045,0.2237,1.0,0.0579,0,0.0002,0.1859,2.3186,0.447,4,0.0462,0,0.0,0.3502,127787.8,127 788 RUB,Косметический
bedroom (451).jpg,bedroom,basement,0.6957,0.1212,0.2267,0.0256,0,0.0,0.1252,2.32,0.8258,1,0.0178,0,0.0,0.7052,77973.5,77 974 RUB,Без ремонта
bedroom (452).jpg,bedroom,bow_window/indoor,0.642,0.1493,0.3122,0.0322,0,0.0,0.146,2.32,0.7674,1,0.0077,0,0.0,0.6567,79901.09,79 901 RUB,Без ремонта
bedroom (453).jpg,bedroom,bedroom,0.3208,0.211,0.368,0.0319,4,0.0,0.1585,2.3186,0.3423,2,0.0092,1,5.3333,0.5115,128168.26,128 168 RUB,Косметический
bedroom (454).jpg,bedroom,garage/indoor,0.568,0.1207,0.6468,0.0434,1,0.0,0.1908,2.33,0.7875,1,0.0048,0,0.0,0.5245,81367.23,81 367 RUB,Без ремонта
bedroom (455).jpg,bedroom,bow_window/indoor,0.561,0.186,0.7738,0.0974,1,0.0002,0.2063,2.33,0.6685,2,0.0217,0,0.0,0.4728,103094.8,103 095 RUB,Косметический
bedroom (456).jpg,bedroom,bedroom,0.4682,0.2277,1.0,0.0837,3,0.0,0.1999,2.33,0.5136,0,0.0564,2,12.0119,0.3705,145549.37,145 549 RUB,Косметический
bedroom (457).jpg,bedroom,basement,0.5655,0.1464,0.8605,0.058,2,0.0006,0.2017,2.31,0.7411,0,0.0177,0,0.0,0.4565,84064.29,84 064 RUB,Без ремонта
bedroom (458).jpg,bedroom,bedroom,0.3756,0.2662,0.174,0.0456,1,0.0,0.196,2.3186,0.2913,1,0.0225,1,5.3333,0.5889,122408.01,122 408 RUB,Косметический
bedroom (459).jpg,bedroom,bedchamber,0.5713,0.1971,1.0,0.0719,13,0.0002,0.1816,2.32,0.655,2,0.0711,4,24.0962,0.4142,174649.24,174 649 RUB,Капитальный
bedroom (46).jpeg,bedroom,garage/indoor,0.4702,0.1073,0.2093,0.0336,2,0.0,0.1391,2.3186,0.7717,0,0.0115,0,0.0,0.6186,80374.97,80 375 RUB,Без ремонта
bedroom (46).jpg,bedroom,basement,0.3817,0.1836,0.2705,0.0367,0,0.0041,0.1624,2.3186,0.5189,0,0.0284,0,0.0,0.5646,87058.04,87 058 RUB,Без ремонта
bedroom (460).jpg,bedroom,bedroom,0.3078,0.2074,1.0,0.1404,5,0.0,0.2079,2.3186,0.3264,0,0.1074,4,21.3332,0.2951,171927.09,171 927 RUB,Капитальный
bedroom (461).jpg,bedroom,basement,0.456,0.16,0.38,0.0356,0,0.0,0.1831,2.33,0.6491,1,0.0125,0,0.0,0.5613,90530.94,90 531 RUB,Косметический
bedroom (462).jpg,bedroom,corridor,0.835,0.1975,0.3858,0.0738,7,0.0071,0.1449,2.33,0.7635,2,0.0079,3,18.0179,0.7042,135790.19,135 790 RUB,Косметический
bedroom (463).jpg,bedroom,bow_window/indoor,0.4132,0.1773,0.3578,0.0213,0,0.0,0.1635,2.3186,0.5709,2,0.0005,0,0.0,0.5537,93641.05,93 641 RUB,Косметический
bedroom (464).jpg,bedroom,alcove,0.4572,0.1829,1.0,0.0361,0,0.0,0.1518,2.3069,0.5999,1,0.0064,0,0.0,0.3757,96753.12,96 753 RUB,Косметический
bedroom (465).jpg,bedroom,bow_window/indoor,0.4937,0.1598,0.5531,0.0289,0,0.0,0.1689,2.33,0.6764,1,0.0166,0,0.0,0.5258,84823.93,84 824 RUB,Без ремонта
bedroom (466).jpg,bedroom,bow_window/indoor,0.4846,0.1412,0.2581,0.0219,0,0.0,0.1563,2.325,0.7086,0,0.002,0,0.0,0.612,73066.16,73 066 RUB,Без ремонта
bedroom (467).jpg,bedroom,bedroom,0.543,0.1393,0.6399,0.0745,3,0.0016,0.1903,2.33,0.7434,0,0.0074,3,18.0179,0.5105,120167.54,120 168 RUB,Косметический
bedroom (468).jpg,bedroom,bow_window/indoor,0.415,0.1598,0.2439,0.0605,0,0.0,0.1695,2.3186,0.615,1,0.0089,0,0.0,0.5808,89632.62,89 633 RUB,Без ремонта
bedroom (469).jpg,bedroom,bedroom,0.5096,0.1468,1.0,0.063,2,0.0,0.1932,2.33,0.7119,2,0.0097,2,12.0119,0.3913,138354.37,138 354 RUB,Косметический
bedroom (47).jpeg,bedroom,bow_window/indoor,0.3741,0.2085,0.1766,0.0186,0,0.0,0.1115,2.3186,0.4426,1,0.0024,0,0.0,0.5929,96674.39,96 674 RUB,Косметический
bedroom (47).jpg,bedroom,bow_window/indoor,0.4316,0.1196,0.0569,0.0113,0,0.0,0.125,2.3186,0.7229,0,0.0009,0,0.0,0.6533,74863.23,74 863 RUB,Без ремонта
bedroom (470).jpg,bedroom,attic,0.5284,0.1452,1.0,0.0488,1,0.0024,0.1636,2.33,0.7253,2,0.0219,1,6.006,0.4018,120208.36,120 208 RUB,Косметический
bedroom (471).jpg,bedroom,basement,0.3932,0.1324,0.0215,0.0061,1,0.0969,0.1516,2.3333,0.6633,0,0.0092,0,0.0,0.6593,81421.37,81 421 RUB,Без ремонта
bedroom (472).jpg,bedroom,bow_window/indoor,0.7339,0.1157,0.1649,0.0892,0,0.0,0.1171,2.3186,0.8423,2,0.0,0,0.0,0.7262,83267.54,83 268 RUB,Без ремонта
bedroom (473).jpg,bedroom,bow_window/indoor,0.5553,0.0946,0.1756,0.0287,0,0.0,0.1233,2.3186,0.8297,0,0.0065,0,0.0,0.6637,71408.21,71 408 RUB,Без ремонта
bedroom (474).jpg,bedroom,basement,0.545,0.0616,0.088,0.0282,0,0.0,0.0849,2.3186,0.887,0,0.0024,0,0.0,0.686,73021.43,73 021 RUB,Без ремонта
bedroom (475).jpg,bedroom,closet,0.4468,0.1569,0.203,0.0372,0,0.0,0.1394,2.3186,0.6489,0,0.0268,0,0.0,0.6104,86134.11,86 134 RUB,Без ремонта
bedroom (476).jpg,bedroom,bow_window/indoor,0.7212,0.1012,1.0,0.0705,0,0.0,0.1458,2.3333,0.8597,1,0.0045,0,0.0,0.4744,79323.55,79 324 RUB,Без ремонта
bedroom (477).jpg,bedroom,bedroom,0.4297,0.236,1.0,0.1089,3,0.0001,0.1786,2.3186,0.4507,1,0.0833,1,5.3333,0.3501,140239.12,140 239 RUB,Косметический
bedroom (478).jpg,bedroom,childs_room,0.5626,0.1981,0.2282,0.045,3,0.004,0.178,2.3186,0.6478,1,0.0242,3,15.9999,0.648,129029.12,129 029 RUB,Косметический
bedroom (479).jpg,bedroom,bow_window/indoor,0.6321,0.0837,0.2437,0.0093,0,0.0,0.1103,2.33,0.8676,2,0.0,0,0.0,0.6779,77959.13,77 959 RUB,Без ремонта
bedroom (48).jpeg,bedroom,bedroom,0.6105,0.1823,1.0,0.0474,2,0.0,0.1665,2.3299,0.7014,3,0.0323,2,12.3838,0.4347,151872.36,151 872 RUB,Косметический
bedroom (48).jpg,bedroom,youth_hostel,0.5945,0.2155,1.0,0.0862,2,0.0004,0.2186,2.3186,0.6375,1,0.0514,1,5.3333,0.4206,121123.31,121 123 RUB,Косметический
bedroom (481).jpg,bedroom,alcove,0.4529,0.2037,0.5778,0.0675,9,0.0004,0.1561,2.301,0.5502,1,0.0869,5,29.4116,0.4944,164873.67,164 874 RUB,Косметический
bedroom (482).jpg,bedroom,basement,0.3919,0.1411,0.4148,0.0301,0,0.239,0.1834,2.3069,0.64,0,0.0056,0,0.0,0.5502,85317.88,85 318 RUB,Без ремонта
bedroom (483).jpg,bedroom,bow_window/indoor,0.6656,0.1265,1.0,0.0985,0,0.0136,0.162,2.31,0.8099,5,0.006,0,0.0,0.4479,117903.01,117 903 RUB,Косметический
bedroom (485).jpg,bedroom,bow_window/indoor,0.3258,0.1661,0.3376,0.047,0,0.0011,0.1284,2.3186,0.4901,1,0.0053,0,0.0,0.5198,96214.2,96 214 RUB,Косметический
bedroom (486).jpg,bedroom,bedroom,0.3771,0.1729,1.0,0.1438,2,0.0,0.1833,2.3186,0.5414,0,0.0531,2,10.6666,0.3221,136310.42,136 310 RUB,Косметический
bedroom (487).jpg,bedroom,bow_window/indoor,0.3364,0.2176,0.3798,0.0181,0,0.0,0.1098,2.3186,0.3532,3,0.0064,0,0.0,0.517,108403.28,108 403 RUB,Косметический
bedroom (488).jpg,bedroom,bedroom,0.3061,0.2246,1.0,0.0769,2,0.0046,0.1579,2.3186,0.2661,1,0.0156,2,10.6666,0.3075,143430.62,143 431 RUB,Косметический
bedroom (489).jpg,bedroom,bedroom,0.3873,0.2844,1.0,0.0762,1,0.0,0.1882,2.3333,0.2656,1,0.0326,1,5.3333,0.3397,134861.1,134 861 RUB,Косметический
bedroom (49).jpeg,bedroom,dorm_room,0.3882,0.2051,1.0,0.1216,5,0.001,0.2184,2.33,0.4715,0,0.0683,4,24.0239,0.331,153674.5,153 674 RUB,Косметический
bedroom (49).jpg,bedroom,wet_bar,0.4752,0.1938,0.2933,0.0158,0,0.0,0.141,2.3186,0.5923,0,0.0034,0,0.0,0.5989,82588.42,82 588 RUB,Без ремонта
bedroom (490).jpg,bedroom,bedroom,0.472,0.1831,0.6206,0.062,3,0.0,0.1569,2.3186,0.6122,0,0.0226,1,5.3333,0.4902,110376.36,110 376 RUB,Косметический
bedroom (491).jpg,bedroom,bow_window/indoor,0.3705,0.1589,0.9372,0.0893,0,0.0,0.1502,2.3186,0.5712,1,0.0056,0,0.0,0.3492,101456.19,101 456 RUB,Косметический
bedroom (492).jpg,bedroom,bedroom,0.4612,0.2002,1.0,0.1389,7,0.0,0.1984,2.33,0.5659,1,0.0879,4,24.0239,0.3567,165101.4,165 101 RUB,Косметический
bedroom (493).jpg,bedroom,entrance_hall,0.5734,0.1533,0.9416,0.0644,0,0.0,0.1683,2.31,0.7327,2,0.013,0,0.0,0.434,92867.38,92 867 RUB,Косметический
bedroom (494).jpg,bedroom,childs_room,0.5801,0.1173,0.9898,0.0723,11,0.0,0.1735,2.32,0.7977,0,0.0162,5,30.1203,0.4206,142337.06,142 337 RUB,Косметический
bedroom (495).jpg,bedroom,bow_window/indoor,0.365,0.2313,0.4424,0.085,0,0.0,0.1736,2.3186,0.3664,2,0.0186,0,0.0,0.4963,113353.51,113 354 RUB,Косметический
bedroom (496).jpg,bedroom,attic,0.5299,0.095,0.4721,0.0439,1,0.007,0.1428,2.33,0.8207,0,0.0089,0,0.0,0.5622,72745.84,72 746 RUB,Без ремонта
bedroom (497).jpg,bedroom,bedroom,0.3965,0.1614,0.7453,0.0971,2,0.0,0.2057,2.33,0.593,0,0.0528,2,12.0119,0.4156,144719.87,144 720 RUB,Косметический
bedroom (498).jpg,bedroom,television_room,0.4908,0.2335,1.0,0.1086,4,0.0058,0.186,2.33,0.5243,0,0.059,4,24.0239,0.3752,147708.38,147 708 RUB,Косметический
bedroom (499).jpg,bedroom,bow_window/indoor,0.4021,0.2086,1.0,0.0428,0,0.0,0.2011,2.3069,0.4813,1,0.0131,0,0.0,0.3523,98827.26,98 827 RUB,Косметический
bedroom (5).jpeg,bedroom,bow_window/indoor,0.6142,0.0831,0.2518,0.0211,0,0.0016,0.1252,2.3333,0.8646,1,0.0023,0,0.0,0.6661,72896.18,72 896 RUB,Без ремонта
bedroom (5).jpg,bedroom,attic,0.5162,0.2369,0.6397,0.0533,2,0.0029,0.1867,2.3186,0.5411,0,0.0267,1,5.3333,0.5042,107182.18,107 182 RUB,Косметический
bedroom (50).jpeg,bedroom,bedroom,0.5228,0.0874,0.5174,0.0281,2,0.0001,0.1173,2.33,0.8329,0,0.0193,2,12.0119,0.5483,118543.74,118 544 RUB,Косметический
bedroom (50).jpg,bedroom,attic,0.6978,0.1486,0.1801,0.012,0,0.0,0.1524,2.3186,0.787,2,0.0,0,0.0,0.7227,77205.47,77 205 RUB,Без ремонта
bedroom (500).jpg,bedroom,garage/indoor,0.498,0.152,0.1987,0.0297,0,0.0,0.1425,2.31,0.6949,1,0.0118,0,0.0,0.6337,78112.32,78 112 RUB,Без ремонта
bedroom (501).jpg,bedroom,entrance_hall,0.5388,0.1918,1.0,0.106,0,0.006,0.1864,2.32,0.6439,1,0.0304,0,0.0,0.3949,97963.26,97 963 RUB,Косметический
bedroom (502).jpg,bedroom,bedroom,0.2682,0.1451,1.0,0.1035,8,0.0004,0.1637,2.33,0.4588,0,0.166,4,24.0239,0.2866,174085.07,174 085 RUB,Капитальный
bedroom (503).jpg,bedroom,attic,0.628,0.1051,0.3893,0.0279,2,0.0,0.1292,2.33,0.8327,0,0.0127,1,6.006,0.6288,93753.62,93 754 RUB,Косметический
bedroom (504).jpg,bedroom,entrance_hall,0.4043,0.2137,0.8009,0.0651,1,0.002,0.1798,2.3186,0.4716,2,0.0333,1,5.3333,0.4087,128414.01,128 414 RUB,Косметический
bedroom (505).jpg,bedroom,bow_window/indoor,0.4515,0.2059,0.5623,0.0392,0,0.0,0.153,2.3333,0.544,1,0.0058,0,0.0,0.5041,91163.83,91 164 RUB,Косметический
bedroom (506).jpg,bedroom,bedroom,0.7569,0.2032,1.0,0.0794,2,0.0,0.183,2.31,0.7316,1,0.0366,2,12.0845,0.4869,134929.97,134 930 RUB,Косметический
bedroom (507).jpg,bedroom,bedroom,0.5642,0.1677,1.0,0.137,2,0.0002,0.169,2.33,0.7029,1,0.0532,1,6.006,0.3983,125570.07,125 570 RUB,Косметический
bedroom (508).jpg,bedroom,bedroom,0.5373,0.1493,0.8405,0.0808,4,0.0,0.1805,2.33,0.7222,1,0.058,4,24.0239,0.4466,144107.86,144 108 RUB,Косметический
bedroom (509).jpg,bedroom,dorm_room,0.4575,0.1979,0.7179,0.0806,4,0.0005,0.1784,2.3186,0.5674,0,0.0817,3,15.9999,0.4516,144831.26,144 831 RUB,Косметический
bedroom (51).jpeg,bedroom,bow_window/indoor,0.3187,0.1489,0.2668,0.021,0,0.0,0.1244,2.3186,0.5329,1,0.0066,0,0.0,0.5433,92992.53,92 993 RUB,Косметический
bedroom (51).jpg,bedroom,bedroom,0.3681,0.2368,0.7548,0.0822,6,0.0028,0.1719,2.3186,0.3566,0,0.1182,6,31.9998,0.4046,175580.16,175 580 RUB,Капитальный
bedroom (510).jpg,bedroom,bow_window/indoor,0.4502,0.2086,0.2449,0.0185,0,0.0,0.1501,2.3333,0.5366,1,0.0054,0,0.0,0.6029,84911.98,84 912 RUB,Без ремонта
bedroom (512).jpg,bedroom,closet,0.5258,0.1137,0.2197,0.0239,0,0.0,0.1439,2.3186,0.7838,0,0.0173,0,0.0,0.6396,75999.81,76 000 RUB,Без ремонта
bedroom (513).jpg,bedroom,closet,0.7049,0.1363,0.5809,0.0277,0,0.0,0.1444,2.32,0.8066,2,0.0086,0,0.0,0.6021,87625.14,87 625 RUB,Без ремонта
bedroom (514).jpg,bedroom,bedroom,0.5027,0.1058,0.3151,0.0347,1,0.0,0.175,2.31,0.7896,0,0.0287,1,6.0423,0.5996,90370.28,90 370 RUB,Косметический
bedroom (515).jpg,bedroom,attic,0.5134,0.1266,1.0,0.0446,0,0.0001,0.1284,2.3168,0.7534,2,0.0207,0,0.0,0.3965,99238.66,99 239 RUB,Косметический
bedroom (517).jpg,bedroom,bow_window/indoor,0.5313,0.1024,1.0,0.0629,0,0.0001,0.1327,2.33,0.8074,0,0.0206,0,0.0,0.4,83839.01,83 839 RUB,Без ремонта
bedroom (518).jpg,bedroom,bedroom,0.4076,0.1698,1.0,0.1412,7,0.0438,0.217,2.32,0.5833,0,0.0902,2,12.0481,0.3392,151618.16,151 618 RUB,Косметический
bedroom (519).jpg,bedroom,bedroom,0.6159,0.1707,1.0,0.0583,8,0.0006,0.1615,2.3069,0.7228,0,0.0399,3,17.964,0.4348,137815.3,137 815 RUB,Косметический
bedroom (52).jpeg,bedroom,basement,0.4038,0.1524,0.4132,0.0338,0,0.0038,0.1521,2.33,0.6227,0,0.0085,0,0.0,0.5312,83175.9,83 176 RUB,Без ремонта
bedroom (52).jpg,bedroom,nursery,0.5104,0.2048,0.6488,0.0449,3,0.0006,0.205,2.3186,0.5987,0,0.035,0,0.0,0.5006,99671.71,99 672 RUB,Косметический
bedroom (520).jpg,bedroom,alcove,0.4536,0.1191,0.2028,0.0312,1,0.0001,0.1512,2.3186,0.7374,0,0.021,0,0.0,0.6144,78274.56,78 275 RUB,Без ремонта
bedroom (521).jpg,bedroom,bedroom,0.616,0.1787,0.5768,0.1177,9,0.0001,0.1785,2.3186,0.7099,1,0.025,3,15.9999,0.5498,148136.66,148 137 RUB,Косметический
bedroom (522).jpg,bedroom,basement,0.5137,0.1693,0.5359,0.0369,0,0.0018,0.1756,2.3333,0.6705,1,0.0155,0,0.0,0.5375,84825.41,84 825 RUB,Без ремонта
bedroom (523).jpg,bedroom,alcove,0.5855,0.1769,0.4299,0.0723,0,0.0,0.1908,2.33,0.6978,2,0.022,0,0.0,0.5908,91393.55,91 394 RUB,Косметический
bedroom (524).jpg,bedroom,bedroom,0.5776,0.1938,1.0,0.0765,1,0.0,0.1992,2.33,0.6645,1,0.0318,1,6.006,0.4157,117713.06,117 713 RUB,Косметический
bedroom (526).jpg,bedroom,playroom,0.5212,0.1314,0.791,0.066,2,0.0035,0.1691,2.3241,0.748,1,0.1253,2,11.142,0.4584,153682.51,153 683 RUB,Косметический
bedroom (527).jpg,bedroom,alcove,0.5237,0.1811,0.588,0.0412,1,0.0,0.1673,2.33,0.6541,1,0.0245,0,0.0,0.5248,94972.82,94 973 RUB,Косметический
bedroom (528).jpg,bedroom,recreation_room,0.4468,0.1778,1.0,0.0522,7,0.0,0.169,2.33,0.602,0,0.0571,6,36.0358,0.3683,149933.52,149 934 RUB,Косметический
bedroom (529).jpg,bedroom,alcove,0.4293,0.1256,0.5103,0.0425,0,0.0107,0.1349,2.3069,0.7074,0,0.0162,0,0.0,0.5112,81970.67,81 971 RUB,Без ремонта
bedroom (53).jpeg,bedroom,bow_window/indoor,0.4452,0.1348,0.189,0.0248,0,0.0004,0.1306,2.3186,0.6971,0,0.0141,0,0.0,0.6164,79677.09,79 677 RUB,Без ремонта
bedroom (53).jpg,bedroom,bow_window/indoor,0.4974,0.2434,0.1106,0.0204,0,0.0,0.1439,2.3186,0.5106,3,0.0143,0,0.0,0.6617,106303.1,106 303 RUB,Косметический
bedroom (530).jpg,bedroom,corridor,0.5529,0.1506,0.1128,0.0253,1,0.0,0.1907,2.3186,0.7276,0,0.0216,1,5.3333,0.6823,97052.28,97 052 RUB,Косметический
bedroom (531).jpg,bedroom,bow_window/indoor,0.3143,0.2122,0.8179,0.0438,0,0.0,0.1551,2.3186,0.3249,1,0.0101,0,0.0,0.3716,108720.65,108 721 RUB,Косметический
bedroom (533).jpg,bedroom,mezzanine,0.4459,0.1671,1.0,0.0705,0,0.0,0.1793,2.33,0.6251,0,0.049,0,0.0,0.3643,94457.77,94 458 RUB,Косметический
bedroom (534).jpg,bedroom,hotel_room,0.3071,0.2106,0.1957,0.0282,3,0.0,0.155,2.3333,0.3143,0,0.0166,2,13.3778,0.5585,131787.62,131 788 RUB,Косметический
bedroom (535).jpg,bedroom,bow_window/indoor,0.5494,0.1984,0.8392,0.0368,0,0.0,0.1848,2.31,0.6389,2,0.0127,0,0.0,0.4606,97118.98,97 119 RUB,Косметический
bedroom (536).jpg,bedroom,youth_hostel,0.4677,0.233,0.3099,0.0555,5,0.0001,0.1858,2.3186,0.5018,1,0.0336,2,10.6666,0.583,144165.12,144 165 RUB,Косметический
bedroom (537).jpg,bedroom,garage/indoor,0.5076,0.1315,0.632,0.0578,0,0.0,0.1476,2.3131,0.7409,1,0.0268,0,0.0,0.5019,86682.78,86 683 RUB,Без ремонта
bedroom (538).jpg,bedroom,art_gallery,0.4903,0.185,0.2562,0.0461,1,0.0,0.172,2.3186,0.6227,0,0.0402,0,0.0,0.61,91442.88,91 443 RUB,Косметический
bedroom (539).jpg,bedroom,closet,0.4609,0.1571,0.6728,0.0452,1,0.0026,0.194,2.3059,0.6591,0,0.0357,0,0.0,0.4737,92774.03,92 774 RUB,Косметический
bedroom (54).jpeg,bedroom,reception,0.6295,0.1513,0.4008,0.0257,0,0.0,0.1509,2.33,0.7597,0,0.0166,0,0.0,0.6264,77096.2,77 096 RUB,Без ремонта
bedroom (54).jpg,bedroom,bow_window/indoor,0.3581,0.2935,0.3428,0.0436,0,0.0008,0.1776,2.3186,0.1803,4,0.0565,0,0.0,0.5317,135246.27,135 246 RUB,Косметический
bedroom (540).jpg,bedroom,garage/indoor,0.492,0.126,0.2567,0.0356,0,0.0,0.1209,2.3186,0.744,0,0.0,0,0.0,0.6127,74094.69,74 095 RUB,Без ремонта
bedroom (541).jpg,bedroom,bow_window/indoor,0.5416,0.1419,0.1962,0.0253,0,0.0,0.1141,2.33,0.738,3,0.0005,0,0.0,0.6527,85956.14,85 956 RUB,Без ремонта
bedroom (542).jpg,bedroom,closet,0.7161,0.1238,0.2842,0.0285,0,0.0,0.1729,2.33,0.8271,2,0.0023,0,0.0,0.6955,81257.35,81 257 RUB,Без ремонта
bedroom (543).jpg,bedroom,bow_window/indoor,0.2927,0.2065,0.9411,0.0393,2,0.2583,0.1546,2.3186,0.2946,2,0.0297,2,10.6666,0.3527,146707.52,146 708 RUB,Косметический
bedroom (544).jpg,bedroom,bow_window/indoor,0.4317,0.2382,0.4295,0.0424,0,0.0,0.1802,2.3186,0.4482,1,0.0153,0,0.0,0.5353,99737.5,99 738 RUB,Косметический
bedroom (545).jpg,bedroom,nursery,0.5226,0.1466,0.8748,0.0807,1,0.0,0.1908,2.3186,0.7195,0,0.0464,0,0.0,0.4304,93494.62,93 495 RUB,Косметический
bedroom (546).jpg,bedroom,bow_window/indoor,0.4336,0.1856,0.6746,0.0488,0,0.0002,0.2015,2.3186,0.5721,1,0.0097,0,0.0,0.4613,92807.6,92 808 RUB,Косметический
bedroom (547).jpg,bedroom,playroom,0.4356,0.1716,1.0,0.1116,3,0.0017,0.1981,2.33,0.606,2,0.0457,3,18.0179,0.3521,155538.95,155 539 RUB,Косметический
bedroom (548).jpg,bedroom,childs_room,0.6982,0.1462,1.0,0.066,2,0.0,0.1772,2.31,0.7906,3,0.018,1,6.0423,0.4661,126992.85,126 993 RUB,Косметический
bedroom (549).jpg,bedroom,alcove,0.5188,0.1751,0.5359,0.0639,2,0.0001,0.1892,2.3186,0.6624,0,0.0092,2,10.6666,0.534,116143.6,116 144 RUB,Косметический
bedroom (55).jpeg,bedroom,alcove,0.4922,0.2509,0.1712,0.0191,1,0.0,0.1305,2.3186,0.4903,2,0.0281,1,5.3333,0.6417,120160.8,120 161 RUB,Косметический
bedroom (55).jpg,bedroom,childs_room,0.5368,0.2081,0.8868,0.0805,15,0.0005,0.1548,2.3186,0.6123,0,0.0558,1,5.3333,0.4326,125303.2,125 303 RUB,Косметический
bedroom (550).jpg,bedroom,bow_window/indoor,0.489,0.1855,0.3019,0.0265,1,0.0001,0.1603,2.3186,0.6206,0,0.0192,0,0.0,0.5998,88297.34,88 297 RUB,Без ремонта
bedroom (551).jpg,bedroom,closet,0.736,0.1048,0.2575,0.0188,0,0.0,0.1389,2.3333,0.8576,1,0.0081,0,0.0,0.7134,76075.13,76 075 RUB,Без ремонта
bedroom (552).jpg,bedroom,playroom,0.4887,0.203,0.8491,0.0734,3,0.0022,0.196,2.3186,0.5845,1,0.0407,2,10.6666,0.4263,136576.54,136 577 RUB,Косметический
bedroom (553).jpg,bedroom,nursery,0.4883,0.1738,1.0,0.0831,1,0.0018,0.1937,2.32,0.6441,1,0.0499,1,6.0241,0.3789,120749.86,120 750 RUB,Косметический
bedroom (554).jpg,bedroom,attic,0.6886,0.0604,0.6454,0.0258,0,0.0,0.1098,2.31,0.9122,1,0.0005,0,0.0,0.5767,75281.95,75 282 RUB,Без ремонта
bedroom (555).jpg,bedroom,alcove,0.5352,0.127,0.3167,0.0449,0,0.0001,0.1589,2.3186,0.7627,1,0.0335,0,0.0,0.6101,87487.52,87 488 RUB,Без ремонта
bedroom (556).jpg,bedroom,basement,0.7057,0.0758,0.3247,0.0292,1,0.0024,0.1324,2.33,0.8926,1,0.0029,1,6.006,0.6792,100169.23,100 169 RUB,Косметический
bedroom (557).jpg,bedroom,garage/indoor,0.5426,0.12,0.4137,0.0332,1,0.0,0.1789,2.33,0.7789,0,0.0119,0,0.0,0.5863,73436.77,73 437 RUB,Без ремонта
bedroom (558).jpg,bedroom,television_room,0.5073,0.1849,0.7774,0.0989,7,0.0,0.1846,2.33,0.6355,3,0.0804,1,6.006,0.4499,159427.79,159 428 RUB,Косметический
bedroom (559).jpg,bedroom,artists_loft,0.5586,0.1987,0.7653,0.0353,1,0.0,0.1817,2.33,0.6443,1,0.0293,0,0.0,0.4868,95346.32,95 346 RUB,Косметический
bedroom (56).jpg,bedroom,youth_hostel,0.5161,0.2556,1.0,0.0821,3,0.0039,0.1825,2.3186,0.5047,1,0.0262,3,15.9999,0.3904,145921.37,145 921 RUB,Косметический
bedroom (560).jpg,bedroom,bedroom,0.4827,0.2258,1.0,0.0581,1,0.0,0.1943,2.3186,0.5323,1,0.0449,1,5.3333,0.3815,122881.79,122 882 RUB,Косметический
bedroom (561).jpg,bedroom,alcove,0.4754,0.1717,0.1416,0.0272,0,0.0,0.1464,2.3186,0.6388,0,0.0042,0,0.0,0.6423,85245.89,85 246 RUB,Без ремонта
bedroom (562).jpg,bedroom,bow_window/indoor,0.3181,0.2028,1.0,0.0623,0,0.0306,0.1398,2.3069,0.3623,0,0.0414,0,0.0,0.3178,105997.86,105 998 RUB,Косметический
bedroom (563).jpg,bedroom,entrance_hall,0.6195,0.0894,0.3528,0.0317,0,0.0,0.1568,2.33,0.8557,1,0.0062,0,0.0,0.6356,80421.75,80 422 RUB,Без ремонта
bedroom (564).jpg,bedroom,nursery,0.4702,0.1973,1.0,0.055,3,0.0001,0.1896,2.33,0.5804,1,0.0684,3,18.0179,0.3771,151151.06,151 151 RUB,Косметический
bedroom (565).jpg,bedroom,bow_window/indoor,0.2516,0.1977,1.0,0.0553,0,0.0001,0.1449,2.3097,0.2141,1,0.0499,0,0.0,0.2896,123649.54,123 650 RUB,Косметический
bedroom (566).jpg,bedroom,bow_window/indoor,0.3993,0.1539,1.0,0.057,3,0.0,0.1468,2.3069,0.6146,0,0.0187,1,5.988,0.3483,106951.45,106 951 RUB,Косметический
bedroom (567).jpg,bedroom,television_room,0.6412,0.1608,0.9453,0.0668,7,0.0,0.1662,2.33,0.7493,2,0.0472,5,30.0298,0.4595,150469.6,150 470 RUB,Косметический
bedroom (568).jpg,bedroom,alcove,0.4124,0.1086,0.2733,0.0317,0,0.0,0.1577,2.3186,0.7368,0,0.0086,0,0.0,0.5767,78116.24,78 116 RUB,Без ремонта
bedroom (569).jpg,bedroom,bow_window/indoor,0.6641,0.1036,0.1921,0.0235,0,0.0,0.1318,2.33,0.844,2,0.0003,0,0.0,0.7033,80321.72,80 322 RUB,Без ремонта
bedroom (57).jpeg,bedroom,bow_window/indoor,0.3072,0.1457,1.0,0.0552,0,0.0,0.1345,2.3186,0.5259,1,0.0122,0,0.0,0.3119,104817.27,104 817 RUB,Косметический
bedroom (57).jpg,bedroom,nursery,0.4878,0.2946,0.4427,0.0752,4,0.0,0.1815,2.3186,0.3961,0,0.0719,3,15.9999,0.5473,149192.33,149 192 RUB,Косметический
bedroom (570).jpg,bedroom,alcove,0.4458,0.1944,0.5886,0.0371,3,0.0,0.1857,2.33,0.5639,2,0.0374,2,12.0119,0.4943,152386.59,152 387 RUB,Косметический
bedroom (571).jpg,bedroom,bedroom,0.6614,0.2045,1.0,0.0822,3,0.0,0.1722,2.3186,0.6908,3,0.0137,1,5.3333,0.4481,135318.34,135 318 RUB,Косметический
bedroom (572).jpg,bedroom,bedroom,0.4974,0.2179,1.0,0.1076,3,0.0284,0.2028,2.3267,0.562,1,0.0783,3,17.857,0.3803,150347.13,150 347 RUB,Косметический
bedroom (573).jpg,bedroom,basement,0.6015,0.17,0.6125,0.062,0,0.0,0.1662,2.33,0.7173,0,0.0229,0,0.0,0.5444,79570.65,79 571 RUB,Без ремонта
bedroom (574).jpg,bedroom,bow_window/indoor,0.675,0.2158,1.0,0.081,3,0.0001,0.1934,2.33,0.6802,1,0.0214,1,6.006,0.4538,117050.57,117 051 RUB,Косметический
bedroom (575).jpg,bedroom,bow_window/indoor,0.3817,0.1532,0.5804,0.0929,0,0.0001,0.1603,2.3186,0.5987,1,0.0051,0,0.0,0.46,97862.47,97 862 RUB,Косметический
bedroom (576).jpg,bedroom,bedchamber,0.5271,0.2316,0.3609,0.0805,0,0.0,0.2329,2.3186,0.5606,1,0.0207,0,0.0,0.5865,89802.69,89 803 RUB,Без ремонта
bedroom (577).jpg,bedroom,bow_window/indoor,0.5401,0.1155,1.0,0.0428,0,0.0,0.1734,2.33,0.7861,0,0.0174,0,0.0,0.4075,81850.62,81 851 RUB,Без ремонта
bedroom (578).jpg,bedroom,childs_room,0.3773,0.1338,0.6103,0.084,2,0.0032,0.1916,2.33,0.6454,0,0.0489,0,0.0,0.4513,101711.56,101 712 RUB,Косметический
bedroom (579).jpg,bedroom,bow_window/indoor,0.4089,0.1041,0.6344,0.032,0,0.0001,0.0848,2.3186,0.7455,1,0.0062,0,0.0,0.4668,89066.89,89 067 RUB,Без ремонта
bedroom (58).jpeg,bedroom,entrance_hall,0.6045,0.139,0.338,0.024,0,0.0003,0.1442,2.33,0.7701,3,0.0075,0,0.0,0.6356,94596.49,94 596 RUB,Косметический
bedroom (58).jpg,bedroom,recreation_room,0.4696,0.2407,0.7541,0.0829,3,0.0047,0.1778,2.3186,0.4875,1,0.0304,3,15.9999,0.4455,144840.65,144 841 RUB,Косметический
bedroom (580).jpg,bedroom,artists_loft,0.4651,0.1078,0.2336,0.024,0,0.0,0.137,2.3186,0.7681,0,0.0046,0,0.0,0.6112,77029.58,77 030 RUB,Без ремонта
bedroom (581).jpg,bedroom,basement,0.4961,0.1469,0.1356,0.0234,0,0.0,0.1577,2.3186,0.7038,0,0.0028,0,0.0,0.6531,75619.88,75 620 RUB,Без ремонта
bedroom (582).jpg,bedroom,bow_window/indoor,0.4249,0.1493,0.1846,0.0358,0,0.0093,0.1611,2.3333,0.6487,3,0.0201,0,0.0,0.6084,103842.21,103 842 RUB,Косметический
bedroom (583).jpg,bedroom,childs_room,0.4625,0.1649,1.0,0.1434,4,0.0077,0.1852,2.3069,0.6434,1,0.0585,1,5.988,0.3571,124504.37,124 504 RUB,Косметический
bedroom (584).jpg,bedroom,alcove,0.7425,0.152,1.0,0.0366,0,0.0,0.1855,2.33,0.7953,1,0.0168,0,0.0,0.4897,82700.26,82 700 RUB,Без ремонта
bedroom (585).jpg,bedroom,utility_room,0.4176,0.1761,1.0,0.0768,2,0.0022,0.1792,2.33,0.5782,0,0.1186,1,6.006,0.3519,132795.18,132 795 RUB,Косметический
bedroom (586).jpg,bedroom,childs_room,0.5543,0.1142,1.0,0.0654,23,0.0004,0.1703,2.33,0.7939,0,0.0334,5,30.0298,0.4087,155017.13,155 017 RUB,Косметический
bedroom (587).jpg,bedroom,garage/indoor,0.7011,0.0924,0.2556,0.022,0,0.0,0.135,2.33,0.8682,3,0.0057,0,0.0,0.6993,92907.23,92 907 RUB,Косметический
bedroom (588).jpg,bedroom,garage/indoor,0.5188,0.1078,0.2083,0.0316,1,0.0,0.1704,2.33,0.7921,0,0.003,0,0.0,0.6387,74471.9,74 472 RUB,Без ремонта
bedroom (589).jpg,bedroom,dorm_room,0.4333,0.1726,0.4018,0.0581,2,0.0,0.1838,2.3186,0.6018,0,0.0623,2,10.6666,0.5412,128998.57,128 999 RUB,Косметический
bedroom (59).jpeg,bedroom,bow_window/indoor,0.5865,0.1071,0.4448,0.0347,0,0.0,0.1576,2.33,0.8175,1,0.0004,0,0.0,0.5942,78215.97,78 216 RUB,Без ремонта
bedroom (59).jpg,bedroom,bedroom,0.6104,0.2588,0.7483,0.0506,4,0.0003,0.1734,2.3186,0.576,3,0.0252,3,15.9999,0.5096,157177.19,157 177 RUB,Косметический
bedroom (590).jpg,bedroom,attic,0.6019,0.123,0.7285,0.0617,0,0.0,0.1412,2.33,0.7956,1,0.0008,0,0.0,0.5099,78963.01,78 963 RUB,Без ремонта
bedroom (591).jpg,bedroom,garage/indoor,0.4986,0.1078,0.138,0.033,0,0.0,0.134,2.3186,0.7838,0,0.0323,0,0.0,0.6514,78636.3,78 636 RUB,Без ремонта
bedroom (592).jpg,bedroom,closet,0.4981,0.1079,0.1303,0.0277,0,0.0,0.1624,2.3333,0.7834,0,0.0252,0,0.0,0.6546,73666.39,73 666 RUB,Без ремонта
bedroom (593).jpg,bedroom,bow_window/indoor,0.483,0.2118,0.5674,0.0385,0,0.0,0.189,2.33,0.5615,2,0.0162,0,0.0,0.5153,97412.01,97 412 RUB,Косметический
bedroom (594).jpg,bedroom,garage/indoor,0.5259,0.1741,0.1992,0.0251,0,0.0,0.1498,2.3186,0.6689,1,0.0057,0,0.0,0.6456,81575.6,81 576 RUB,Без ремонта
bedroom (595).jpg,bedroom,dorm_room,0.537,0.1948,0.5707,0.051,4,0.0,0.1644,2.31,0.6373,1,0.0461,1,6.0423,0.5334,116822.96,116 823 RUB,Косметический
bedroom (596).jpg,bedroom,entrance_hall,0.579,0.1516,0.5028,0.0753,1,0.0,0.2064,2.33,0.7381,2,0.0483,0,0.0,0.5657,95802.12,95 802 RUB,Косметический
bedroom (599).jpg,bedroom,bow_window/indoor,0.4329,0.166,0.5112,0.0475,0,0.2433,0.1434,2.3232,0.6165,2,0.0029,0,0.0,0.5346,94765.33,94 765 RUB,Косметический
bedroom (6).jpg,bedroom,attic,0.7101,0.1268,0.1997,0.0178,0,0.0,0.1149,2.3186,0.8215,2,0.0018,0,0.0,0.7206,80062.54,80 063 RUB,Без ремонта
bedroom (60).jpeg,bedroom,attic,0.4367,0.1832,1.0,0.0485,0,0.0001,0.1451,2.3186,0.5806,2,0.0095,0,0.0,0.365,105235.23,105 235 RUB,Косметический
bedroom (60).jpg,bedroom,dorm_room,0.4388,0.1688,0.4122,0.0705,3,0.0035,0.1881,2.3186,0.6154,1,0.0919,1,5.3333,0.5381,129062.35,129 062 RUB,Косметический
bedroom (600).jpg,bedroom,bow_window/indoor,0.5969,0.1488,0.1606,0.0279,0,0.0,0.1551,2.3303,0.7508,1,0.0177,0,0.0,0.685,81301.58,81 302 RUB,Без ремонта
bedroom (601).jpg,bedroom,attic,0.684,0.124,0.2954,0.0188,0,0.0,0.1676,2.3186,0.8187,3,0.006,0,0.0,0.6812,94288.16,94 288 RUB,Косметический
bedroom (602).jpg,bedroom,basement,0.7993,0.0961,0.1172,0.0186,0,0.0,0.1316,2.3069,0.8798,2,0.0,0,0.0,0.7808,77463.93,77 464 RUB,Без ремонта
bedroom (603).jpg,bedroom,childs_room,0.6038,0.1168,0.8309,0.0587,4,0.0,0.1431,2.33,0.8066,0,0.0397,3,18.0179,0.4805,129516.96,129 517 RUB,Косметический
bedroom (604).jpg,bedroom,dorm_room,0.4508,0.2678,1.0,0.1049,21,0.01,0.1925,2.3186,0.4058,0,0.1408,3,15.9999,0.3603,173428.89,173 429 RUB,Капитальный
bedroom (606).jpg,bedroom,alcove,0.6151,0.0514,0.1158,0.0211,0,0.0,0.1216,2.33,0.9164,0,0.0001,0,0.0,0.7071,67933.6,67 934 RUB,Без ремонта
bedroom (607).jpg,bedroom,bow_window/indoor,0.5359,0.1639,0.5731,0.0504,0,0.0,0.1602,2.3186,0.6942,0,0.0946,0,0.0,0.5324,95494.42,95 494 RUB,Косметический
bedroom (608).jpg,bedroom,bow_window/indoor,0.4868,0.1334,0.9904,0.0483,1,0.003,0.1462,2.3069,0.7261,0,0.0136,0,0.0,0.3883,84798.28,84 798 RUB,Без ремонта
bedroom (609).jpg,bedroom,bow_window/indoor,0.4975,0.1093,0.2264,0.0336,0,0.0,0.1522,2.32,0.7803,0,0.0061,0,0.0,0.6244,76708.93,76 709 RUB,Без ремонта
bedroom (61).jpeg,bedroom,bow_window/indoor,0.4081,0.2221,0.2804,0.0289,0,0.0,0.1622,2.3186,0.4559,2,0.0273,0,0.0,0.5734,104608.07,104 608 RUB,Косметический
bedroom (61).jpg,bedroom,bow_window/indoor,0.5822,0.1088,0.1506,0.0358,0,0.0037,0.1292,2.3186,0.813,1,0.0086,0,0.0,0.6809,77138.56,77 139 RUB,Без ремонта
bedroom (610).jpg,bedroom,bow_window/indoor,0.5469,0.2093,0.3817,0.0392,0,0.0,0.1672,2.3097,0.6173,4,0.0061,0,0.0,0.5964,111266.96,111 267 RUB,Косметический
bedroom (611).jpg,bedroom,basement,0.5361,0.1621,1.0,0.0606,0,0.0013,0.179,2.33,0.6976,0,0.0357,0,0.0,0.4025,87865.85,87 866 RUB,Без ремонта
bedroom (615).jpg,bedroom,bedroom,0.5605,0.1254,1.0,0.0486,3,0.0003,0.1367,2.3069,0.7763,0,0.0425,3,17.964,0.4145,128213.2,128 213 RUB,Косметический
bedroom (616).jpg,bedroom,bow_window/indoor,0.8071,0.1255,1.0,0.0657,0,0.0,0.1265,2.33,0.8445,2,0.0081,0,0.0,0.5097,91576.06,91 576 RUB,Косметический
bedroom (617).jpg,bedroom,bedroom,0.6489,0.1654,0.5026,0.0451,4,0.0,0.1786,2.32,0.7451,1,0.0158,3,18.0722,0.5998,125645.49,125 645 RUB,Косметический
bedroom (618).jpg,bedroom,youth_hostel,0.3404,0.2123,1.0,0.07,1,0.0,0.1852,2.3186,0.3762,1,0.0225,1,5.3333,0.3222,123331.33,123 331 RUB,Косметический
bedroom (619).jpg,bedroom,bedroom,0.5304,0.1895,1.0,0.1129,6,0.0007,0.2286,2.3186,0.6427,2,0.0422,3,15.9999,0.3896,162352.47,162 352 RUB,Косметический
bedroom (62).jpeg,bedroom,bedroom,0.3435,0.2259,0.5256,0.0397,3,0.0,0.1953,2.3186,0.3424,1,0.0307,2,10.6666,0.4718,140782.27,140 782 RUB,Косметический
bedroom (620).jpg,bedroom,nursery,0.4622,0.1841,0.2812,0.0561,4,0.0,0.1768,2.31,0.6017,1,0.0616,3,18.1268,0.5893,138774.03,138 774 RUB,Косметический
bedroom (621).jpg,bedroom,bow_window/indoor,0.3478,0.1573,0.1706,0.0187,0,0.0008,0.1373,2.3333,0.5479,0,0.0174,0,0.0,0.5843,85244.88,85 245 RUB,Без ремонта
bedroom (622).jpg,bedroom,childs_room,0.622,0.1735,0.9696,0.067,3,0.0203,0.1761,2.32,0.721,2,0.0261,1,6.0241,0.4466,128140.71,128 141 RUB,Косметический
bedroom (623).jpg,bedroom,bow_window/indoor,0.4956,0.1676,0.352,0.0572,0,0.0093,0.1465,2.3186,0.6619,3,0.0001,0,0.0,0.5822,105023.09,105 023 RUB,Косметический
bedroom (624).jpg,bedroom,bedroom,0.3775,0.2062,1.0,0.0759,3,0.0001,0.1449,2.3186,0.4538,0,0.0462,3,15.9999,0.3358,144726.53,144 727 RUB,Косметический
bedroom (625).jpg,bedroom,bedroom,0.5007,0.2451,0.3259,0.0495,6,0.0,0.1673,2.3186,0.5105,0,0.0294,6,31.9998,0.5926,146568.9,146 569 RUB,Косметический
bedroom (626).jpg,bedroom,closet,0.5043,0.0803,0.2675,0.0289,0,0.0003,0.1256,2.3186,0.8408,0,0.0166,0,0.0,0.6157,77861.67,77 862 RUB,Без ремонта
bedroom (627).jpg,bedroom,bedroom,0.393,0.187,1.0,0.1323,4,0.0,0.2074,2.33,0.5242,0,0.1038,3,18.0179,0.3307,159028.33,159 028 RUB,Косметический
bedroom (628).jpg,bedroom,bow_window/indoor,0.4487,0.1676,0.2629,0.0384,0,0.0,0.1554,2.3186,0.6266,1,0.012,0,0.0,0.593,89745.33,89 745 RUB,Без ремонта
bedroom (629).jpg,bedroom,basement,0.5181,0.1406,0.4795,0.037,0,0.0,0.1708,2.3258,0.7287,0,0.0248,0,0.0,0.556,80012.19,80 012 RUB,Без ремонта
bedroom (63).jpeg,bedroom,basement,0.422,0.0977,0.1005,0.021,0,0.0,0.1252,2.3186,0.7684,0,0.0047,0,0.0,0.6344,74448.17,74 448 RUB,Без ремонта
bedroom (63).jpg,bedroom,bow_window/indoor,0.5843,0.2864,0.2652,0.0251,0,0.0003,0.1393,2.3186,0.5098,0,0.0022,0,0.0,0.6492,84656.69,84 657 RUB,Без ремонта
bedroom (631).jpg,bedroom,artists_loft,0.3017,0.1881,0.5555,0.042,0,0.0,0.1446,2.3186,0.3765,0,0.0066,0,0.0,0.4457,97745.48,97 745 RUB,Косметический
bedroom (632).jpg,bedroom,bedroom,0.607,0.2003,1.0,0.1402,23,0.0005,0.2065,2.31,0.67,2,0.1091,4,24.169,0.4148,185947.93,185 948 RUB,Капитальный
bedroom (633).jpg,bedroom,attic,0.6107,0.2004,0.4762,0.0563,0,0.0,0.2084,2.3333,0.6719,6,0.0178,0,0.0,0.5902,118597.44,118 597 RUB,Косметический
bedroom (635).jpg,bedroom,bedroom,0.657,0.195,1.0,0.0686,1,0.0,0.1613,2.3267,0.7031,4,0.0524,1,5.9523,0.4491,139017.91,139 018 RUB,Косметический
bedroom (636).jpg,bedroom,television_room,0.4217,0.2146,1.0,0.0856,0,0.0029,0.1987,2.32,0.491,0,0.0273,0,0.0,0.3519,95865.51,95 866 RUB,Косметический
bedroom (637).jpg,bedroom,bedroom,0.4664,0.1883,1.0,0.1626,1,0.0,0.1774,2.33,0.5962,1,0.0938,1,6.006,0.354,136500.59,136 501 RUB,Косметический
bedroom (639).jpg,bedroom,bow_window/indoor,0.3776,0.1981,0.3832,0.0554,1,0.0037,0.1672,2.3303,0.4753,1,0.0169,0,0.0,0.5253,100102.34,100 102 RUB,Косметический
bedroom (64).jpeg,bedroom,basement,0.7167,0.0922,0.094,0.0129,0,0.0,0.1284,2.33,0.8713,1,0.0,0,0.0,0.7559,70070.87,70 071 RUB,Без ремонта
bedroom (64).jpg,bedroom,shower,0.6018,0.1657,0.4438,0.0495,1,0.0,0.1423,2.3186,0.7247,0,0.0222,0,0.0,0.5977,80759.85,80 760 RUB,Без ремонта
bedroom (640).jpg,bedroom,attic,0.6123,0.0888,0.1082,0.0105,0,0.0,0.1281,2.32,0.8551,1,0.0017,0,0.0,0.7103,78306.01,78 306 RUB,Без ремонта
bedroom (641).jpg,bedroom,attic,0.7123,0.1727,0.4285,0.0221,0,0.0,0.1757,2.33,0.7575,2,0.0063,0,0.0,0.652,87298.12,87 298 RUB,Без ремонта
bedroom (642).jpg,bedroom,attic,0.7237,0.1087,0.3179,0.0165,1,0.0,0.1156,2.33,0.8498,2,0.0085,0,0.0,0.6908,83124.26,83 124 RUB,Без ремонта
bedroom (643).jpg,bedroom,alcove,0.6985,0.1351,1.0,0.1378,1,0.0003,0.1636,2.3186,0.8066,3,0.0236,0,0.0,0.4519,107814.06,107 814 RUB,Косметический
bedroom (644).jpg,bedroom,bow_window/indoor,0.5415,0.106,0.7622,0.0272,1,0.0002,0.1188,2.33,0.8043,0,0.0039,0,0.0,0.4825,79278.67,79 279 RUB,Без ремонта
bedroom (645).jpg,bedroom,bow_window/indoor,0.5366,0.1186,0.9387,0.0251,0,0.0,0.1267,2.33,0.779,0,0.0057,0,0.0,0.428,78592.27,78 592 RUB,Без ремонта
bedroom (646).jpg,bedroom,nursery,0.4685,0.1965,1.0,0.0571,5,0.0,0.1655,2.3186,0.5807,1,0.0799,5,26.6665,0.376,155788.12,155 788 RUB,Косметический
bedroom (647).jpg,bedroom,bedroom,0.5149,0.2437,0.2116,0.0349,3,0.0006,0.2069,2.3186,0.5266,1,0.0108,2,10.6666,0.6356,127874.2,127 874 RUB,Косметический
bedroom (648).jpg,bedroom,bow_window/indoor,0.6937,0.0961,0.4564,0.0508,0,0.0,0.1332,2.3069,0.8615,4,0.0007,0,0.0,0.6304,98576.85,98 577 RUB,Косметический
bedroom (649).jpg,bedroom,bow_window/indoor,0.538,0.1233,1.0,0.0441,0,0.0002,0.1359,2.3097,0.7709,2,0.0031,0,0.0,0.4064,91722.43,91 722 RUB,Косметический
bedroom (65).jpeg,bedroom,bedroom,0.4729,0.183,1.0,0.083,6,0.0002,0.214,2.32,0.613,0,0.0794,6,36.1444,0.3726,161289.12,161 289 RUB,Косметический
bedroom (65).jpg,bedroom,playroom,0.6751,0.1667,0.7335,0.0767,5,0.0008,0.1789,2.3186,0.753,0,0.0328,1,5.3333,0.5347,113269.1,113 269 RUB,Косметический
bedroom (650).jpg,bedroom,nursery,0.5907,0.138,1.0,0.0829,4,0.0004,0.1842,2.3069,0.7663,1,0.0236,4,23.952,0.4198,138406.44,138 406 RUB,Косметический
bedroom (651).jpg,bedroom,elevator_lobby,0.4364,0.1799,1.0,0.1174,4,0.0,0.1869,2.3333,0.5878,0,0.0403,2,12.0481,0.3511,145932.89,145 933 RUB,Косметический
bedroom (652).jpg,bedroom,bow_window/indoor,0.451,0.1395,0.107,0.0308,0,0.0001,0.1194,2.3186,0.6908,2,0.0111,0,0.0,0.6421,91539.04,91 539 RUB,Косметический
bedroom (654).jpg,bedroom,basement,0.6151,0.1967,0.1051,0.0132,0,0.0,0.1974,2.3333,0.6803,1,0.0115,0,0.0,0.7119,83913.73,83 914 RUB,Без ремонта
bedroom (655).jpg,bedroom,basement,0.5618,0.1308,0.6882,0.0381,0,0.0,0.1486,2.3186,0.7671,1,0.005,0,0.0,0.5106,80988.36,80 988 RUB,Без ремонта
bedroom (657).jpg,bedroom,basement,0.7236,0.0954,0.5947,0.0512,0,0.0,0.1398,2.33,0.8682,4,0.0005,0,0.0,0.6008,97846.31,97 846 RUB,Косметический
bedroom (658).jpg,bedroom,bow_window/indoor,0.5023,0.2868,1.0,0.2127,8,0.0002,0.1912,2.3232,0.429,1,0.0304,5,30.395,0.3584,166114.49,166 114 RUB,Косметический
bedroom (659).jpg,bedroom,bedroom,0.5996,0.1763,0.7037,0.0688,2,0.0,0.1686,2.33,0.706,1,0.038,2,12.0119,0.515,134746.82,134 747 RUB,Косметический
bedroom (66).jpeg,bedroom,television_room,0.5526,0.1767,1.0,0.0708,5,0.0,0.2034,2.32,0.6802,2,0.0712,4,24.0962,0.4069,160196.73,160 197 RUB,Косметический
bedroom (66).jpg,bedroom,bedroom,0.6144,0.2329,0.6471,0.0804,5,0.0,0.1667,2.3186,0.6209,0,0.0125,5,26.6665,0.5355,131154.11,131 154 RUB,Косметический
bedroom (660).jpg,bedroom,home_theater,0.6195,0.2263,0.1301,0.0289,2,0.0,0.1694,2.3186,0.6347,1,0.005,2,10.6666,0.703,126174.15,126 174 RUB,Косметический
bedroom (661).jpg,bedroom,childs_room,0.4442,0.2291,0.9799,0.0956,8,0.0001,0.2074,2.33,0.4843,1,0.0492,3,18.0179,0.3646,163763.27,163 763 RUB,Косметический
bedroom (662).jpg,bedroom,bow_window/indoor,0.4369,0.1423,1.0,0.0904,0,0.0234,0.1619,2.33,0.6743,0,0.0519,0,0.0,0.359,99505.96,99 506 RUB,Косметический
bedroom (663).jpg,bedroom,bow_window/indoor,0.5845,0.1465,0.6947,0.0777,0,0.0067,0.1932,2.3186,0.7494,1,0.005,0,0.0,0.5105,85835.95,85 836 RUB,Без ремонта
bedroom (664).jpg,bedroom,entrance_hall,0.5589,0.2461,1.0,0.0884,0,0.0,0.1711,2.31,0.5597,1,0.0277,0,0.0,0.4059,99864.4,99 864 RUB,Косметический
bedroom (665).jpg,bedroom,bedroom,0.5146,0.1597,0.2335,0.044,2,0.0,0.1557,2.32,0.6897,0,0.0328,1,6.0241,0.627,107011.96,107 012 RUB,Косметический
bedroom (666).jpg,bedroom,bedroom,0.6327,0.1576,0.507,0.0833,3,0.0043,0.2163,2.33,0.7509,4,0.0402,2,12.0119,0.5848,152125.26,152 125 RUB,Косметический
bedroom (667).jpg,bedroom,bedroom,0.7727,0.1689,1.0,0.0663,1,0.0001,0.1469,2.33,0.7814,2,0.025,1,6.006,0.4958,113553.74,113 554 RUB,Косметический
bedroom (668).jpg,bedroom,bow_window/indoor,0.5548,0.1498,0.4256,0.0407,0,0.0,0.1574,2.3333,0.7299,1,0.008,0,0.0,0.5861,78317.03,78 317 RUB,Без ремонта
bedroom (669).jpg,bedroom,bow_window/indoor,0.5628,0.1808,1.0,0.1105,0,0.0006,0.1687,2.33,0.6788,5,0.0113,0,0.0,0.4031,123835.36,123 835 RUB,Косметический
bedroom (67).jpeg,bedroom,bow_window/indoor,0.3621,0.2324,1.0,0.0819,0,0.0237,0.1682,2.3186,0.3581,1,0.0351,0,0.0,0.3308,116996.84,116 997 RUB,Косметический
bedroom (67).jpg,bedroom,bedroom,0.5853,0.2317,0.9491,0.0915,6,0.0072,0.1831,2.3186,0.6042,1,0.0362,4,21.3332,0.4318,151163.29,151 163 RUB,Косметический
bedroom (673).jpg,bedroom,bow_window/indoor,0.5383,0.1476,0.0985,0.0114,0,0.0,0.0953,2.3186,0.7259,1,0.0,0,0.0,0.6835,74864.47,74 864 RUB,Без ремонта
bedroom (676).jpg,bedroom,childs_room,0.6119,0.206,1.0,0.0796,4,0.0002,0.198,2.32,0.6633,1,0.0297,3,18.0722,0.4289,144163.13,144 163 RUB,Косметический
bedroom (677).jpg,bedroom,bow_window/indoor,0.4523,0.1645,1.0,0.0887,0,0.0005,0.1657,2.33,0.6364,0,0.0372,0,0.0,0.3632,95771.15,95 771 RUB,Косметический
bedroom (678).jpg,bedroom,bedroom,0.3987,0.2005,0.6094,0.0836,2,0.0,0.1943,2.33,0.4971,0,0.0339,1,6.006,0.46,118805.56,118 806 RUB,Косметический
bedroom (679).jpg,bedroom,hotel_room,0.5027,0.2469,1.0,0.0452,6,0.0,0.1767,2.3186,0.5087,1,0.0777,3,15.9999,0.392,158072.4,158 072 RUB,Косметический
bedroom (68).jpeg,bedroom,bow_window/indoor,0.5996,0.15,0.2645,0.0431,0,0.0,0.1524,2.31,0.7498,2,0.0237,0,0.0,0.6519,85936.75,85 937 RUB,Без ремонта
bedroom (68).jpg,bedroom,attic,0.6236,0.1453,0.1457,0.0158,0,0.0,0.1522,2.3186,0.767,0,0.0003,0,0.0,0.7026,69106.76,69 107 RUB,Без ремонта
bedroom (680).jpg,bedroom,attic,0.5002,0.1472,0.3723,0.0375,0,0.0,0.1614,2.3131,0.7057,0,0.0074,0,0.0,0.5809,77306.16,77 306 RUB,Без ремонта
bedroom (681).jpg,bedroom,bedroom,0.7424,0.1638,0.3585,0.0259,1,0.0,0.1454,2.3333,0.7794,3,0.0124,1,5.0,0.6842,95313.29,95 313 RUB,Косметический
bedroom (682).jpg,bedroom,bedchamber,0.3689,0.1508,1.0,0.1455,5,0.0,0.1863,2.32,0.5911,0,0.1534,4,24.0962,0.3185,173905.69,173 906 RUB,Капитальный
bedroom (683).jpg,bedroom,gymnasium/indoor,0.5141,0.1822,0.8492,0.0674,4,0.0065,0.1585,2.31,0.6457,2,0.0785,2,12.0845,0.4381,153993.04,153 993 RUB,Косметический
bedroom (684).jpg,bedroom,basement,0.5996,0.1446,0.2133,0.0299,0,0.0,0.1559,2.3063,0.7589,1,0.0035,0,0.0,0.6699,78057.42,78 057 RUB,Без ремонта
bedroom (685).jpg,bedroom,attic,0.396,0.1405,0.921,0.027,1,0.0,0.1257,2.33,0.6451,1,0.0295,0,0.0,0.3767,104258.9,104 259 RUB,Косметический
bedroom (686).jpg,bedroom,attic,0.7039,0.0715,0.0779,0.0132,0,0.0,0.0979,2.33,0.8984,1,0.0,0,0.0,0.7555,68668.95,68 669 RUB,Без ремонта
bedroom (687).jpg,bedroom,childs_room,0.7325,0.2133,1.0,0.1098,3,0.0014,0.2043,2.3186,0.7088,1,0.0582,2,10.6666,0.4712,135139.75,135 140 RUB,Косметический
bedroom (688).jpg,bedroom,bedroom,0.4742,0.2519,1.0,0.0653,2,0.0416,0.2046,2.33,0.4687,2,0.0461,1,6.006,0.3808,135544.9,135 545 RUB,Косметический
bedroom (689).jpg,bedroom,bow_window/indoor,0.5676,0.1162,0.4867,0.0416,1,0.0,0.1455,2.32,0.7953,0,0.0008,0,0.0,0.5727,73535.39,73 535 RUB,Без ремонта
bedroom (69).jpeg,bedroom,bow_window/indoor,0.5527,0.1212,0.2624,0.0368,0,0.0013,0.1671,2.32,0.7807,1,0.005,0,0.0,0.6351,78302.6,78 303 RUB,Без ремонта
bedroom (69).jpg,bedroom,bow_window/indoor,0.4462,0.224,1.0,0.089,0,0.0027,0.157,2.3186,0.4979,0,0.0195,0,0.0,0.361,93607.39,93 607 RUB,Косметический
bedroom (690).jpg,bedroom,basement,0.3576,0.2058,0.2225,0.0141,0,0.0004,0.16,2.3333,0.4244,0,0.0062,0,0.0,0.5735,92450.83,92 451 RUB,Косметический
bedroom (691).jpg,bedroom,corridor,0.4647,0.2136,0.118,0.0233,3,0.0,0.1769,2.31,0.5404,1,0.0373,0,0.0,0.6458,109947.27,109 947 RUB,Косметический
bedroom (692).jpg,bedroom,attic,0.6267,0.0945,0.2512,0.0234,0,0.0,0.1623,2.33,0.8492,2,0.0008,0,0.0,0.6706,79133.69,79 134 RUB,Без ремонта
bedroom (696).jpg,bedroom,basement,0.7324,0.1226,0.1804,0.0195,0,0.0,0.1382,2.32,0.8326,3,0.0007,0,0.0,0.735,87460.98,87 461 RUB,Без ремонта
bedroom (697).jpg,bedroom,basement,0.7675,0.0777,0.0647,0.0146,0,0.0,0.1192,2.32,0.8987,3,0.0,0,0.0,0.7847,83011.36,83 011 RUB,Без ремонта
bedroom (699).jpg,bedroom,youth_hostel,0.3911,0.1761,0.2974,0.0536,1,0.0,0.1845,2.3333,0.5499,1,0.0177,1,6.006,0.5565,110718.43,110 718 RUB,Косметический
bedroom (7).jpeg,bedroom,bow_window/indoor,0.64,0.0852,1.0,0.0456,0,0.0,0.1471,2.3235,0.8669,0,0.0111,0,0.0,0.4469,77785.6,77 786 RUB,Без ремонта
bedroom (7).jpg,bedroom,bow_window/indoor,0.6843,0.2166,0.5493,0.0426,0,0.0001,0.1563,2.3186,0.6834,2,0.0078,0,0.0,0.6004,90182.16,90 182 RUB,Косметический
bedroom (70).jpeg,bedroom,bedroom,0.4171,0.2156,1.0,0.1222,12,0.0016,0.1968,2.33,0.4832,1,0.1968,2,12.0119,0.3426,191175.08,191 175 RUB,Капитальный
bedroom (70).jpg,bedroom,entrance_hall,0.535,0.2055,0.8673,0.0705,0,0.0,0.188,2.3186,0.6158,0,0.0112,0,0.0,0.4397,84804.28,84 804 RUB,Без ремонта
bedroom (700).jpg,bedroom,bedroom,0.4343,0.2394,0.8665,0.042,2,0.0,0.1763,2.32,0.4488,2,0.0468,2,12.0481,0.4054,156893.66,156 894 RUB,Косметический
bedroom (701).jpg,bedroom,dining_room,0.5451,0.1649,1.0,0.1058,3,0.0194,0.1814,2.31,0.6975,0,0.0706,3,18.1268,0.3988,139296.05,139 296 RUB,Косметический
bedroom (702).jpg,bedroom,bedroom,0.5431,0.2226,1.0,0.0867,5,0.0,0.1785,2.3186,0.5901,1,0.1264,4,21.3332,0.3999,168606.14,168 606 RUB,Косметический
bedroom (703).jpg,bedroom,basement,0.4858,0.1558,0.2657,0.0298,0,0.0,0.1622,2.3069,0.6792,0,0.0212,0,0.0,0.6087,77601.35,77 601 RUB,Без ремонта
bedroom (704).jpg,bedroom,attic,0.5463,0.1427,0.1784,0.0247,1,0.0,0.1477,2.31,0.7388,0,0.0076,0,0.0,0.66,70538.52,70 539 RUB,Без ремонта
bedroom (705).jpg,bedroom,attic,0.5209,0.1988,1.0,0.1327,2,0.0007,0.2068,2.33,0.6184,0,0.0926,2,12.0119,0.3819,146391.87,146 392 RUB,Косметический
bedroom (706).jpg,bedroom,bow_window/indoor,0.6162,0.1232,0.7526,0.0634,0,0.0,0.155,2.33,0.8001,5,0.0013,0,0.0,0.508,103279.53,103 280 RUB,Косметический
bedroom (707).jpg,bedroom,bedroom,0.5985,0.2635,0.6756,0.0399,2,0.0009,0.1333,2.3186,0.5597,0,0.0336,1,5.3333,0.5289,109785.95,109 786 RUB,Косметический
bedroom (708).jpg,bedroom,bow_window/indoor,0.5639,0.2288,1.0,0.0717,0,0.0,0.1673,2.3186,0.5943,2,0.0029,0,0.0,0.4112,101361.93,101 362 RUB,Косметический
bedroom (709).jpg,bedroom,alcove,0.2453,0.181,0.4847,0.0291,2,0.0,0.1581,2.3186,0.262,1,0.0197,0,0.0,0.4469,116919.97,116 920 RUB,Косметический
bedroom (71).jpeg,bedroom,attic,0.522,0.1634,0.1382,0.0218,0,0.0,0.1464,2.3186,0.6869,0,0.0203,0,0.0,0.663,77605.09,77 605 RUB,Без ремонта
bedroom (71).jpg,bedroom,artists_loft,0.6881,0.1682,0.4365,0.0328,1,0.0,0.132,2.3186,0.7555,2,0.0102,0,0.0,0.6377,92613.78,92 614 RUB,Косметический
bedroom (710).jpg,bedroom,alcove,0.4131,0.1389,0.1513,0.025,0,0.0,0.1284,2.3186,0.6637,0,0.0263,0,0.0,0.6148,82573.96,82 574 RUB,Без ремонта
bedroom (711).jpg,bedroom,entrance_hall,0.6566,0.1404,0.5366,0.0538,0,0.0,0.1837,2.33,0.7862,1,0.0071,0,0.0,0.5909,80635.6,80 636 RUB,Без ремонта
bedroom (712).jpg,bedroom,basement,0.388,0.1778,0.1542,0.0134,1,0.0,0.1724,2.3186,0.5416,1,0.0082,1,5.3333,0.6062,109625.14,109 625 RUB,Косметический
bedroom (713).jpg,bedroom,bedroom,0.4486,0.2553,1.0,0.1053,2,0.0,0.1952,2.33,0.4309,0,0.0557,2,12.0119,0.3584,144627.73,144 628 RUB,Косметический
bedroom (714).jpg,bedroom,basement,0.5702,0.152,0.1444,0.0313,0,0.0,0.1203,2.3186,0.7334,3,0.0,0,0.0,0.6785,88888.8,88 889 RUB,Без ремонта
bedroom (715).jpg,bedroom,basement,0.5922,0.1015,0.091,0.013,0,0.0,0.1121,2.33,0.8285,1,0.0,0,0.0,0.707,72877.41,72 877 RUB,Без ремонта
bedroom (716).jpg,bedroom,bedroom,0.3887,0.1888,1.0,0.1017,2,0.0,0.1836,2.3186,0.5144,1,0.1533,2,10.6666,0.3352,172236.42,172 236 RUB,Капитальный
bedroom (717).jpg,bedroom,alcove,0.5877,0.1518,0.2639,0.0165,0,0.0,0.1312,2.33,0.7416,0,0.0185,0,0.0,0.6526,75261.07,75 261 RUB,Без ремонта
bedroom (718).jpg,bedroom,bow_window/indoor,0.5795,0.1372,0.8148,0.044,0,0.0,0.1492,2.33,0.7632,2,0.0086,0,0.0,0.4786,88910.72,88 911 RUB,Без ремонта
bedroom (719).jpg,bedroom,attic,0.7074,0.0912,0.2104,0.0149,0,0.0,0.1463,2.31,0.871,2,0.0002,0,0.0,0.7169,74058.68,74 059 RUB,Без ремонта
bedroom (72).jpeg,bedroom,bow_window/indoor,0.3339,0.1989,0.3933,0.0255,0,0.0,0.1601,2.3186,0.4043,1,0.0122,0,0.0,0.5105,98323.33,98 323 RUB,Косметический
bedroom (72).jpg,bedroom,alcove,0.6258,0.3577,0.2855,0.0196,2,0.0079,0.1365,2.3186,0.4285,1,0.0077,1,5.3333,0.6615,113495.68,113 496 RUB,Косметический
bedroom (720).jpg,bedroom,alcove,0.5013,0.2334,0.3653,0.0175,0,0.0004,0.1456,2.3097,0.5345,1,0.0121,0,0.0,0.5875,90767.25,90 767 RUB,Косметический
bedroom (721).jpg,bedroom,closet,0.502,0.1347,0.0712,0.0177,1,0.0,0.1636,2.3186,0.7317,0,0.0093,0,0.0,0.6759,75052.04,75 052 RUB,Без ремонта
bedroom (722).jpg,bedroom,bedroom,0.5312,0.2109,1.0,0.1227,3,0.0009,0.1934,2.32,0.6029,2,0.1161,3,18.0722,0.388,170456.08,170 456 RUB,Капитальный
bedroom (723).jpg,bedroom,bow_window/indoor,0.5999,0.1361,0.6586,0.0402,0,0.0,0.1569,2.3265,0.7732,1,0.0023,0,0.0,0.5344,78175.44,78 175 RUB,Без ремонта
bedroom (724).jpg,bedroom,bow_window/indoor,0.4832,0.1917,0.1762,0.0317,0,0.0,0.1473,2.3186,0.6033,2,0.0015,0,0.0,0.6341,92352.42,92 352 RUB,Косметический
bedroom (725).jpg,bedroom,bedchamber,0.6567,0.2322,1.0,0.0813,2,0.0,0.1957,2.32,0.6465,4,0.0347,1,6.0241,0.4464,142206.81,142 207 RUB,Косметический
bedroom (726).jpg,bedroom,basement,0.4224,0.1413,0.2897,0.0289,0,0.0,0.1581,2.3186,0.6655,0,0.0233,0,0.0,0.5763,84205.78,84 206 RUB,Без ремонта
bedroom (728).jpg,bedroom,television_room,0.5195,0.1336,1.0,0.1008,5,0.0,0.1817,2.33,0.7427,1,0.0211,3,18.0179,0.3876,137075.27,137 075 RUB,Косметический
bedroom (729).jpg,bedroom,bedroom,0.442,0.2004,1.0,0.0848,2,0.0,0.1523,2.32,0.5465,0,0.1163,2,12.0481,0.3598,154633.55,154 634 RUB,Косметический
bedroom (73).jpeg,bedroom,bow_window/indoor,0.3244,0.1973,0.9249,0.0742,0,0.0019,0.1558,2.3333,0.3919,2,0.0179,0,0.0,0.3377,111983.32,111 983 RUB,Косметический
bedroom (73).jpg,bedroom,attic,0.649,0.1573,0.4306,0.0385,0,0.0,0.1445,2.3186,0.7576,0,0.0298,0,0.0,0.6227,80672.45,80 672 RUB,Без ремонта
bedroom (730).jpg,bedroom,basement,0.5108,0.1384,0.3262,0.0262,0,0.0,0.1627,2.33,0.7291,1,0.0083,0,0.0,0.6012,83515.42,83 515 RUB,Без ремонта
bedroom (731).jpg,bedroom,bedroom,0.5769,0.1788,1.0,0.1485,1,0.0001,0.1647,2.3186,0.6901,3,0.0512,1,5.3333,0.4011,131705.25,131 705 RUB,Косметический
bedroom (732).jpg,bedroom,closet,0.4908,0.0854,0.2153,0.0284,0,0.0,0.1095,2.3186,0.8261,0,0.0228,0,0.0,0.6261,76697.88,76 698 RUB,Без ремонта
bedroom (733).jpg,bedroom,youth_hostel,0.5414,0.2151,0.9004,0.0658,5,0.0,0.1992,2.3186,0.6028,2,0.0413,4,21.3332,0.4333,156878.03,156 878 RUB,Косметический
bedroom (734).jpg,bedroom,television_room,0.7293,0.1505,0.9908,0.0544,2,0.0001,0.1472,2.31,0.7936,5,0.0149,2,12.0845,0.4836,152343.6,152 344 RUB,Косметический
bedroom (735).jpg,bedroom,closet,0.5467,0.1275,1.0,0.0531,1,0.0,0.1458,2.33,0.7668,0,0.0293,0,0.0,0.4081,82264.29,82 264 RUB,Без ремонта
bedroom (736).jpg,bedroom,garage/indoor,0.5628,0.1085,0.626,0.0398,0,0.0,0.1372,2.33,0.8071,1,0.0003,0,0.0,0.5294,79740.4,79 740 RUB,Без ремонта
bedroom (737).jpg,bedroom,bow_window/indoor,0.5583,0.1998,1.0,0.0805,0,0.0005,0.1673,2.32,0.6422,1,0.0084,0,0.0,0.4073,96094.9,96 095 RUB,Косметический
bedroom (739).jpg,bedroom,bedroom,0.4732,0.2603,1.0,0.1186,1,0.0001,0.207,2.32,0.4499,2,0.0372,1,6.0241,0.3656,136552.03,136 552 RUB,Косметический
bedroom (74).jpeg,bedroom,alcove,0.3808,0.1784,0.2253,0.0179,1,0.0,0.1576,2.3333,0.5315,0,0.0159,1,5.9701,0.5811,105046.6,105 047 RUB,Косметический
bedroom (74).jpg,bedroom,recreation_room,0.607,0.1907,0.6948,0.0671,2,0.0,0.1833,2.3186,0.6858,1,0.0243,2,10.6666,0.521,125965.12,125 965 RUB,Косметический
bedroom (740).jpg,bedroom,bedroom,0.49,0.2437,1.0,0.0825,2,0.0,0.1875,2.3163,0.5026,1,0.0946,2,12.3076,0.3795,158168.83,158 169 RUB,Косметический
bedroom (742).jpg,bedroom,nursery,0.5239,0.1378,1.0,0.0901,1,0.0001,0.1583,2.33,0.7369,0,0.0306,1,6.006,0.3915,112555.14,112 555 RUB,Косметический
bedroom (743).jpg,bedroom,office,0.6896,0.2471,0.9497,0.032,1,0.0,0.1554,2.3333,0.6416,1,0.0255,1,5.3333,0.4845,106393.18,106 393 RUB,Косметический
bedroom (744).jpg,bedroom,closet,0.521,0.2076,0.3142,0.0278,0,0.0,0.172,2.3186,0.6015,1,0.0242,0,0.0,0.6086,90684.89,90 685 RUB,Косметический
bedroom (745).jpg,bedroom,bedroom,0.5398,0.1795,0.7696,0.0775,2,0.0,0.2026,2.33,0.6674,0,0.0439,2,12.0119,0.4696,135564.02,135 564 RUB,Косметический
bedroom (746).jpg,bedroom,alcove,0.4092,0.1946,0.2827,0.0349,0,0.0,0.1848,2.3173,0.5244,0,0.044,0,0.0,0.5719,89345.9,89 346 RUB,Без ремонта
bedroom (747).jpg,bedroom,bedchamber,0.3781,0.2866,0.484,0.0687,8,0.2784,0.189,2.3333,0.242,1,0.0229,4,29.6294,0.5202,168221.86,168 222 RUB,Косметический
bedroom (748).jpg,bedroom,bow_window/indoor,0.5895,0.1116,0.2594,0.0298,0,0.0,0.1133,2.3186,0.8106,2,0.0003,0,0.0,0.652,79788.76,79 789 RUB,Без ремонта
bedroom (749).jpg,bedroom,dining_room,0.4542,0.2237,1.0,0.1176,9,0.0004,0.1858,2.3186,0.5075,1,0.1515,7,37.3331,0.3582,185281.31,185 281 RUB,Капитальный
bedroom (75).jpeg,bedroom,bedroom,0.5427,0.1703,0.4308,0.0575,1,0.0,0.1545,2.3186,0.6862,0,0.0419,1,5.3333,0.5764,105081.45,105 081 RUB,Косметический
bedroom (75).jpg,bedroom,bedroom,0.4047,0.2567,0.5192,0.0573,1,0.0007,0.1464,2.3186,0.3656,0,0.0643,1,5.3333,0.4947,120683.78,120 684 RUB,Косметический
bedroom (750).jpg,bedroom,bow_window/indoor,0.3988,0.1453,0.4833,0.0413,0,0.0,0.1245,2.3186,0.6357,1,0.0088,0,0.0,0.5062,90444.12,90 444 RUB,Косметический
bedroom (751).jpg,bedroom,bedroom,0.4818,0.2247,1.0,0.0921,18,0.001,0.1908,2.3069,0.5336,3,0.1339,2,11.976,0.3744,192702.58,192 703 RUB,Капитальный
bedroom (752).jpg,bedroom,basement,0.5013,0.0809,0.0821,0.0079,0,0.0005,0.1378,2.3186,0.8385,0,0.0024,0,0.0,0.6744,69023.97,69 024 RUB,Без ремонта
bedroom (753).jpg,bedroom,bow_window/indoor,0.2967,0.2079,0.2921,0.0483,0,0.0006,0.1683,2.3186,0.2994,0,0.0072,0,0.0,0.5214,97200.97,97 201 RUB,Косметический
bedroom (754).jpg,bedroom,basement,0.4273,0.2545,0.3646,0.0397,1,0.0431,0.2015,2.3333,0.4044,2,0.0062,1,5.3333,0.5579,114203.04,114 203 RUB,Косметический
bedroom (755).jpg,bedroom,bedroom,0.4768,0.1871,0.653,0.0653,2,0.0001,0.1692,2.33,0.6077,0,0.0582,2,12.0119,0.4817,133932.8,133 933 RUB,Косметический
bedroom (756).jpg,bedroom,garage/indoor,0.6308,0.1537,0.3973,0.0605,3,0.0,0.1683,2.32,0.7563,2,0.0052,0,0.0,0.621,100978.3,100 978 RUB,Косметический
bedroom (757).jpg,bedroom,childs_room,0.6732,0.1585,0.4842,0.1011,1,0.0001,0.1801,2.3228,0.7646,1,0.0085,1,4.7393,0.6038,88450.2,88 450 RUB,Без ремонта
bedroom (758).jpg,bedroom,bedroom,0.408,0.2319,1.0,0.0409,1,0.0,0.1607,2.3186,0.4315,2,0.0209,1,5.3333,0.355,127837.87,127 838 RUB,Косметический
bedroom (759).jpg,bedroom,bow_window/indoor,0.5426,0.1397,0.5706,0.0477,0,0.0,0.1575,2.33,0.7424,1,0.0025,0,0.0,0.5363,79085.97,79 086 RUB,Без ремонта
bedroom (76).jpeg,bedroom,hotel_room,0.5613,0.2721,0.6211,0.0462,2,0.0002,0.1865,2.33,0.5153,1,0.0353,1,6.006,0.529,119278.66,119 279 RUB,Косметический
bedroom (76).jpg,bedroom,basement,0.6851,0.1653,0.2889,0.0281,0,0.0,0.1916,2.3186,0.7587,1,0.0043,0,0.0,0.6818,82991.87,82 992 RUB,Без ремонта
bedroom (760).jpg,bedroom,attic,0.4854,0.1523,0.0954,0.0186,0,0.0,0.1433,2.3186,0.6862,2,0.0011,0,0.0,0.6618,84841.33,84 841 RUB,Без ремонта
bedroom (761).jpg,bedroom,youth_hostel,0.5519,0.1982,0.9603,0.0626,3,0.0,0.1969,2.33,0.6409,1,0.0497,3,18.0179,0.4201,141240.74,141 241 RUB,Косметический
bedroom (762).jpg,bedroom,attic,0.5177,0.1297,1.0,0.0464,0,0.0,0.1386,2.33,0.7495,1,0.0208,0,0.0,0.3978,93433.59,93 434 RUB,Косметический
bedroom (763).jpg,bedroom,bedroom,0.4,0.2545,1.0,0.1235,6,0.0,0.2146,2.3186,0.3638,3,0.1109,3,15.9999,0.3353,176892.72,176 893 RUB,Капитальный
bedroom (764).jpg,bedroom,bow_window/indoor,0.4018,0.108,0.1751,0.0189,0,0.0,0.1217,2.32,0.7311,0,0.022,0,0.0,0.6044,74212.52,74 213 RUB,Без ремонта
bedroom (765).jpg,bedroom,alcove,0.5079,0.1465,0.376,0.0475,0,0.011,0.1936,2.33,0.7116,1,0.0121,0,0.0,0.5819,85209.42,85 209 RUB,Без ремонта
bedroom (766).jpg,bedroom,alcove,0.4369,0.1831,1.0,0.0889,0,0.0,0.1802,2.33,0.581,1,0.0227,0,0.0,0.357,103253.43,103 253 RUB,Косметический
bedroom (767).jpg,bedroom,alcove,0.5979,0.0769,0.3243,0.0301,0,0.0,0.1065,2.32,0.8714,0,0.0021,0,0.0,0.6358,75021.96,75 022 RUB,Без ремонта
bedroom (768).jpg,bedroom,bow_window/indoor,0.4954,0.1766,0.6886,0.0676,1,0.0,0.1743,2.3186,0.6436,0,0.0372,1,5.3333,0.478,108341.53,108 342 RUB,Косметический
bedroom (769).jpg,bedroom,bow_window/indoor,0.515,0.1428,0.2015,0.0396,0,0.0015,0.1585,2.3186,0.7227,1,0.0005,0,0.0,0.6378,81917.92,81 918 RUB,Без ремонта
bedroom (77).jpeg,bedroom,bedroom,0.5802,0.2419,1.0,0.0872,4,0.0,0.1705,2.33,0.5831,2,0.0587,3,18.0179,0.4146,155722.2,155 722 RUB,Косметический
bedroom (77).jpg,bedroom,garage/indoor,0.5189,0.1461,0.5547,0.0725,0,0.0001,0.1452,2.3186,0.7185,2,0.0269,0,0.0,0.5266,92527.83,92 528 RUB,Косметический
bedroom (770).jpg,bedroom,bow_window/indoor,0.4826,0.212,0.4511,0.051,0,0.0,0.1315,2.301,0.5607,2,0.0161,0,0.0,0.5475,101425.61,101 426 RUB,Косметический
bedroom (771).jpg,bedroom,basement,0.66,0.1171,0.0844,0.0193,0,0.0,0.1289,2.3186,0.8225,2,0.0004,0,0.0,0.7348,85245.78,85 246 RUB,Без ремонта
bedroom (772).jpg,bedroom,closet,0.5533,0.1074,0.7873,0.0753,3,0.0,0.1608,2.33,0.8059,4,0.0121,0,0.0,0.4701,131790.88,131 791 RUB,Косметический
bedroom (773).jpg,bedroom,garage/indoor,0.5636,0.1226,0.2027,0.0211,0,0.0,0.1451,2.33,0.7825,1,0.0088,0,0.0,0.6604,76457.59,76 458 RUB,Без ремонта
bedroom (774).jpg,bedroom,bedroom,0.4553,0.1867,1.0,0.0843,5,0.0105,0.1921,2.33,0.59,2,0.022,4,24.0239,0.3663,159278.57,159 279 RUB,Косметический
bedroom (775).jpg,bedroom,television_room,0.5818,0.2065,1.0,0.143,3,0.0,0.1716,2.33,0.6451,0,0.07,3,18.0179,0.4041,146661.7,146 662 RUB,Косметический
bedroom (776).jpg,bedroom,basement,0.3702,0.0624,0.08,0.0168,0,0.0,0.137,2.3186,0.8314,0,0.0026,0,0.0,0.6207,75201.38,75 201 RUB,Без ремонта
bedroom (777).jpg,bedroom,bow_window/indoor,0.5325,0.1306,0.1655,0.0287,0,0.0134,0.1291,2.3186,0.7547,2,0.0003,0,0.0,0.6589,80041.84,80 042 RUB,Без ремонта
bedroom (778).jpg,bedroom,bow_window/indoor,0.5159,0.1766,0.7749,0.0396,0,0.0,0.1557,2.3333,0.6576,1,0.0151,0,0.0,0.466,89944.59,89 945 RUB,Без ремонта
bedroom (779).jpg,bedroom,bow_window/indoor,0.6264,0.1181,0.6814,0.0414,1,0.0003,0.1374,2.33,0.8114,0,0.0094,0,0.0,0.5379,72477.29,72 477 RUB,Без ремонта
bedroom (78).jpeg,bedroom,bow_window/indoor,0.5223,0.1205,1.0,0.0876,3,0.0001,0.1534,2.33,0.7693,0,0.0381,2,12.0119,0.3914,132761.68,132 762 RUB,Косметический
bedroom (78).jpg,bedroom,attic,0.6022,0.4002,0.3795,0.0165,0,0.0001,0.1176,2.3186,0.3355,1,0.017,0,0.0,0.6238,99999.56,100 000 RUB,Косметический
bedroom (780).jpg,bedroom,bow_window/indoor,0.4033,0.2356,0.2961,0.0385,0,0.0,0.1609,2.3186,0.4159,2,0.005,0,0.0,0.5648,103225.24,103 225 RUB,Косметический
bedroom (781).jpg,bedroom,bow_window/indoor,0.4495,0.1782,0.795,0.0392,0,0.015,0.1706,2.32,0.6037,0,0.0213,0,0.0,0.435,88614.14,88 614 RUB,Без ремонта
bedroom (782).jpg,bedroom,bow_window/indoor,0.3874,0.1663,1.0,0.0491,0,0.0008,0.1491,2.3186,0.5706,0,0.0277,0,0.0,0.3452,92551.39,92 551 RUB,Косметический
bedroom (783).jpg,bedroom,childs_room,0.5212,0.1994,0.7631,0.0856,3,0.0,0.1894,2.3333,0.6174,0,0.0555,1,6.0423,0.4625,117929.15,117 929 RUB,Косметический
bedroom (784).jpg,bedroom,bedroom,0.4555,0.2285,1.0,0.089,1,0.0,0.1709,2.3186,0.4984,1,0.0274,1,5.3333,0.3644,122574.03,122 574 RUB,Косметический
bedroom (785).jpg,bedroom,childs_room,0.4479,0.187,1.0,0.0805,2,0.0014,0.1803,2.3333,0.5826,0,0.0243,2,14.2856,0.3632,134893.89,134 894 RUB,Косметический
bedroom (786).jpg,bedroom,attic,0.6963,0.1221,0.5757,0.0333,1,0.0,0.1443,2.31,0.8247,2,0.0267,0,0.0,0.5991,88539.61,88 540 RUB,Без ремонта
bedroom (787).jpg,bedroom,childs_room,0.5555,0.195,1.0,0.0973,6,0.0004,0.1915,2.3097,0.6489,1,0.1096,2,10.6951,0.4028,151069.7,151 070 RUB,Косметический
bedroom (788).jpg,bedroom,bow_window/indoor,0.6195,0.0954,0.1028,0.0186,0,0.0,0.1102,2.3186,0.846,2,0.0,0,0.0,0.7133,77740.7,77 741 RUB,Без ремонта
bedroom (789).jpg,bedroom,bow_window/indoor,0.4615,0.1917,0.2406,0.0494,0,0.0,0.138,2.3186,0.5846,3,0.0173,0,0.0,0.6025,113979.21,113 979 RUB,Косметический
bedroom (79).jpeg,bedroom,bow_window/indoor,0.5858,0.1373,0.7137,0.038,0,0.0,0.1506,2.33,0.7656,0,0.0209,0,0.0,0.5126,76423.77,76 424 RUB,Без ремонта
bedroom (79).jpg,bedroom,bow_window/indoor,0.3682,0.249,0.3046,0.0385,1,0.0035,0.1559,2.3186,0.3237,3,0.0073,1,5.3333,0.5485,125408.95,125 409 RUB,Косметический
bedroom (790).jpg,bedroom,basement,0.5801,0.1607,0.0538,0.0091,0,0.0,0.173,2.3186,0.723,1,0.0061,0,0.0,0.7141,81372.94,81 373 RUB,Без ремонта
bedroom (791).jpg,bedroom,bedroom,0.5091,0.1645,1.0,0.0841,3,0.0001,0.1812,2.31,0.677,0,0.0401,1,6.0423,0.3868,118374.28,118 374 RUB,Косметический
bedroom (792).jpg,bedroom,alcove,0.4786,0.1545,0.2386,0.0196,0,0.0,0.1479,2.3186,0.6772,0,0.0127,0,0.0,0.6159,79128.97,79 129 RUB,Без ремонта
bedroom (793).jpg,bedroom,alcove,0.4704,0.1009,0.0943,0.0113,0,0.0,0.1364,2.3186,0.7854,0,0.0021,0,0.0,0.6576,71476.32,71 476 RUB,Без ремонта
bedroom (794).jpg,bedroom,entrance_hall,0.6302,0.0867,0.2716,0.0235,0,0.0,0.1442,2.33,0.8624,1,0.0041,0,0.0,0.6659,80857.59,80 858 RUB,Без ремонта
bedroom (795).jpg,bedroom,bow_window/indoor,0.3411,0.288,0.5483,0.0622,1,0.0001,0.1524,2.3303,0.1554,3,0.0035,0,0.0,0.4595,128683.43,128 683 RUB,Косметический
bedroom (796).jpg,bedroom,basement,0.6583,0.0479,0.2092,0.0174,0,0.0,0.0772,2.33,0.9272,0,0.0,0,0.0,0.6971,65871.1,65 871 RUB,Без ремонта
bedroom (797).jpg,bedroom,attic,0.5301,0.1037,0.1703,0.0255,0,0.0,0.1515,2.32,0.8045,0,0.0039,0,0.0,0.6558,72906.1,72 906 RUB,Без ремонта
bedroom (798).jpg,bedroom,bow_window/indoor,0.5805,0.0968,0.2465,0.0187,0,0.0001,0.1335,2.32,0.8333,0,0.001,0,0.0,0.6545,70399.47,70 399 RUB,Без ремонта
bedroom (799).jpg,bedroom,alcove,0.5055,0.1147,1.0,0.0524,0,0.0,0.0954,2.33,0.7731,0,0.0167,0,0.0,0.3917,87275.5,87 276 RUB,Без ремонта
bedroom (8).jpeg,bedroom,bow_window/indoor,0.3666,0.2037,0.2601,0.0215,0,0.0,0.1141,2.3186,0.4442,2,0.0011,0,0.0,0.5643,104214.48,104 214 RUB,Косметический
bedroom (8).jpg,bedroom,bedroom,0.5937,0.3207,1.0,0.0875,1,0.0012,0.173,2.3186,0.4599,1,0.0989,1,5.3333,0.4201,135036.42,135 036 RUB,Косметический
bedroom (80).jpeg,bedroom,hotel_room,0.3877,0.1988,0.8942,0.1027,5,0.0,0.2004,2.3267,0.4871,1,0.03,3,17.857,0.3663,153417.38,153 417 RUB,Косметический
bedroom (80).jpg,bedroom,bedroom,0.5866,0.2164,1.0,0.0913,3,0.0037,0.1738,2.3186,0.6311,2,0.0607,3,15.9999,0.4168,154298.95,154 299 RUB,Косметический
bedroom (800).jpg,bedroom,bow_window/indoor,0.5286,0.0917,0.1038,0.0174,0,0.0,0.136,2.3186,0.8265,0,0.0022,0,0.0,0.6768,69261.1,69 261 RUB,Без ремонта
bedroom (801).jpg,bedroom,basement,0.3518,0.1631,0.8718,0.0498,0,0.0001,0.1134,2.3186,0.5365,1,0.0116,0,0.0,0.3692,105407.14,105 407 RUB,Косметический
bedroom (802).jpg,bedroom,bedroom,0.4715,0.1893,1.0,0.133,7,0.0087,0.2309,2.33,0.5985,1,0.1183,6,36.0358,0.3629,180283.34,180 283 RUB,Капитальный
bedroom (803).jpg,bedroom,bow_window/indoor,0.5068,0.1597,0.6589,0.0615,1,0.0,0.1885,2.33,0.6849,1,0.0202,0,0.0,0.4928,94163.73,94 164 RUB,Косметический
bedroom (804).jpg,bedroom,alcove,0.4908,0.1704,0.0974,0.0271,0,0.0,0.1454,2.3186,0.6528,1,0.0021,0,0.0,0.6617,83370.13,83 370 RUB,Без ремонта
bedroom (805).jpg,bedroom,bow_window/indoor,0.5285,0.1302,0.3384,0.0346,0,0.0,0.1504,2.33,0.7536,1,0.0014,0,0.0,0.603,77414.88,77 415 RUB,Без ремонта
bedroom (806).jpg,bedroom,attic,0.5543,0.171,0.1418,0.025,0,0.0,0.1534,2.3333,0.6915,0,0.0028,0,0.0,0.6742,75149.06,75 149 RUB,Без ремонта
bedroom (807).jpg,bedroom,bow_window/indoor,0.6065,0.1218,0.2996,0.0482,0,0.003,0.1687,2.3186,0.7991,1,0.0009,0,0.0,0.6434,77199.92,77 200 RUB,Без ремонта
bedroom (808).jpg,bedroom,bedroom,0.588,0.238,1.0,0.0837,2,0.0,0.2019,2.31,0.5952,2,0.0534,2,12.0845,0.4184,155238.57,155 239 RUB,Косметический
bedroom (809).jpg,bedroom,entrance_hall,0.4622,0.1113,0.2877,0.0466,0,0.0,0.1565,2.31,0.7591,0,0.0092,0,0.0,0.5892,76394.11,76 394 RUB,Без ремонта
bedroom (81).jpeg,bedroom,bedroom,0.4388,0.1615,0.7409,0.0509,2,0.0113,0.1769,2.3186,0.6318,2,0.0123,2,10.6666,0.4442,140983.77,140 984 RUB,Косметический
bedroom (81).jpg,bedroom,bow_window/indoor,0.4436,0.2359,0.2165,0.0382,0,0.0,0.1381,2.3186,0.4681,1,0.0145,0,0.0,0.6049,94341.38,94 341 RUB,Косметический
bedroom (810).jpg,bedroom,attic,0.4301,0.177,0.165,0.0137,0,0.0,0.1306,2.3186,0.5884,1,0.0011,0,0.0,0.6198,90832.9,90 833 RUB,Косметический
bedroom (811).jpg,bedroom,alcove,0.4223,0.239,0.4621,0.0654,1,0.0001,0.1549,2.3186,0.4341,1,0.02,1,5.3333,0.5172,116766.71,116 767 RUB,Косметический
bedroom (812).jpg,bedroom,bow_window/indoor,0.4995,0.1822,0.4986,0.0417,0,0.0,0.1741,2.33,0.6353,1,0.0165,0,0.0,0.5419,90078.4,90 078 RUB,Косметический
bedroom (813).jpg,bedroom,locker_room,0.4512,0.2914,1.0,0.0797,0,0.0,0.156,2.33,0.3542,2,0.0462,0,0.0,0.3645,118314.88,118 315 RUB,Косметический
bedroom (815).jpg,bedroom,alcove,0.5837,0.0841,0.4321,0.0161,0,0.0,0.1136,2.33,0.856,0,0.0006,0,0.0,0.6007,72993.21,72 993 RUB,Без ремонта
bedroom (816).jpg,bedroom,playroom,0.3677,0.1743,1.0,0.0844,6,0.0039,0.1872,2.3186,0.5259,10,0.0351,2,10.6666,0.3306,180925.42,180 925 RUB,Капитальный
bedroom (817).jpg,bedroom,bow_window/indoor,0.6175,0.1526,0.3449,0.0252,0,0.0018,0.1606,2.31,0.7529,0,0.0152,0,0.0,0.6387,76356.52,76 357 RUB,Без ремонта
bedroom (818).jpg,bedroom,alcove,0.4701,0.2134,0.15,0.0201,0,0.0,0.1301,2.3197,0.5461,2,0.0191,0,0.0,0.639,96456.02,96 456 RUB,Косметический
bedroom (819).jpg,bedroom,bow_window/indoor,0.2056,0.2108,1.0,0.0552,1,0.0,0.1379,2.3333,0.0,2,0.0276,0,0.0,0.2712,130030.29,130 030 RUB,Косметический
bedroom (82).jpeg,bedroom,bedroom,0.647,0.1809,0.4398,0.0717,4,0.0,0.1849,2.33,0.7204,2,0.031,2,12.0119,0.6125,139566.63,139 567 RUB,Косметический
bedroom (82).jpg,bedroom,recreation_room,0.3574,0.2711,0.4685,0.0464,2,0.0002,0.1699,2.3186,0.2415,0,0.0334,1,5.3333,0.4932,120873.08,120 873 RUB,Косметический
bedroom (820).jpg,bedroom,garage/indoor,0.4102,0.1169,0.3538,0.0253,0,0.0,0.147,2.3186,0.7151,0,0.0031,0,0.0,0.5529,82428.85,82 429 RUB,Без ремонта
bedroom (821).jpg,bedroom,alcove,0.4711,0.0899,0.1952,0.025,0,0.0,0.1186,2.3303,0.8092,0,0.0176,0,0.0,0.6249,74228.05,74 228 RUB,Без ремонта
bedroom (822).jpg,bedroom,bow_window/indoor,0.4711,0.2012,0.5129,0.0581,0,0.0021,0.1792,2.3186,0.5729,1,0.0188,0,0.0,0.5232,95352.09,95 352 RUB,Косметический
bedroom (823).jpg,bedroom,bow_window/indoor,0.4403,0.1289,0.817,0.0629,2,0.001,0.1638,2.33,0.7073,0,0.0236,2,12.0119,0.4185,126463.61,126 464 RUB,Косметический
bedroom (824).jpg,bedroom,bow_window/indoor,0.3737,0.2566,0.1111,0.0135,0,0.0041,0.1398,2.3186,0.3133,1,0.0003,0,0.0,0.6138,96128.94,96 129 RUB,Косметический
bedroom (825).jpg,bedroom,bow_window/indoor,0.4732,0.1244,1.0,0.0597,0,0.0279,0.1402,2.3186,0.737,0,0.0206,0,0.0,0.3801,87691.35,87 691 RUB,Без ремонта
bedroom (826).jpg,bedroom,bow_window/indoor,0.6426,0.0975,0.2167,0.0287,1,0.0,0.1343,2.32,0.8483,0,0.0047,0,0.0,0.6863,72891.41,72 891 RUB,Без ремонта
bedroom (827).jpg,bedroom,alcove,0.5748,0.1303,0.468,0.0473,0,0.0016,0.1591,2.31,0.7733,1,0.0001,0,0.0,0.5802,79455.66,79 456 RUB,Без ремонта
bedroom (828).jpg,bedroom,basement,0.4798,0.0703,0.2108,0.0097,0,0.0,0.1201,2.3186,0.8535,0,0.0064,0,0.0,0.6267,71430.06,71 430 RUB,Без ремонта
bedroom (829).jpg,bedroom,bow_window/indoor,0.5348,0.0966,0.407,0.0438,0,0.0,0.1322,2.33,0.8195,1,0.0046,0,0.0,0.5831,79431.74,79 432 RUB,Без ремонта
bedroom (83).jpeg,bedroom,bedroom,0.6915,0.1971,1.0,0.0923,3,0.0011,0.1874,2.3186,0.715,2,0.0618,2,10.6666,0.4583,148285.77,148 286 RUB,Косметический
bedroom (83).jpg,bedroom,garage/indoor,0.5427,0.2139,0.9506,0.0427,0,0.0,0.1328,2.3186,0.6059,1,0.0351,0,0.0,0.4233,99017.18,99 017 RUB,Косметический
bedroom (830).jpg,bedroom,closet,0.5331,0.1179,0.3355,0.0398,0,0.0,0.1302,2.33,0.7789,1,0.0202,0,0.0,0.6046,83999.06,83 999 RUB,Без ремонта
bedroom (831).jpg,bedroom,childs_room,0.5165,0.1593,1.0,0.104,1,0.0,0.1737,2.33,0.6916,1,0.037,1,6.006,0.3858,121786.91,121 787 RUB,Косметический
bedroom (832).jpg,bedroom,bedroom,0.6362,0.1799,1.0,0.0959,2,0.0002,0.1777,2.32,0.7172,3,0.0481,1,6.0241,0.4353,137534.42,137 534 RUB,Косметический
bedroom (833).jpg,bedroom,alcove,0.6341,0.142,0.2135,0.0281,2,0.0,0.1491,2.33,0.776,1,0.0162,1,6.006,0.684,102158.87,102 159 RUB,Косметический
bedroom (834).jpg,bedroom,bow_window/indoor,0.4944,0.1724,0.1578,0.0384,0,0.0,0.1577,2.3059,0.6514,1,0.0106,0,0.0,0.6428,87832.5,87 832 RUB,Без ремонта
bedroom (835).jpg,bedroom,bedroom,0.416,0.1549,0.3363,0.0709,2,0.0018,0.1714,2.3186,0.6275,0,0.0212,2,10.6666,0.5515,122539.37,122 539 RUB,Косметический
bedroom (836).jpg,bedroom,locker_room,0.6473,0.1813,0.3258,0.034,0,0.0,0.169,2.3186,0.7199,3,0.015,0,0.0,0.6544,100652.2,100 652 RUB,Косметический
bedroom (837).jpg,bedroom,bow_window/indoor,0.4843,0.1534,1.0,0.0776,0,0.0021,0.1673,2.3069,0.6833,2,0.0268,0,0.0,0.3784,102206.67,102 207 RUB,Косметический
bedroom (838).jpg,bedroom,attic,0.5145,0.1211,0.3596,0.0341,0,0.0,0.1296,2.33,0.7647,1,0.0019,0,0.0,0.5911,82946.74,82 947 RUB,Без ремонта
bedroom (839).jpg,bedroom,bedroom,0.3902,0.1892,1.0,0.0927,4,0.0,0.178,2.31,0.5151,0,0.0343,3,18.1268,0.3375,154158.81,154 159 RUB,Косметический
bedroom (84).jpeg,bedroom,bedroom,0.7364,0.1469,0.9629,0.0559,3,0.0,0.1632,2.31,0.8006,1,0.0131,2,12.0845,0.4945,123699.23,123 699 RUB,Косметический
bedroom (84).jpg,bedroom,entrance_hall,0.6741,0.1954,0.3973,0.0365,0,0.0,0.1619,2.3186,0.7101,2,0.0048,0,0.0,0.6431,88195.27,88 195 RUB,Без ремонта
bedroom (840).jpg,bedroom,attic,0.5957,0.1336,1.0,0.0331,0,0.0003,0.1575,2.33,0.7757,2,0.0114,0,0.0,0.4317,92089.85,92 090 RUB,Косметический
bedroom (841).jpg,bedroom,entrance_hall,0.4435,0.1721,0.5417,0.0285,0,0.0,0.1613,2.33,0.612,1,0.0205,0,0.0,0.5092,94506.93,94 507 RUB,Косметический
bedroom (842).jpg,bedroom,attic,0.5496,0.0823,0.1812,0.0361,0,0.0,0.1174,2.3186,0.8502,0,0.0015,0,0.0,0.6583,69254.44,69 254 RUB,Без ремонта
bedroom (843).jpg,bedroom,bow_window/indoor,0.62,0.1634,0.4609,0.0945,0,0.0,0.1751,2.3333,0.7365,2,0.0051,0,0.0,0.5908,89984.62,89 985 RUB,Без ремонта
bedroom (844).jpg,bedroom,jail_cell,0.4374,0.1375,0.5799,0.0587,1,0.0033,0.1401,2.3333,0.6858,1,0.015,0,0.0,0.4896,92268.33,92 268 RUB,Косметический
bedroom (845).jpg,bedroom,bow_window/indoor,0.3822,0.1366,0.2061,0.0178,0,0.0002,0.1059,2.3186,0.6427,2,0.0043,0,0.0,0.5875,93436.48,93 436 RUB,Косметический
bedroom (846).jpg,bedroom,bow_window/indoor,0.3291,0.2983,0.7462,0.0398,0,0.0001,0.1548,2.3186,0.0935,1,0.029,0,0.0,0.3998,118676.98,118 677 RUB,Косметический
bedroom (847).jpg,bedroom,bedroom,0.5005,0.2714,1.0,0.0758,7,0.0,0.1577,2.3186,0.4578,2,0.0805,5,26.6665,0.385,174733.47,174 733 RUB,Капитальный
bedroom (848).jpg,bedroom,bedroom,0.4846,0.2387,0.4837,0.0359,1,0.0,0.1368,2.3186,0.5074,1,0.01,1,5.3333,0.5416,113139.05,113 139 RUB,Косметический
bedroom (849).jpg,bedroom,hotel_room,0.4976,0.2103,0.4647,0.0507,3,0.0,0.2021,2.3186,0.5773,0,0.0166,2,10.6666,0.5495,122652.04,122 652 RUB,Косметический
bedroom (85).jpeg,bedroom,artists_loft,0.4957,0.1043,0.2189,0.0213,0,0.0,0.1262,2.33,0.7895,0,0.0047,0,0.0,0.6283,71814.92,71 815 RUB,Без ремонта
bedroom (85).jpg,bedroom,basement,0.4831,0.1448,0.0811,0.0148,1,0.0001,0.1565,2.3186,0.7002,1,0.0241,1,5.3333,0.6659,102779.77,102 780 RUB,Косметический
bedroom (850).jpg,bedroom,jail_cell,0.2664,0.205,0.3963,0.0319,5,0.0031,0.1237,2.3186,0.2302,1,0.0138,2,10.6666,0.4816,151440.9,151 441 RUB,Косметический
bedroom (851).jpg,bedroom,bow_window/indoor,0.4247,0.192,0.2072,0.0328,0,0.0,0.1611,2.3186,0.548,3,0.0009,0,0.0,0.6012,105810.88,105 811 RUB,Косметический
bedroom (852).jpg,bedroom,garage/indoor,0.6986,0.1458,0.4086,0.032,0,0.0001,0.1751,2.3186,0.7913,2,0.0058,0,0.0,0.6505,87442.6,87 443 RUB,Без ремонта
bedroom (853).jpg,bedroom,basement,0.6107,0.1488,0.3997,0.0299,0,0.0,0.1646,2.3186,0.7563,2,0.0088,0,0.0,0.6184,87681.86,87 682 RUB,Без ремонта
bedroom (854).jpg,bedroom,basement,0.6174,0.1784,0.1572,0.0252,1,0.0,0.1667,2.3186,0.711,0,0.0143,0,0.0,0.6947,82289.7,82 290 RUB,Без ремонта
bedroom (855).jpg,bedroom,bow_window/indoor,0.6748,0.3072,0.3568,0.0236,0,0.0003,0.1137,2.3186,0.5447,1,0.0066,0,0.0,0.6582,94154.23,94 154 RUB,Косметический
bedroom (856).jpg,bedroom,bow_window/indoor,0.6279,0.305,0.549,0.0183,0,0.0,0.1066,2.3186,0.5142,1,0.0085,0,0.0,0.5828,91172.61,91 173 RUB,Косметический
bedroom (857).jpg,bedroom,basement,0.8083,0.1067,0.1428,0.0216,0,0.0,0.0931,2.3186,0.868,2,0.0046,0,0.0,0.7762,81983.39,81 983 RUB,Без ремонта
bedroom (858).jpg,bedroom,corridor,0.6963,0.2082,0.9573,0.0585,4,0.009,0.1613,2.3186,0.7009,1,0.0161,4,21.3332,0.4805,135369.89,135 370 RUB,Косметический
bedroom (859).jpg,bedroom,alcove,0.6582,0.2401,1.0,0.0831,4,0.0024,0.1875,2.3186,0.6353,1,0.0511,2,10.6666,0.4469,140589.85,140 590 RUB,Косметический
bedroom (86).jpeg,bedroom,bow_window/indoor,0.3193,0.1578,0.4327,0.0382,0,0.0,0.1411,2.3186,0.5058,1,0.006,0,0.0,0.4903,94653.8,94 654 RUB,Косметический
bedroom (86).jpg,bedroom,attic,0.7059,0.2258,0.378,0.0158,0,0.0,0.1308,2.3186,0.6801,1,0.0131,0,0.0,0.6658,86033.16,86 033 RUB,Без ремонта
bedroom (860).jpg,bedroom,alcove,0.505,0.1498,0.16,0.0173,0,0.0,0.1351,2.3186,0.7033,1,0.0046,0,0.0,0.6506,81217.3,81 217 RUB,Без ремонта
bedroom (861).jpg,bedroom,bow_window/indoor,0.5883,0.1615,0.7721,0.0888,0,0.0004,0.1519,2.3186,0.7254,2,0.0041,0,0.0,0.486,93739.02,93 739 RUB,Косметический
bedroom (862).jpg,bedroom,bow_window/indoor,0.4487,0.2118,0.581,0.0406,3,0.0053,0.1695,2.3186,0.528,2,0.0107,2,10.6666,0.4976,136809.79,136 810 RUB,Косметический
bedroom (863).jpg,bedroom,nursery,0.8232,0.2477,0.5238,0.0317,2,0.0002,0.117,2.3186,0.6991,2,0.0165,1,5.3333,0.6658,120543.46,120 543 RUB,Косметический
bedroom (864).jpg,bedroom,bow_window/indoor,0.6097,0.1284,0.2024,0.0302,0,0.0032,0.1416,2.3186,0.7894,0,0.0035,0,0.0,0.6774,71419.02,71 419 RUB,Без ремонта
bedroom (865).jpg,bedroom,closet,0.516,0.1676,1.0,0.0598,0,0.0016,0.1802,2.3186,0.6752,0,0.0377,0,0.0,0.3946,91923.25,91 923 RUB,Косметический
bedroom (866).jpg,bedroom,bedroom,0.496,0.3232,0.8406,0.0593,2,0.0003,0.1637,2.3186,0.3485,1,0.0394,1,5.3333,0.4344,126197.48,126 197 RUB,Косметический
bedroom (867).jpg,bedroom,basement,0.53,0.1544,0.2069,0.0375,1,0.0005,0.1508,2.3186,0.7087,1,0.0191,1,5.3333,0.6425,101280.42,101 280 RUB,Косметический
bedroom (868).jpg,bedroom,bow_window/indoor,0.7331,0.1695,0.3304,0.0364,0,0.0,0.1462,2.3186,0.7688,3,0.0003,0,0.0,0.6868,90656.71,90 657 RUB,Косметический
bedroom (869).jpg,bedroom,mezzanine,0.4931,0.1746,0.2025,0.0471,9,0.0,0.1856,2.3186,0.646,1,0.0207,9,47.9997,0.6271,150184.58,150 185 RUB,Косметический
bedroom (87).jpg,bedroom,bedroom,0.598,0.2422,1.0,0.1187,6,0.0008,0.211,2.3186,0.595,2,0.0262,2,10.6666,0.4155,161950.67,161 951 RUB,Косметический
bedroom (870).jpg,bedroom,bow_window/indoor,0.7242,0.2746,0.6785,0.0308,0,0.0,0.1305,2.3186,0.6208,1,0.0139,0,0.0,0.58,92248.18,92 248 RUB,Косметический
bedroom (871).jpg,bedroom,alcove,0.5178,0.2053,0.6341,0.0548,5,0.0,0.163,2.3186,0.6034,1,0.0446,2,10.6666,0.5059,133027.53,133 028 RUB,Косметический
bedroom (872).jpg,bedroom,garage/indoor,0.5081,0.1213,0.1594,0.0198,1,0.0,0.1603,2.3186,0.7612,0,0.0132,0,0.0,0.6515,74186.23,74 186 RUB,Без ремонта
bedroom (873).jpg,bedroom,closet,0.6144,0.2793,0.4681,0.03,0,0.0,0.1522,2.3186,0.5455,0,0.0215,0,0.0,0.5994,87607.21,87 607 RUB,Без ремонта
bedroom (874).jpg,bedroom,basement,0.6041,0.1101,0.3328,0.0324,0,0.0,0.1469,2.3186,0.8177,0,0.0001,0,0.0,0.6353,75249.5,75 250 RUB,Без ремонта
bedroom (875).jpg,bedroom,basement,0.7262,0.0991,0.3414,0.0313,0,0.0,0.1526,2.3186,0.8635,1,0.0002,0,0.0,0.6818,79792.11,79 792 RUB,Без ремонта
bedroom (876).jpg,bedroom,bedchamber,0.6206,0.2137,1.0,0.0895,5,0.0001,0.1991,2.3186,0.6557,1,0.0642,4,21.3332,0.4303,153992.24,153 992 RUB,Косметический
bedroom (877).jpg,bedroom,bow_window/indoor,0.2776,0.2129,0.2833,0.0262,0,0.0001,0.1503,2.3186,0.2331,1,0.0302,0,0.0,0.5208,107120.52,107 121 RUB,Косметический
bedroom (878).jpg,bedroom,bedroom,0.3662,0.3236,1.0,0.0742,3,0.0008,0.185,2.3186,0.1162,2,0.0373,3,15.9999,0.3317,168289.08,168 289 RUB,Косметический
bedroom (879).jpg,bedroom,bedroom,0.4364,0.2834,0.9993,0.0753,2,0.0001,0.1855,2.3186,0.3505,2,0.0482,1,5.3333,0.3597,141568.6,141 569 RUB,Косметический
bedroom (88).jpeg,bedroom,dorm_room,0.4991,0.2546,1.0,0.0914,8,0.0032,0.2061,2.3186,0.4898,2,0.0718,4,21.3332,0.3817,168597.3,168 597 RUB,Косметический
bedroom (88).jpg,bedroom,basement,0.4875,0.1863,0.1728,0.0172,0,0.0,0.1437,2.3186,0.6179,1,0.0065,0,0.0,0.6397,85727.27,85 727 RUB,Без ремонта
bedroom (880).jpg,bedroom,bedroom,0.6492,0.2829,1.0,0.0802,6,0.0002,0.1607,2.3186,0.5642,1,0.0507,5,26.6665,0.4436,151802.74,151 803 RUB,Косметический
bedroom (881).jpg,bedroom,bow_window/indoor,0.7467,0.1809,0.4604,0.0418,0,0.0003,0.1613,2.3186,0.7578,1,0.0008,0,0.0,0.6522,79975.47,79 975 RUB,Без ремонта
bedroom (882).jpg,bedroom,bow_window/indoor,0.4327,0.1667,0.3131,0.0455,0,0.0131,0.1619,2.3186,0.6148,0,0.0146,0,0.0,0.5714,85685.44,85 685 RUB,Без ремонта
bedroom (883).jpg,bedroom,basement,0.5592,0.1414,0.045,0.0149,2,0.0,0.1346,2.3186,0.7471,0,0.0046,0,0.0,0.7072,78483.04,78 483 RUB,Без ремонта
bedroom (884).jpg,bedroom,gymnasium/indoor,0.464,0.1252,0.4586,0.0435,2,0.0001,0.1583,2.3186,0.7301,1,0.0272,0,0.0,0.5393,96822.5,96 822 RUB,Косметический
bedroom (885).jpg,bedroom,bedroom,0.5347,0.1802,0.6953,0.0794,5,0.0,0.2071,2.3186,0.663,1,0.0507,3,15.9999,0.4894,144753.81,144 754 RUB,Косметический
bedroom (886).jpg,bedroom,youth_hostel,0.4693,0.1699,0.1674,0.0379,6,0.0005,0.1733,2.3186,0.6379,1,0.0393,3,15.9999,0.63,141090.98,141 091 RUB,Косметический
bedroom (887).jpg,bedroom,wet_bar,0.5679,0.2601,1.0,0.0863,6,0.0,0.1792,2.3186,0.5419,0,0.0558,3,15.9999,0.4099,148973.44,148 973 RUB,Косметический
bedroom (888).jpg,bedroom,garage/indoor,0.4366,0.1843,0.4376,0.0664,0,0.0,0.1765,2.3186,0.5779,0,0.0595,0,0.0,0.5301,92653.69,92 654 RUB,Косметический
bedroom (889).jpg,bedroom,bedroom,0.474,0.2811,0.9875,0.1272,5,0.0001,0.2114,2.3186,0.4069,2,0.0807,2,10.6666,0.3679,167742.92,167 743 RUB,Косметический
bedroom (89).jpeg,bedroom,alcove,0.5032,0.1244,0.2948,0.0176,0,0.0005,0.1342,2.32,0.7528,0,0.041,0,0.0,0.6094,82346.25,82 346 RUB,Без ремонта
bedroom (89).jpg,bedroom,alcove,0.6263,0.2003,0.4519,0.0409,0,0.0,0.1657,2.3186,0.6801,0,0.0179,0,0.0,0.6068,80712.13,80 712 RUB,Без ремонта
bedroom (890).jpg,bedroom,garage/indoor,0.3578,0.2027,0.1662,0.0179,0,0.0,0.1817,2.3186,0.4334,0,0.018,0,0.0,0.5897,91304.67,91 305 RUB,Косметический
bedroom (891).jpg,bedroom,bedroom,0.393,0.31,1.0,0.1016,13,0.0008,0.1736,2.3186,0.2111,0,0.0559,5,26.6665,0.337,176076.52,176 077 RUB,Капитальный
bedroom (892).jpg,bedroom,bow_window/indoor,0.3384,0.1432,0.1923,0.0255,0,0.0,0.1526,2.3186,0.5767,0,0.0063,0,0.0,0.5725,82499.96,82 500 RUB,Без ремонта
bedroom (893).jpg,bedroom,bedroom,0.3692,0.2667,0.3001,0.0466,1,0.0,0.1794,2.3186,0.2775,2,0.0561,1,5.3333,0.5483,132212.46,132 212 RUB,Косметический
bedroom (894).jpg,bedroom,basement,0.574,0.1294,0.1214,0.0315,0,0.0,0.1672,2.3186,0.7746,0,0.006,0,0.0,0.6869,75837.66,75 838 RUB,Без ремонта
bedroom (895).jpg,bedroom,bedroom,0.5445,0.3098,0.771,0.0672,2,0.0,0.2086,2.3186,0.431,1,0.0547,1,5.3333,0.4731,127787.0,127 787 RUB,Косметический
bedroom (896).jpg,bedroom,childs_room,0.6461,0.2361,0.7257,0.0608,1,0.0004,0.1913,2.3186,0.6346,1,0.0133,1,5.3333,0.5286,112268.39,112 268 RUB,Косметический
bedroom (897).jpg,bedroom,garage/indoor,0.6386,0.1864,0.362,0.0577,0,0.0,0.1541,2.3186,0.7081,1,0.0173,0,0.0,0.6353,85267.48,85 267 RUB,Без ремонта
bedroom (898).jpg,bedroom,bow_window/indoor,0.4913,0.2111,0.4418,0.0367,0,0.0,0.1498,2.3186,0.5703,0,0.0022,0,0.0,0.5566,84327.19,84 327 RUB,Без ремонта
bedroom (899).jpg,bedroom,bedroom,0.5355,0.2397,0.8258,0.1096,5,0.0042,0.2104,2.3186,0.5524,0,0.0204,5,26.6665,0.4449,139791.85,139 792 RUB,Косметический
bedroom (9).jpeg,bedroom,basement,0.5939,0.0988,0.4945,0.0136,0,0.0,0.137,2.3186,0.8336,0,0.0036,0,0.0,0.5865,74230.91,74 231 RUB,Без ремонта
bedroom (9).jpg,bedroom,living_room,0.7302,0.2087,0.3791,0.0752,6,0.0886,0.1987,2.3186,0.7142,4,0.0102,5,26.6665,0.6722,155943.39,155 943 RUB,Косметический
bedroom (90).jpeg,bedroom,bow_window/indoor,0.556,0.0901,0.1189,0.0235,0,0.0003,0.1096,2.3186,0.8379,1,0.0,0,0.0,0.6821,75098.26,75 098 RUB,Без ремонта
bedroom (90).jpg,bedroom,bedchamber,0.4052,0.2701,0.8342,0.0663,4,0.1124,0.1773,2.3186,0.3334,1,0.0343,4,21.3332,0.4098,158316.03,158 316 RUB,Косметический
bedroom (900).jpg,bedroom,home_office,0.5975,0.2598,0.6104,0.0509,2,0.0,0.1695,2.3186,0.5653,1,0.019,1,5.3333,0.5457,114815.2,114 815 RUB,Косметический
bedroom (901).jpg,bedroom,garage/indoor,0.4862,0.1455,0.1208,0.0222,0,0.0001,0.1439,2.3186,0.7006,0,0.0202,0,0.0,0.6538,78268.75,78 269 RUB,Без ремонта
bedroom (902).jpg,bedroom,basement,0.4944,0.1758,0.1248,0.019,0,0.0,0.1381,2.3186,0.6444,2,0.0051,0,0.0,0.6565,88723.04,88 723 RUB,Без ремонта
bedroom (903).jpg,bedroom,attic,0.3441,0.2311,0.5356,0.0383,1,0.0,0.172,2.3186,0.3285,1,0.0361,1,5.3333,0.4693,122388.61,122 389 RUB,Косметический
bedroom (904).jpg,bedroom,bow_window/indoor,0.4664,0.2268,0.3687,0.0501,0,0.0003,0.1889,2.3186,0.5138,2,0.0171,0,0.0,0.566,102004.26,102 004 RUB,Косметический
bedroom (905).jpg,bedroom,basement,0.7516,0.1057,0.0389,0.0079,0,0.0,0.1252,2.3186,0.8594,2,0.0,0,0.0,0.7874,77826.31,77 826 RUB,Без ремонта
bedroom (906).jpg,bedroom,alcove,0.7534,0.1796,0.2342,0.0196,0,0.0,0.1772,2.3186,0.7617,3,0.0059,0,0.0,0.7272,89653.86,89 654 RUB,Без ремонта
bedroom (907).jpg,bedroom,bedroom,0.6082,0.2849,0.9579,0.0924,3,0.0007,0.2068,2.3186,0.5316,1,0.0304,3,15.9999,0.4375,143240.22,143 240 RUB,Косметический
bedroom (908).jpg,bedroom,attic,0.4859,0.1419,0.1348,0.0269,1,0.0,0.1758,2.3186,0.708,1,0.0182,1,5.3333,0.6485,103589.35,103 589 RUB,Косметический
bedroom (909).jpg,bedroom,bedroom,0.489,0.1946,0.5299,0.0543,4,0.0005,0.182,2.3186,0.6021,1,0.0609,2,10.6666,0.5258,139259.94,139 260 RUB,Косметический
bedroom (91).jpeg,bedroom,bow_window/indoor,0.5679,0.1223,0.1078,0.0228,0,0.0,0.1387,2.3254,0.7846,1,0.0005,0,0.0,0.6903,76048.75,76 049 RUB,Без ремонта
bedroom (91).jpg,bedroom,bedchamber,0.4281,0.2656,0.7701,0.0831,4,0.0,0.2073,2.3186,0.3795,0,0.0283,3,15.9999,0.4236,150561.0,150 561 RUB,Косметический
bedroom (910).jpg,bedroom,youth_hostel,0.6419,0.3657,0.6193,0.0471,4,0.0,0.1498,2.3186,0.4302,1,0.0397,4,21.3332,0.5616,149333.85,149 334 RUB,Косметический
bedroom (911).jpg,bedroom,corridor,0.7984,0.2573,0.2882,0.0221,0,0.0,0.1133,2.3186,0.6777,1,0.0095,0,0.0,0.7285,82325.48,82 325 RUB,Без ремонта
bedroom (913).jpg,bedroom,bow_window/indoor,0.3487,0.1491,0.3182,0.0438,0,0.0095,0.143,2.3186,0.5725,0,0.0234,0,0.0,0.5362,84877.77,84 878 RUB,Без ремонта
bedroom (914).jpg,bedroom,alcove,0.5277,0.139,0.0593,0.0135,1,0.0,0.1397,2.3186,0.7366,1,0.0007,0,0.0,0.6906,81400.37,81 400 RUB,Без ремонта
bedroom (915).jpg,bedroom,youth_hostel,0.5408,0.2307,0.9982,0.0922,2,0.0014,0.1878,2.3186,0.5735,3,0.0824,2,10.6666,0.3986,155662.09,155 662 RUB,Косметический
bedroom (916).jpg,bedroom,attic,0.3074,0.1827,0.2548,0.0464,0,0.0024,0.1672,2.3186,0.4059,3,0.0471,0,0.0,0.5375,114703.38,114 703 RUB,Косметический
bedroom (917).jpg,bedroom,bedroom,0.6684,0.35,0.2939,0.0347,1,0.0075,0.1662,2.3186,0.4764,1,0.0098,1,5.3333,0.673,110300.36,110 300 RUB,Косметический
bedroom (918).jpg,bedroom,bedroom,0.5447,0.3183,0.5462,0.0747,2,0.0007,0.1668,2.3186,0.4156,1,0.0379,2,10.6666,0.5391,138532.99,138 533 RUB,Косметический
bedroom (919).jpg,bedroom,bow_window/indoor,0.4352,0.2504,0.7109,0.0771,0,0.0,0.1431,2.3186,0.4247,3,0.0065,0,0.0,0.4454,123514.75,123 515 RUB,Косметический
bedroom (92).jpeg,bedroom,bow_window/indoor,0.5364,0.1617,1.0,0.1162,0,0.0,0.2062,2.3059,0.6985,0,0.2115,0,0.0,0.3913,125984.65,125 985 RUB,Косметический
bedroom (92).jpg,bedroom,bedchamber,0.5555,0.2231,1.0,0.1008,3,0.0,0.1928,2.3186,0.5983,0,0.0316,2,10.6666,0.402,132656.19,132 656 RUB,Косметический
bedroom (920).jpg,bedroom,bedroom,0.5594,0.2548,0.4922,0.0472,2,0.0,0.1663,2.3186,0.5446,1,0.0267,2,10.6666,0.5667,130839.31,130 839 RUB,Косметический
bedroom (921).jpg,bedroom,bow_window/indoor,0.5815,0.234,0.2731,0.0391,3,0.0025,0.1649,2.3186,0.5975,2,0.0489,3,15.9999,0.6431,145416.18,145 416 RUB,Косметический
bedroom (924).jpg,bedroom,bedroom,0.3855,0.2987,0.7419,0.0674,5,0.0403,0.1865,2.3186,0.2253,1,0.0254,2,10.6666,0.4222,157195.07,157 195 RUB,Косметический
bedroom (925).jpg,bedroom,bedroom,0.5715,0.2232,0.5747,0.057,1,0.0,0.1802,2.3186,0.6094,0,0.022,1,5.3333,0.5448,102912.95,102 913 RUB,Косметический
bedroom (926).jpg,bedroom,bedroom,0.626,0.1936,0.5801,0.0696,5,0.0904,0.1658,2.3186,0.6907,0,0.0158,3,15.9999,0.5715,124757.22,124 757 RUB,Косметический
bedroom (927).jpg,bedroom,home_office,0.5971,0.3013,0.5569,0.0726,23,0.0116,0.1891,2.3186,0.4954,3,0.0318,1,5.3333,0.5584,157136.44,157 136 RUB,Косметический
bedroom (928).jpg,bedroom,garage/indoor,0.6317,0.3569,0.2029,0.0232,0,0.0,0.1347,2.3186,0.435,1,0.0243,0,0.0,0.6872,97174.23,97 174 RUB,Косметический
bedroom (929).jpg,bedroom,childs_room,0.5882,0.222,0.804,0.0933,5,0.0002,0.227,2.3186,0.6226,0,0.0272,2,10.6666,0.4754,136095.38,136 095 RUB,Косметический
bedroom (93).jpeg,bedroom,bow_window/indoor,0.4689,0.1915,0.2415,0.025,0,0.0,0.1363,2.3186,0.5917,1,0.0075,0,0.0,0.6101,91300.08,91 300 RUB,Косметический
bedroom (93).jpg,bedroom,bedroom,0.5334,0.1247,0.8698,0.1008,1,0.0063,0.1728,2.3186,0.7662,0,0.0418,1,5.3333,0.4329,107150.53,107 151 RUB,Косметический
bedroom (930).jpg,bedroom,bedroom,0.5038,0.2748,0.6042,0.0666,2,0.0012,0.1918,2.3186,0.4545,2,0.0169,1,5.3333,0.507,129819.51,129 820 RUB,Косметический
bedroom (931).jpg,bedroom,bedchamber,0.5347,0.22,0.7705,0.0678,10,0.004,0.1905,2.3186,0.5886,0,0.0965,2,10.6666,0.4696,143024.68,143 025 RUB,Косметический
bedroom (932).jpg,bedroom,television_room,0.5352,0.2114,1.0,0.1192,3,0.0002,0.2069,2.3186,0.605,0,0.0404,3,15.9999,0.3902,138987.91,138 988 RUB,Косметический
bedroom (933).jpg,bedroom,television_room,0.6359,0.2697,1.0,0.0657,5,0.0001,0.1571,2.3186,0.5758,1,0.0831,5,26.6665,0.4412,149119.4,149 119 RUB,Косметический
bedroom (934).jpg,bedroom,alcove,0.7457,0.2773,0.3499,0.0367,3,0.0,0.1369,2.3186,0.6281,1,0.0098,3,15.9999,0.686,126940.79,126 941 RUB,Косметический
bedroom (935).jpg,bedroom,bedroom,0.6206,0.2612,1.0,0.093,2,0.0001,0.1706,2.3186,0.5792,0,0.0587,2,10.6666,0.4296,131919.69,131 920 RUB,Косметический
bedroom (936).jpg,bedroom,childs_room,0.5039,0.2496,1.0,0.0928,3,0.005,0.181,2.3186,0.5047,0,0.0358,2,10.6666,0.3835,136212.53,136 213 RUB,Косметический
bedroom (937).jpg,bedroom,bedroom,0.4231,0.292,0.8046,0.0846,5,0.0,0.2163,2.3186,0.3098,2,0.0281,4,21.3332,0.4109,165396.61,165 397 RUB,Косметический
bedroom (938).jpg,bedroom,bedroom,0.5947,0.2333,0.8916,0.0867,2,0.0,0.1663,2.3186,0.6077,0,0.0386,2,10.6666,0.4531,130719.48,130 719 RUB,Косметический
bedroom (939).jpg,bedroom,childs_room,0.5929,0.2046,0.4765,0.0801,1,0.0,0.1871,2.3186,0.6549,1,0.0128,1,5.3333,0.5782,110916.71,110 917 RUB,Косметический
bedroom (94).jpeg,bedroom,bedroom,0.687,0.14,1.0,0.0799,5,0.0,0.1616,2.31,0.7963,2,0.0309,2,12.0845,0.4588,150321.63,150 322 RUB,Косметический
bedroom (94).jpg,bedroom,bedroom,0.4837,0.2516,0.9987,0.1148,1,0.0477,0.2006,2.3186,0.4798,0,0.0176,1,5.3333,0.3757,115644.52,115 645 RUB,Косметический
bedroom (940).jpg,bedroom,bow_window/indoor,0.5566,0.3334,0.4765,0.0399,3,0.0,0.1463,2.3186,0.4009,3,0.0131,3,15.9999,0.5717,147297.42,147 297 RUB,Косметический
bedroom (941).jpg,bedroom,bow_window/indoor,0.6637,0.1381,0.0593,0.0254,1,0.0,0.1586,2.3186,0.792,1,0.0,0,0.0,0.7426,75740.17,75 740 RUB,Без ремонта
bedroom (942).jpg,bedroom,home_theater,0.4277,0.2776,0.6422,0.0502,3,0.0001,0.2262,2.3186,0.3509,0,0.0367,0,0.0,0.4684,113307.12,113 307 RUB,Косметический
bedroom (943).jpg,bedroom,bedroom,0.3247,0.1778,0.2635,0.0334,2,0.0007,0.1646,2.3186,0.4524,1,0.0192,1,5.3333,0.5442,113740.3,113 740 RUB,Косметический
bedroom (944).jpg,bedroom,bedchamber,0.4574,0.265,0.6492,0.0482,4,0.0,0.1627,2.3186,0.4207,1,0.0671,4,21.3332,0.4786,159574.31,159 574 RUB,Косметический
bedroom (945).jpg,bedroom,bedroom,0.42,0.2138,0.3304,0.0761,1,0.0,0.1943,2.3186,0.4909,1,0.0977,1,5.3333,0.5537,133173.23,133 173 RUB,Косметический
bedroom (946).jpg,bedroom,bedroom,0.6536,0.1726,0.7422,0.0808,2,0.001,0.1808,2.3186,0.7359,0,0.0178,1,5.3333,0.5227,103057.8,103 058 RUB,Косметический
bedroom (947).jpg,bedroom,attic,0.5381,0.1612,0.2414,0.0364,0,0.0,0.1596,2.3186,0.7004,1,0.0057,0,0.0,0.6355,79243.17,79 243 RUB,Без ремонта
bedroom (948).jpg,bedroom,playroom,0.5557,0.186,0.3732,0.0787,5,0.0005,0.1893,2.3186,0.6652,2,0.0523,4,21.3332,0.5946,149455.85,149 456 RUB,Косметический
bedroom (949).jpg,bedroom,mezzanine,0.6585,0.1716,0.8575,0.0786,1,0.0,0.1674,2.3186,0.7393,1,0.0148,0,0.0,0.4904,96123.64,96 124 RUB,Косметический
bedroom (95).jpeg,bedroom,basement,0.5997,0.1956,0.056,0.0299,0,0.0013,0.1774,2.3186,0.6739,1,0.0094,0,0.0,0.7172,82066.81,82 067 RUB,Без ремонта
bedroom (95).jpg,bedroom,living_room,0.3623,0.1841,0.1668,0.0424,1,0.0562,0.1825,2.3186,0.4917,0,0.0501,1,5.3333,0.592,102606.5,102 606 RUB,Косметический
bedroom (950).jpg,bedroom,bedchamber,0.6061,0.2505,0.8007,0.0976,2,0.0008,0.1918,2.3186,0.5867,2,0.0241,2,10.6666,0.4828,145205.76,145 206 RUB,Косметический
bedroom (951).jpg,bedroom,bedroom,0.5672,0.269,0.6509,0.0914,3,0.0,0.1829,2.3186,0.5258,0,0.0584,2,10.6666,0.5133,133268.17,133 268 RUB,Косметический
bedroom (952).jpg,bedroom,dorm_room,0.3934,0.1284,0.154,0.0279,2,0.0,0.1421,2.3186,0.6735,0,0.0562,2,10.6666,0.6056,127283.51,127 284 RUB,Косметический
bedroom (953).jpg,bedroom,bedroom,0.5091,0.2249,0.4823,0.0686,3,0.0211,0.2206,2.3186,0.5582,1,0.04,1,5.3333,0.5473,117453.98,117 454 RUB,Косметический
bedroom (954).jpg,bedroom,alcove,0.7085,0.199,0.3868,0.0274,0,0.0,0.1845,2.3186,0.7191,2,0.0059,0,0.0,0.6619,88447.9,88 448 RUB,Без ремонта
bedroom (955).jpg,bedroom,bedroom,0.6698,0.1702,0.5377,0.0485,1,0.0084,0.1904,2.3186,0.7458,3,0.01,1,5.3333,0.5978,115354.41,115 354 RUB,Косметический
bedroom (956).jpg,bedroom,childs_room,0.6686,0.2053,0.8004,0.0889,7,0.0001,0.1889,2.3186,0.693,1,0.0085,1,5.3333,0.5095,122273.88,122 274 RUB,Косметический
bedroom (957).jpg,bedroom,recreation_room,0.4207,0.2777,1.0,0.1025,18,0.0076,0.196,2.3186,0.3399,0,0.084,2,10.6666,0.3486,167840.66,167 841 RUB,Косметический
bedroom (958).jpg,bedroom,recreation_room,0.6096,0.2422,0.5321,0.0603,3,0.0106,0.1756,2.3186,0.6026,2,0.0902,3,15.9999,0.5732,159219.93,159 220 RUB,Косметический
bedroom (959).jpg,bedroom,bow_window/indoor,0.4926,0.0863,0.0517,0.0172,1,0.0252,0.1159,2.3186,0.8248,0,0.0034,1,5.3333,0.6806,88738.77,88 739 RUB,Без ремонта
bedroom (96).jpeg,bedroom,basement,0.5187,0.102,0.2632,0.0238,0,0.0,0.1398,2.3186,0.8034,1,0.0002,0,0.0,0.6238,76592.06,76 592 RUB,Без ремонта
bedroom (96).jpg,bedroom,nursery,0.6174,0.2407,0.7362,0.0663,1,0.0002,0.1696,2.3186,0.6101,1,0.0645,1,5.3333,0.5129,119846.56,119 847 RUB,Косметический
bedroom (960).jpg,bedroom,television_room,0.5656,0.2336,0.6597,0.0488,5,0.0016,0.1594,2.3186,0.587,0,0.0245,4,21.3332,0.5187,135529.28,135 529 RUB,Косметический
bedroom (961).jpg,bedroom,alcove,0.5215,0.3084,0.4097,0.0329,0,0.0,0.1536,2.3186,0.4087,1,0.0048,0,0.0,0.5791,99985.48,99 985 RUB,Косметический
bedroom (962).jpg,bedroom,bedroom,0.5179,0.2877,0.466,0.0523,3,0.0,0.1934,2.3186,0.4444,0,0.027,2,10.6666,0.5569,128644.72,128 645 RUB,Косметический
bedroom (963).jpg,bedroom,bedroom,0.5041,0.2039,0.6396,0.1024,5,0.0,0.1847,2.3186,0.5956,0,0.019,3,15.9999,0.4893,137714.35,137 714 RUB,Косметический
bedroom (964).jpg,bedroom,bow_window/indoor,0.5051,0.35,0.6952,0.0761,0,0.0,0.1478,2.3186,0.307,0,0.0016,0,0.0,0.4783,93896.19,93 896 RUB,Косметический
bedroom (965).jpg,bedroom,garage/indoor,0.6658,0.1823,0.3676,0.026,0,0.0,0.1492,2.3186,0.7261,2,0.0033,0,0.0,0.6508,89130.04,89 130 RUB,Без ремонта
bedroom (966).jpg,bedroom,bow_window/indoor,0.3635,0.1293,0.1801,0.0319,0,0.0,0.1287,2.3186,0.6443,2,0.0022,0,0.0,0.585,92434.48,92 434 RUB,Косметический
bedroom (967).jpg,bedroom,alcove,0.7425,0.314,0.4857,0.0363,0,0.0,0.1263,2.3186,0.5771,0,0.0112,0,0.0,0.644,82619.64,82 620 RUB,Без ремонта
bedroom (968).jpg,bedroom,television_room,0.645,0.2345,1.0,0.0801,17,0.0005,0.1945,2.3186,0.6364,1,0.0442,3,15.9999,0.442,160815.3,160 815 RUB,Косметический
bedroom (969).jpg,bedroom,hotel_room,0.4741,0.2368,0.3273,0.041,1,0.0,0.2093,2.3186,0.5005,1,0.0316,1,5.3333,0.5833,112794.54,112 795 RUB,Косметический
bedroom (97).jpeg,bedroom,home_office,0.373,0.2296,0.704,0.0689,8,0.0,0.1897,2.3186,0.3844,1,0.0162,5,26.6665,0.4242,155141.29,155 141 RUB,Косметический
bedroom (97).jpg,bedroom,bow_window/indoor,0.6437,0.1589,0.4908,0.0605,0,0.0,0.1428,2.3186,0.7531,3,0.0049,0,0.0,0.5981,98170.47,98 170 RUB,Косметический
bedroom (970).jpg,bedroom,attic,0.3445,0.2113,0.2434,0.0573,0,0.0001,0.1574,2.3186,0.3866,3,0.0208,0,0.0,0.5533,114836.64,114 837 RUB,Косметический
bedroom (971).jpg,bedroom,bow_window/indoor,0.5826,0.2859,0.3254,0.0221,0,0.0,0.14,2.3186,0.5093,1,0.0029,0,0.0,0.631,90464.98,90 465 RUB,Косметический
bedroom (972).jpg,bedroom,bedroom,0.5179,0.3228,1.0,0.0729,3,0.0,0.1973,2.3186,0.3768,1,0.0494,3,15.9999,0.3926,152717.68,152 718 RUB,Косметический
bedroom (973).jpg,bedroom,entrance_hall,0.3974,0.1417,0.1656,0.0273,0,0.0,0.1626,2.3186,0.6435,0,0.0137,0,0.0,0.6038,84692.19,84 692 RUB,Без ремонта
bedroom (974).jpg,bedroom,attic,0.3755,0.29,0.553,0.0292,0,0.0019,0.1702,2.3186,0.2276,0,0.0136,0,0.0,0.4786,105377.97,105 378 RUB,Косметический
bedroom (975).jpg,bedroom,bedroom,0.7283,0.2993,0.4845,0.0416,2,0.0001,0.1469,2.3186,0.589,3,0.0197,1,5.3333,0.6377,133548.41,133 548 RUB,Косметический
bedroom (976).jpg,bedroom,childs_room,0.6749,0.2145,0.9533,0.0873,1,0.0,0.1827,2.3186,0.6822,1,0.0147,1,5.3333,0.4665,112652.24,112 652 RUB,Косметический
bedroom (977).jpg,bedroom,bow_window/indoor,0.5066,0.231,0.6324,0.0422,0,0.0012,0.1442,2.3186,0.5441,2,0.0067,0,0.0,0.5046,98858.71,98 859 RUB,Косметический
bedroom (978).jpg,bedroom,television_room,0.5874,0.2347,1.0,0.1218,6,0.0004,0.2084,2.3186,0.6004,0,0.0536,5,26.6665,0.4106,150565.17,150 565 RUB,Косметический
bedroom (979).jpg,bedroom,childs_room,0.4536,0.2188,0.3472,0.0763,8,0.0,0.1955,2.3186,0.5175,1,0.0148,4,21.3332,0.562,150653.85,150 654 RUB,Косметический
bedroom (98).jpeg,bedroom,bedroom,0.6632,0.2215,1.0,0.1021,3,0.0,0.2267,2.31,0.666,2,0.0429,2,12.0845,0.4449,152148.62,152 149 RUB,Косметический
bedroom (98).jpg,bedroom,childs_room,0.3283,0.2281,0.7095,0.1125,5,0.0079,0.1952,2.3186,0.3052,0,0.0625,2,10.6666,0.3967,153072.51,153 073 RUB,Косметический
bedroom (981).jpg,bedroom,youth_hostel,0.4505,0.2335,1.0,0.0913,3,0.0051,0.2072,2.3186,0.4818,0,0.0828,2,10.6666,0.3625,141814.05,141 814 RUB,Косметический
bedroom (982).jpg,bedroom,garage/indoor,0.7229,0.1659,0.2211,0.0244,2,0.0,0.1305,2.3186,0.7706,0,0.0158,1,5.3333,0.7179,94680.62,94 681 RUB,Косметический
bedroom (983).jpg,bedroom,home_office,0.4851,0.174,0.4581,0.0613,5,0.0014,0.1464,2.3186,0.6413,1,0.0354,2,10.6666,0.5445,134382.8,134 383 RUB,Косметический
bedroom (984).jpg,bedroom,artists_loft,0.5312,0.2547,0.982,0.0841,2,0.0003,0.1854,2.3186,0.5205,0,0.0474,1,5.3333,0.4011,116701.13,116 701 RUB,Косметический
bedroom (985).jpg,bedroom,attic,0.5132,0.0893,0.227,0.0364,0,0.0046,0.1162,2.3186,0.826,0,0.0105,0,0.0,0.6304,73354.22,73 354 RUB,Без ремонта
bedroom (986).jpg,bedroom,alcove,0.7889,0.2474,0.3917,0.0179,1,0.0,0.1178,2.3186,0.6864,2,0.0085,1,5.3333,0.6945,108228.71,108 229 RUB,Косметический
bedroom (987).jpg,bedroom,basement,0.8067,0.0942,0.0863,0.0182,0,0.0,0.1191,2.3186,0.8833,1,0.0002,0,0.0,0.7932,71604.71,71 605 RUB,Без ремонта
bedroom (988).jpg,bedroom,alcove,0.4705,0.1118,0.1081,0.0205,0,0.0,0.1496,2.3186,0.7623,0,0.0104,0,0.0,0.6517,74703.28,74 703 RUB,Без ремонта
bedroom (989).jpg,bedroom,bedroom,0.6383,0.3575,0.4114,0.0442,1,0.0,0.1365,2.3186,0.4399,1,0.0262,1,5.3333,0.6231,113940.98,113 941 RUB,Косметический
bedroom (99).jpeg,bedroom,bedroom,0.4871,0.1853,0.9182,0.1055,3,0.0001,0.1703,2.32,0.6196,1,0.0539,1,6.0241,0.3983,125496.6,125 497 RUB,Косметический
bedroom (99).jpg,bedroom,alcove,0.7252,0.2553,0.1314,0.0159,0,0.0,0.1147,2.3186,0.6479,0,0.0009,0,0.0,0.7475,81488.83,81 489 RUB,Без ремонта
bedroom (990).jpg,bedroom,bedroom,0.5621,0.25,1.0,0.1098,3,0.0001,0.1954,2.3186,0.5552,1,0.0342,3,15.9999,0.4029,145063.78,145 064 RUB,Косметический
bedroom (991).jpg,bedroom,bedroom,0.5535,0.2528,1.0,0.1174,2,0.0,0.1604,2.3186,0.5433,2,0.0275,2,10.6666,0.3979,147088.09,147 088 RUB,Косметический
bedroom (992).jpg,bedroom,artists_loft,0.4935,0.2336,0.6784,0.0402,0,0.0,0.159,2.3186,0.5267,1,0.0171,0,0.0,0.4858,94072.24,94 072 RUB,Косметический
bedroom (993).jpg,bedroom,bow_window/indoor,0.6181,0.2063,0.0795,0.0143,0,0.0,0.1675,2.3186,0.6662,2,0.0004,0,0.0,0.7205,86348.83,86 349 RUB,Без ремонта
bedroom (994).jpg,bedroom,playroom,0.538,0.2716,0.5914,0.0371,2,0.0027,0.1624,2.3186,0.4953,1,0.0204,0,0.0,0.5306,103570.9,103 571 RUB,Косметический
bedroom (996).jpg,bedroom,nursery,0.4729,0.2705,0.8897,0.0566,2,0.0002,0.1702,2.3186,0.4281,1,0.0504,2,10.6666,0.411,142424.54,142 425 RUB,Косметический
bedroom (997).jpg,bedroom,bedroom,0.4957,0.2344,0.5022,0.0499,4,0.0,0.1842,2.3186,0.5271,1,0.0658,4,21.3332,0.5376,150941.28,150 941 RUB,Косметический
bedroom (998).jpg,bedroom,bedroom,0.6643,0.3218,1.0,0.0836,1,0.0,0.1593,2.3186,0.5155,1,0.0734,0,0.0,0.449,116727.25,116 727 RUB,Косметический
bedroom (999).jpg,bedroom,attic,0.3686,0.2818,0.7992,0.0208,0,0.0005,0.1415,2.3186,0.2354,1,0.0177,0,0.0,0.4036,116876.67,116 877 RUB,Косметический
frontyard (1).jpeg,frontyard,garage/outdoor,0.6179,0.2622,1.0,0.1368,0,0.1158,0.1874,2.3186,0.5756,1,0.0561,0,0.0,0.4314,92362.93,92 363 RUB,Косметический
frontyard (1).jpg,frontyard,garage/outdoor,0.6195,0.2305,0.9066,0.1609,0,0.0634,0.2228,2.3186,0.628,0,0.018,0,0.0,0.45,87651.24,87 651 RUB,Без ремонта
frontyard (1).png,frontyard,hunting_lodge/outdoor,0.3243,0.1428,1.0,0.2227,0,0.0038,0.1987,2.3299,0.5599,0,0.0649,0,0.0,0.2856,97562.86,97 563 RUB,Косметический
frontyard (10).jpeg,frontyard,cottage,0.5353,0.2865,1.0,0.2106,0,0.0473,0.2103,2.3113,0.4648,2,0.0458,0,0.0,0.3767,103989.69,103 990 RUB,Косметический
frontyard (10).jpg,frontyard,garage/outdoor,0.5904,0.2538,1.0,0.1753,0,0.0147,0.2091,2.3186,0.5701,0,0.0485,0,0.0,0.4026,93311.33,93 311 RUB,Косметический
frontyard (100).jpeg,frontyard,garage/outdoor,0.4832,0.2539,1.0,0.2408,0,0.3779,0.2253,2.3186,0.4744,0,0.0986,0,0.0,0.3829,112523.96,112 524 RUB,Косметический
frontyard (100).jpg,frontyard,garage/outdoor,0.4974,0.3071,1.0,0.2415,1,0.1018,0.2128,2.33,0.3826,4,0.12,1,6.006,0.3608,150330.4,150 330 RUB,Косметический
frontyard (101).jpeg,frontyard,garage/outdoor,0.446,0.2195,1.0,0.2412,1,0.175,0.2327,2.31,0.5077,0,0.1041,1,6.0423,0.3476,134923.27,134 923 RUB,Косметический
frontyard (101).jpg,frontyard,garage/outdoor,0.4566,0.3139,1.0,0.1492,2,0.0581,0.1878,2.3059,0.3125,2,0.0793,0,0.0,0.3586,125675.79,125 676 RUB,Косметический
frontyard (102).jpeg,frontyard,garage/outdoor,0.4391,0.1793,0.3344,0.0905,0,0.01,0.1949,2.3333,0.5917,0,0.0313,0,0.0,0.5582,80555.52,80 556 RUB,Без ремонта
frontyard (102).jpg,frontyard,garage/outdoor,0.5021,0.2798,1.0,0.1859,2,0.2569,0.2112,2.3333,0.4428,1,0.0816,0,0.0,0.3894,107137.18,107 137 RUB,Косметический
frontyard (103).jpeg,frontyard,garage/outdoor,0.4871,0.24,1.0,0.1524,0,0.0212,0.2213,2.3186,0.5073,0,0.0585,0,0.0,0.3665,94173.72,94 174 RUB,Косметический
frontyard (103).jpg,frontyard,garage/outdoor,0.5437,0.2965,1.0,0.1998,0,0.0,0.1611,2.3186,0.4546,1,0.0568,0,0.0,0.3775,107061.3,107 061 RUB,Косметический
frontyard (104).jpeg,frontyard,garage/outdoor,0.5989,0.2432,1.0,0.1412,0,0.0442,0.2102,2.3186,0.5939,2,0.0555,0,0.0,0.4157,103027.99,103 028 RUB,Косметический
frontyard (104).jpg,frontyard,garage/outdoor,0.5727,0.2986,1.0,0.0916,0,0.0028,0.1747,2.3186,0.4785,1,0.0604,0,0.0,0.411,101420.42,101 420 RUB,Косметический
frontyard (105).jpeg,frontyard,garage/outdoor,0.5837,0.2228,1.0,0.1002,0,0.047,0.2071,2.3186,0.6183,2,0.0475,0,0.0,0.4182,98565.11,98 565 RUB,Косметический
frontyard (105).jpg,frontyard,garage/outdoor,0.5313,0.2534,0.7025,0.1057,2,0.0293,0.1871,2.3186,0.5231,1,0.0396,2,10.6666,0.4836,127263.27,127 263 RUB,Косметический
frontyard (106).jpeg,frontyard,garage/outdoor,0.5255,0.2158,1.0,0.1855,0,0.0149,0.228,2.3186,0.5894,4,0.0961,0,0.0,0.3746,128389.81,128 390 RUB,Косметический
frontyard (106).jpg,frontyard,garage/outdoor,0.5166,0.277,1.0,0.2238,2,0.2088,0.2204,2.32,0.4639,2,0.1258,1,6.0241,0.3828,144082.29,144 082 RUB,Косметический
frontyard (107).jpeg,frontyard,inn/outdoor,0.4266,0.266,1.0,0.1838,0,0.0237,0.2129,2.3186,0.3765,0,0.129,0,0.0,0.3362,118133.06,118 133 RUB,Косметический
frontyard (108).jpeg,frontyard,library/outdoor,0.5099,0.2369,1.0,0.1239,2,0.0301,0.1788,2.3303,0.5355,0,0.028,0,0.0,0.3822,87771.33,87 771 RUB,Без ремонта
frontyard (108).jpg,frontyard,garage/outdoor,0.4349,0.2081,1.0,0.1961,0,0.3476,0.223,2.3186,0.5215,1,0.0482,0,0.0,0.3695,102532.14,102 532 RUB,Косметический
frontyard (109).jpeg,frontyard,garage/outdoor,0.4863,0.265,1.0,0.1068,1,0.0439,0.1879,2.3055,0.4552,3,0.0846,0,0.0,0.3776,128110.38,128 110 RUB,Косметический
frontyard (109).jpg,frontyard,garage/outdoor,0.6271,0.2931,1.0,0.1822,1,0.1009,0.1992,2.33,0.5326,0,0.0495,1,6.006,0.4245,106199.67,106 200 RUB,Косметический
frontyard (11).jpeg,frontyard,garage/outdoor,0.5805,0.2707,1.0,0.1357,2,0.1088,0.2087,2.32,0.5336,0,0.0543,1,6.0241,0.4159,115690.23,115 690 RUB,Косметический
frontyard (11).jpg,frontyard,garage/outdoor,0.5654,0.2785,1.0,0.1667,2,0.0869,0.2149,2.3186,0.5074,1,0.0514,2,10.6666,0.4015,130699.06,130 699 RUB,Косметический
frontyard (110).jpeg,frontyard,garage/outdoor,0.633,0.2101,1.0,0.1164,3,0.0481,0.22,2.33,0.6681,0,0.0402,0,0.0,0.4347,92102.61,92 103 RUB,Косметический
frontyard (110).jpg,frontyard,garage/outdoor,0.4724,0.2616,1.0,0.1262,0,0.0402,0.2047,2.3186,0.4462,0,0.0259,0,0.0,0.3677,92401.99,92 402 RUB,Косметический
frontyard (111).jpeg,frontyard,garage/outdoor,0.4691,0.3429,1.0,0.1778,0,0.0972,0.1806,2.3186,0.269,2,0.0757,0,0.0,0.3618,123697.44,123 697 RUB,Косметический
frontyard (111).jpg,frontyard,driveway,0.4649,0.2359,1.0,0.1135,0,0.0005,0.1811,2.3186,0.4927,0,0.0903,0,0.0,0.3633,101370.23,101 370 RUB,Косметический
frontyard (112).jpeg,frontyard,garage/outdoor,0.4796,0.2334,1.0,0.1574,0,0.074,0.184,2.3186,0.5133,2,0.0376,0,0.0,0.3677,101135.74,101 136 RUB,Косметический
frontyard (112).jpg,frontyard,residential_neighborhood,0.4494,0.2329,1.0,0.2679,0,0.2784,0.214,2.32,0.4818,2,0.1093,0,0.0,0.354,120517.92,120 518 RUB,Косметический
frontyard (113).jpeg,frontyard,garage/outdoor,0.5124,0.1891,1.0,0.1469,1,0.0197,0.2084,2.3222,0.6309,0,0.0692,1,6.6889,0.3775,116904.12,116 904 RUB,Косметический
frontyard (113).jpg,frontyard,garage/outdoor,0.4766,0.2846,1.0,0.1971,0,0.0879,0.1994,2.3186,0.4028,2,0.1136,0,0.0,0.36,117535.97,117 536 RUB,Косметический
frontyard (114).jpeg,frontyard,garage/outdoor,0.4201,0.2659,1.0,0.1892,0,0.001,0.1974,2.3186,0.367,2,0.1032,0,0.0,0.3303,122498.83,122 499 RUB,Косметический
frontyard (114).jpg,frontyard,schoolhouse,0.6423,0.2598,1.0,0.2248,4,0.1486,0.2057,2.31,0.5954,2,0.0391,0,0.0,0.4268,113675.18,113 675 RUB,Косметический
frontyard (115).jpeg,frontyard,garage/outdoor,0.5884,0.2261,1.0,0.208,0,0.2068,0.236,2.33,0.6157,0,0.0603,0,0.0,0.4144,101524.66,101 525 RUB,Косметический
frontyard (115).jpg,frontyard,garage/outdoor,0.6212,0.2919,1.0,0.2349,2,0.0085,0.2065,2.3265,0.53,0,0.0743,1,6.1349,0.4024,125455.22,125 455 RUB,Косметический
frontyard (116).jpeg,frontyard,garage/outdoor,0.4081,0.2635,1.0,0.2333,0,0.2636,0.1974,2.3186,0.3543,3,0.1224,0,0.0,0.3429,132535.95,132 536 RUB,Косметический
frontyard (116).jpg,frontyard,garage/outdoor,0.4998,0.2395,0.9586,0.1216,0,0.1794,0.2019,2.3186,0.5208,0,0.0924,0,0.0,0.406,104737.87,104 738 RUB,Косметический
frontyard (117).jpeg,frontyard,garage/outdoor,0.4641,0.2738,1.0,0.2355,0,0.1862,0.2012,2.3186,0.4101,1,0.1176,0,0.0,0.3572,115936.8,115 937 RUB,Косметический
frontyard (117).jpg,frontyard,yard,0.5036,0.2367,1.0,0.2472,0,0.2309,0.201,2.3059,0.53,2,0.0549,0,0.0,0.3751,109422.69,109 423 RUB,Косметический
frontyard (118).jpeg,frontyard,garage/outdoor,0.3232,0.2784,1.0,0.1529,1,0.191,0.1813,2.32,0.1386,1,0.0477,0,0.0,0.3178,119007.57,119 008 RUB,Косметический
frontyard (118).jpg,frontyard,garage/outdoor,0.5075,0.2616,1.0,0.2156,1,0.0278,0.2113,2.33,0.4845,1,0.0995,0,0.0,0.3627,114322.86,114 323 RUB,Косметический
frontyard (119).jpeg,frontyard,garage/outdoor,0.4595,0.2144,1.0,0.1948,2,0.2981,0.198,2.3186,0.5334,1,0.0264,0,0.0,0.3747,103576.11,103 576 RUB,Косметический
frontyard (119).jpg,frontyard,garage/outdoor,0.5937,0.2638,1.0,0.0862,0,0.0243,0.1852,2.3069,0.5556,0,0.0377,0,0.0,0.4227,87740.63,87 741 RUB,Без ремонта
frontyard (12).jpeg,frontyard,house,0.5187,0.2694,1.0,0.2308,6,0.1995,0.2336,2.33,0.4807,2,0.0674,5,30.0298,0.3813,157389.83,157 390 RUB,Косметический
frontyard (12).jpg,frontyard,house,0.491,0.3341,0.783,0.1406,1,0.0189,0.1726,2.3186,0.3195,0,0.0065,0,0.0,0.4353,93113.2,93 113 RUB,Косметический
frontyard (120).jpeg,frontyard,yard,0.4274,0.2221,1.0,0.2303,4,0.0511,0.2217,2.3186,0.4805,1,0.1641,1,5.3333,0.33,139284.2,139 284 RUB,Косметический
frontyard (120).jpg,frontyard,garage/outdoor,0.4923,0.2349,1.0,0.2046,1,0.1211,0.221,2.33,0.5228,4,0.0965,1,6.006,0.3681,153225.0,153 225 RUB,Косметический
frontyard (121).jpeg,frontyard,garage/outdoor,0.5308,0.236,0.8075,0.1534,2,0.0685,0.194,2.32,0.5554,1,0.0342,1,6.0241,0.4463,111752.18,111 752 RUB,Косметический
frontyard (121).jpg,frontyard,garage/outdoor,0.5287,0.2251,1.0,0.1542,0,0.0,0.1609,2.3186,0.5742,0,0.0477,0,0.0,0.3806,91215.0,91 215 RUB,Косметический
frontyard (122).jpeg,frontyard,garage/outdoor,0.5196,0.1979,0.8704,0.075,2,0.0875,0.1878,2.3186,0.6191,0,0.0503,0,0.0,0.4405,91815.2,91 815 RUB,Косметический
frontyard (122).jpg,frontyard,cabin/outdoor,0.4437,0.2977,1.0,0.2517,0,0.1011,0.2096,2.3186,0.3291,3,0.102,0,0.0,0.3373,136037.0,136 037 RUB,Косметический
frontyard (123).jpeg,frontyard,garage/outdoor,0.5738,0.2283,0.4015,0.0648,0,0.0251,0.2185,2.3186,0.602,1,0.0432,0,0.0,0.5986,85937.24,85 937 RUB,Без ремонта
frontyard (123).jpg,frontyard,garage/outdoor,0.6173,0.2443,1.0,0.18,3,0.0003,0.209,2.3248,0.6042,1,0.0339,2,10.2827,0.411,126069.85,126 070 RUB,Косметический
frontyard (124).jpeg,frontyard,garage/outdoor,0.5057,0.2308,1.0,0.2844,3,0.0147,0.2574,2.3186,0.5435,2,0.1672,1,5.3333,0.3469,154058.91,154 059 RUB,Косметический
frontyard (124).jpg,frontyard,residential_neighborhood,0.4345,0.2374,1.0,0.3095,0,0.3925,0.2258,2.3186,0.4536,1,0.1348,0,0.0,0.3531,124228.28,124 228 RUB,Косметический
frontyard (125).jpeg,frontyard,garage/outdoor,0.5384,0.2459,1.0,0.2405,0,0.4136,0.2053,2.3186,0.5432,2,0.0888,0,0.0,0.4086,112358.85,112 359 RUB,Косметический
frontyard (125).jpg,frontyard,yard,0.3572,0.249,1.0,0.2846,0,0.283,0.195,2.33,0.3031,1,0.1449,0,0.0,0.3143,135903.5,135 904 RUB,Косметический
frontyard (126).jpeg,frontyard,driveway,0.487,0.3506,1.0,0.1387,0,0.2009,0.18,2.3186,0.28,1,0.0748,0,0.0,0.3871,113685.0,113 685 RUB,Косметический
frontyard (126).jpg,frontyard,garage/outdoor,0.3888,0.1762,1.0,0.1527,0,0.0398,0.2056,2.33,0.5469,0,0.0623,0,0.0,0.329,88809.61,88 810 RUB,Без ремонта
frontyard (127).jpeg,frontyard,garage/outdoor,0.5158,0.292,1.0,0.1366,6,0.118,0.1858,2.33,0.4339,0,0.067,6,36.0358,0.3908,148603.02,148 603 RUB,Косметический
frontyard (127).jpg,frontyard,garage/outdoor,0.5475,0.2561,1.0,0.1844,0,0.0674,0.2224,2.3,0.5323,1,0.0691,0,0.0,0.3889,106560.45,106 560 RUB,Косметический
frontyard (128).jpeg,frontyard,garage/outdoor,0.5716,0.2283,1.0,0.2784,0,0.0363,0.271,2.3186,0.6006,5,0.1282,0,0.0,0.3766,147860.74,147 861 RUB,Косметический
frontyard (128).jpg,frontyard,garage/outdoor,0.3453,0.2371,1.0,0.2663,0,0.2013,0.2043,2.32,0.3134,1,0.1159,0,0.0,0.305,126813.24,126 813 RUB,Косметический
frontyard (129).jpeg,frontyard,garage/outdoor,0.5705,0.2515,0.7785,0.124,1,0.1009,0.1912,2.3186,0.5592,0,0.0452,1,5.3333,0.4799,100667.23,100 667 RUB,Косметический
frontyard (129).jpg,frontyard,garage/outdoor,0.6086,0.2796,1.0,0.1404,1,0.0979,0.1804,2.33,0.5405,2,0.0373,1,6.006,0.4251,118187.86,118 188 RUB,Косметический
frontyard (13).jpeg,frontyard,garage/outdoor,0.5861,0.2341,1.0,0.1621,8,0.0017,0.2186,2.33,0.6005,6,0.0619,8,48.0478,0.4022,185634.93,185 635 RUB,Капитальный
frontyard (13).JPG,frontyard,garage/outdoor,0.3964,0.2199,1.0,0.2133,0,0.1835,0.2038,2.32,0.4454,0,0.0464,0,0.0,0.3342,96364.46,96 364 RUB,Косметический
frontyard (130).jpeg,frontyard,garage/outdoor,0.423,0.2044,1.0,0.2679,1,0.0367,0.2225,2.33,0.5168,2,0.1681,1,6.006,0.3193,149380.06,149 380 RUB,Косметический
frontyard (130).jpg,frontyard,residential_neighborhood,0.4608,0.2993,1.0,0.1425,1,0.0561,0.1842,2.3214,0.3505,2,0.0506,0,0.0,0.3614,115658.55,115 659 RUB,Косметический
frontyard (131).jpeg,frontyard,garage/outdoor,0.4724,0.304,1.0,0.1576,1,0.0162,0.18,2.3097,0.3565,2,0.0602,1,5.3476,0.359,130977.64,130 978 RUB,Косметический
frontyard (131).jpg,frontyard,library/outdoor,0.5282,0.2623,1.0,0.2437,0,0.1561,0.2089,2.3186,0.5033,3,0.0928,0,0.0,0.3781,127435.55,127 436 RUB,Косметический
frontyard (132).jpeg,frontyard,garage/outdoor,0.4212,0.2559,1.0,0.1478,0,0.0133,0.1742,2.3303,0.3926,0,0.0175,0,0.0,0.3403,92273.64,92 274 RUB,Косметический
frontyard (132).jpg,frontyard,garage/outdoor,0.617,0.3009,1.0,0.1471,2,0.0572,0.1946,2.3059,0.5122,0,0.0839,1,7.1174,0.4231,131949.08,131 949 RUB,Косметический
frontyard (133).jpeg,frontyard,garage/outdoor,0.4783,0.1959,1.0,0.1326,1,0.0186,0.2147,2.3186,0.5905,2,0.0639,1,5.3333,0.3667,127772.73,127 773 RUB,Косметический
frontyard (133).jpg,frontyard,library/outdoor,0.3599,0.2954,1.0,0.2034,0,0.0645,0.2005,2.3303,0.1792,1,0.1094,0,0.0,0.3097,130543.16,130 543 RUB,Косметический
frontyard (134).jpeg,frontyard,garage/outdoor,0.4774,0.2146,1.0,0.206,1,0.0442,0.2177,2.3162,0.5504,2,0.0758,1,5.1546,0.3542,117080.76,117 081 RUB,Косметический
frontyard (134).jpg,frontyard,yard,0.6463,0.2055,1.0,0.286,0,0.3352,0.2098,2.33,0.682,2,0.0508,0,0.0,0.4348,99573.75,99 574 RUB,Косметический
frontyard (135).jpeg,frontyard,garage/outdoor,0.4236,0.296,1.0,0.2131,3,0.0366,0.1986,2.32,0.3013,1,0.1298,1,6.0241,0.3305,139936.17,139 936 RUB,Косметический
frontyard (135).jpg,frontyard,garage/outdoor,0.4946,0.2152,1.0,0.292,2,0.0592,0.2326,2.31,0.5649,2,0.1267,1,6.0423,0.3454,151763.43,151 763 RUB,Косметический
frontyard (136).jpeg,frontyard,garage/outdoor,0.7209,0.2395,1.0,0.2218,1,0.0048,0.1987,2.3186,0.6678,3,0.0415,1,5.3333,0.4445,126722.92,126 723 RUB,Косметический
frontyard (136).jpg,frontyard,garage/outdoor,0.6532,0.2582,1.0,0.184,0,0.1623,0.1991,2.31,0.6048,0,0.0668,0,0.0,0.4407,93687.85,93 688 RUB,Косметический
frontyard (137).jpeg,frontyard,garage/outdoor,0.767,0.2006,0.2987,0.0804,2,0.118,0.1553,2.3186,0.7385,2,0.0014,1,5.3333,0.7129,96228.22,96 228 RUB,Косметический
frontyard (137).jpg,frontyard,garage/outdoor,0.5734,0.2838,1.0,0.163,1,0.0215,0.2187,2.3059,0.505,4,0.0741,1,7.1174,0.3989,145479.69,145 480 RUB,Косметический
frontyard (138).jpeg,frontyard,driveway,0.4329,0.2637,1.0,0.2484,1,0.2007,0.218,2.3059,0.391,1,0.1189,0,0.0,0.3435,125998.75,125 999 RUB,Косметический
frontyard (138).jpg,frontyard,garage/outdoor,0.4536,0.2259,1.0,0.264,0,0.3362,0.2234,2.32,0.502,3,0.0914,0,0.0,0.3623,126609.8,126 610 RUB,Косметический
frontyard (139).jpeg,frontyard,garage/outdoor,0.5617,0.2217,1.0,0.1891,1,0.0365,0.2157,2.33,0.6054,2,0.0951,1,6.006,0.3905,135726.65,135 727 RUB,Косметический
frontyard (139).jpg,frontyard,garage/outdoor,0.5288,0.2728,1.0,0.1119,2,0.11,0.1954,2.32,0.4841,1,0.0628,1,6.0241,0.4001,118625.31,118 625 RUB,Косметический
frontyard (14).jpeg,frontyard,balcony/exterior,0.584,0.2197,1.0,0.2418,1,0.0069,0.2383,2.3043,0.6238,1,0.1173,1,6.5789,0.3859,140037.71,140 038 RUB,Косметический
frontyard (14).jpg,frontyard,yard,0.3215,0.2863,0.764,0.0892,0,0.3388,0.1648,2.3186,0.1095,0,0.0375,0,0.0,0.4154,115310.33,115 310 RUB,Косметический
frontyard (140).jpeg,frontyard,garage/outdoor,0.5117,0.2738,1.0,0.2021,0,0.0045,0.204,2.3043,0.4648,1,0.0634,0,0.0,0.3647,104679.93,104 680 RUB,Косметический
frontyard (140).jpg,frontyard,garage/outdoor,0.5692,0.2169,1.0,0.108,0,0.0387,0.1831,2.3186,0.6189,1,0.0408,0,0.0,0.41,91542.28,91 542 RUB,Косметический
frontyard (141).jpeg,frontyard,garage/outdoor,0.6082,0.2762,1.0,0.1563,0,0.0043,0.168,2.3186,0.5458,0,0.0378,0,0.0,0.4125,88347.81,88 348 RUB,Без ремонта
frontyard (141).jpg,frontyard,garage/outdoor,0.4589,0.3047,1.0,0.113,0,0.0733,0.1831,2.3186,0.336,2,0.0594,0,0.0,0.3683,112943.11,112 943 RUB,Косметический
frontyard (142).jpeg,frontyard,manufactured_home,0.5388,0.2731,1.0,0.1842,6,0.2063,0.2128,2.3186,0.4931,1,0.0807,6,31.9998,0.3993,149929.78,149 930 RUB,Косметический
frontyard (142).jpg,frontyard,library/outdoor,0.4246,0.2143,1.0,0.285,1,0.2581,0.2202,2.3,0.4952,0,0.093,1,6.0606,0.3386,137904.11,137 904 RUB,Косметический
frontyard (143).jpeg,frontyard,garage/outdoor,0.4813,0.2425,1.0,0.2833,1,0.1961,0.2274,2.33,0.4961,4,0.1208,0,0.0,0.3555,139372.67,139 373 RUB,Косметический
frontyard (143).jpg,frontyard,garage/outdoor,0.5327,0.2332,1.0,0.1243,1,0.126,0.1951,2.3186,0.5623,1,0.0291,1,5.3333,0.4008,111819.99,111 820 RUB,Косметический
frontyard (144).jpeg,frontyard,garage/outdoor,0.5,0.2806,1.0,0.1195,0,0.1268,0.1766,2.3186,0.4388,0,0.0367,0,0.0,0.3888,91948.9,91 949 RUB,Косметический
frontyard (144).jpg,frontyard,yard,0.4957,0.2496,1.0,0.2374,0,0.4525,0.2199,2.3186,0.4965,2,0.0616,0,0.0,0.396,112081.99,112 082 RUB,Косметический
frontyard (145).jpeg,frontyard,garage/outdoor,0.4511,0.1837,1.0,0.1668,0,0.001,0.202,2.31,0.5928,3,0.0685,0,0.0,0.3472,116173.16,116 173 RUB,Косметический
frontyard (145).jpg,frontyard,garage/outdoor,0.4458,0.3053,1.0,0.0858,0,0.0005,0.1546,2.3186,0.3153,1,0.0148,0,0.0,0.3612,105076.08,105 076 RUB,Косметический
frontyard (146).jpeg,frontyard,garage/outdoor,0.5042,0.1971,0.9313,0.1136,0,0.0161,0.1971,2.32,0.609,0,0.0799,0,0.0,0.4012,97117.6,97 118 RUB,Косметический
frontyard (146).jpg,frontyard,garage/outdoor,0.5589,0.2797,1.0,0.1235,0,0.0043,0.2028,2.3186,0.4996,5,0.0463,0,0.0,0.3993,129783.48,129 783 RUB,Косметический
frontyard (147).jpeg,frontyard,garage/outdoor,0.6206,0.194,1.0,0.1697,0,0.0004,0.2223,2.3186,0.6873,1,0.0789,0,0.0,0.4143,104527.01,104 527 RUB,Косметический
frontyard (147).jpg,frontyard,garage/outdoor,0.4128,0.2308,1.0,0.2042,0,0.0029,0.2005,2.3186,0.441,1,0.103,0,0.0,0.3246,116352.45,116 352 RUB,Косметический
frontyard (148).jpeg,frontyard,garage/outdoor,0.4674,0.2793,1.0,0.2377,1,0.1334,0.2152,2.33,0.4025,2,0.1578,0,0.0,0.3528,132684.06,132 684 RUB,Косметический
frontyard (148).jpg,frontyard,garage/outdoor,0.4713,0.2347,1.0,0.182,0,0.053,0.216,2.3333,0.502,0,0.0838,0,0.0,0.3574,100874.62,100 875 RUB,Косметический
frontyard (149).jpeg,frontyard,garage/outdoor,0.4069,0.3055,1.0,0.1713,2,0.1964,0.1735,2.3097,0.2491,1,0.083,1,5.3476,0.3481,137444.02,137 444 RUB,Косметический
frontyard (149).jpg,frontyard,garage/outdoor,0.4833,0.3164,1.0,0.2106,0,0.1865,0.1755,2.3186,0.3453,1,0.0668,0,0.0,0.3699,108662.55,108 663 RUB,Косметический
frontyard (15).jpeg,frontyard,manufactured_home,0.5851,0.2434,0.3848,0.0952,2,0.0029,0.1942,2.3186,0.5841,0,0.0218,0,0.0,0.5999,86206.07,86 206 RUB,Без ремонта
frontyard (15).jpg,frontyard,garage/outdoor,0.5262,0.2462,0.8672,0.1167,1,0.2311,0.2308,2.32,0.5322,0,0.0517,0,0.0,0.4501,91139.33,91 139 RUB,Косметический
frontyard (150).jpeg,frontyard,garage/outdoor,0.4819,0.299,1.0,0.151,0,0.0374,0.2124,2.3137,0.3795,1,0.0898,0,0.0,0.3663,107023.15,107 023 RUB,Косметический
frontyard (150).jpg,frontyard,garage/outdoor,0.5978,0.2321,1.0,0.2006,0,0.0805,0.2322,2.33,0.6117,3,0.0708,0,0.0,0.4071,118190.79,118 191 RUB,Косметический
frontyard (151).jpeg,frontyard,yard,0.3481,0.2309,1.0,0.1914,7,0.0017,0.1891,2.3186,0.3366,1,0.1135,0,0.0,0.3011,134467.81,134 468 RUB,Косметический
frontyard (151).jpg,frontyard,garage/outdoor,0.5326,0.1931,1.0,0.152,1,0.022,0.2097,2.3059,0.6374,2,0.0708,1,7.1174,0.3848,138389.11,138 389 RUB,Косметический
frontyard (152).jpeg,frontyard,garage/outdoor,0.5132,0.2763,1.0,0.2783,1,0.066,0.2193,2.3186,0.4616,2,0.1705,0,0.0,0.3562,137786.19,137 786 RUB,Косметический
frontyard (152).jpg,frontyard,garage/outdoor,0.6219,0.2321,0.4557,0.0911,0,0.0286,0.1805,2.3186,0.6268,0,0.0229,0,0.0,0.5967,79368.65,79 369 RUB,Без ремонта
frontyard (153).jpeg,frontyard,garage/outdoor,0.5779,0.2054,1.0,0.2263,0,0.0276,0.2236,2.31,0.6447,1,0.0702,0,0.0,0.3887,108820.25,108 820 RUB,Косметический
frontyard (153).jpg,frontyard,doorway/outdoor,0.5108,0.2467,1.0,0.2582,0,0.0974,0.2475,2.32,0.5171,2,0.0758,0,0.0,0.3624,115261.73,115 262 RUB,Косметический
frontyard (154).jpeg,frontyard,garage/outdoor,0.5628,0.2462,1.0,0.2037,1,0.0001,0.1812,2.3333,0.5625,2,0.0449,0,0.0,0.3844,104068.91,104 069 RUB,Косметический
frontyard (154).jpg,frontyard,manufactured_home,0.5277,0.351,1.0,0.1839,0,0.1709,0.1854,2.3186,0.3349,0,0.0393,0,0.0,0.3914,97583.09,97 583 RUB,Косметический
frontyard (155).jpeg,frontyard,residential_neighborhood,0.4751,0.2911,1.0,0.1673,0,0.2923,0.1989,2.3186,0.3873,1,0.0745,0,0.0,0.3858,109580.54,109 581 RUB,Косметический
frontyard (155).jpg,frontyard,doorway/outdoor,0.4456,0.1504,1.0,0.2886,0,0.1764,0.2429,2.32,0.6625,0,0.0761,0,0.0,0.3382,104373.97,104 374 RUB,Косметический
frontyard (156).jpeg,frontyard,garage/outdoor,0.5006,0.2541,1.0,0.2197,0,0.1819,0.211,2.3186,0.4925,3,0.1156,0,0.0,0.3745,126337.26,126 337 RUB,Косметический
frontyard (156).jpg,frontyard,garage/outdoor,0.5227,0.333,1.0,0.1092,0,0.1128,0.1746,2.3186,0.363,1,0.076,0,0.0,0.3985,110050.02,110 050 RUB,Косметический
frontyard (157).jpeg,frontyard,garage/outdoor,0.5109,0.1956,1.0,0.2314,0,0.1261,0.2255,2.33,0.6172,1,0.0767,0,0.0,0.3707,104215.98,104 216 RUB,Косметический
frontyard (157).jpg,frontyard,garage/outdoor,0.4251,0.2945,1.0,0.241,0,0.0776,0.1963,2.33,0.3073,1,0.1278,0,0.0,0.3296,129249.22,129 249 RUB,Косметический
frontyard (158).jpeg,frontyard,garage/outdoor,0.6238,0.2455,1.0,0.1456,0,0.0146,0.2085,2.33,0.6065,4,0.0689,0,0.0,0.4219,118793.5,118 794 RUB,Косметический
frontyard (158).jpg,frontyard,garage/outdoor,0.5492,0.1943,1.0,0.1788,0,0.0135,0.2033,2.3069,0.6462,2,0.0567,0,0.0,0.3853,106338.08,106 338 RUB,Косметический
frontyard (159).jpeg,frontyard,garage/outdoor,0.5516,0.2547,1.0,0.2056,0,0.2653,0.2272,2.3186,0.5382,3,0.038,0,0.0,0.406,110120.87,110 121 RUB,Косметический
frontyard (159).jpg,frontyard,garage/outdoor,0.5303,0.1929,0.6781,0.1235,0,0.1224,0.1898,2.3186,0.6362,0,0.0253,0,0.0,0.4962,81232.95,81 233 RUB,Без ремонта
frontyard (16).jpeg,frontyard,library/outdoor,0.5767,0.2506,1.0,0.2241,2,0.1414,0.2011,2.33,0.5654,7,0.0391,1,6.006,0.4,148547.71,148 548 RUB,Косметический
frontyard (16).jpg,frontyard,garage/outdoor,0.5211,0.2588,0.8153,0.1085,0,0.0432,0.1727,2.3186,0.5034,0,0.0283,0,0.0,0.4465,82263.65,82 264 RUB,Без ремонта
frontyard (160).jpeg,frontyard,garage/outdoor,0.4986,0.2382,1.0,0.2094,0,0.1492,0.2058,2.3043,0.5222,2,0.0502,0,0.0,0.3725,107803.52,107 804 RUB,Косметический
frontyard (160).jpg,frontyard,garage/outdoor,0.4571,0.1339,1.0,0.1199,0,0.0547,0.1975,2.31,0.707,0,0.0515,0,0.0,0.3643,87260.63,87 261 RUB,Без ремонта
frontyard (161).jpeg,frontyard,garage/outdoor,0.6496,0.234,0.6714,0.1195,0,0.0029,0.1911,2.3153,0.6399,1,0.0132,0,0.0,0.5348,85255.96,85 256 RUB,Без ремонта
frontyard (161).jpg,frontyard,cabin/outdoor,0.447,0.2608,1.0,0.3057,0,0.4283,0.2304,2.33,0.4166,1,0.2377,0,0.0,0.3616,145317.08,145 317 RUB,Косметический
frontyard (162).jpeg,frontyard,garage/outdoor,0.4542,0.1724,1.0,0.1965,0,0.179,0.2147,2.3043,0.6204,0,0.0829,0,0.0,0.3603,97129.78,97 130 RUB,Косметический
frontyard (162).jpg,frontyard,garage/outdoor,0.5693,0.2395,1.0,0.1432,0,0.0168,0.2142,2.33,0.5794,1,0.0471,0,0.0,0.4008,97967.68,97 968 RUB,Косметический
frontyard (163).jpeg,frontyard,garage/outdoor,0.5786,0.2226,1.0,0.1902,2,0.242,0.2178,2.33,0.6152,1,0.091,2,12.0119,0.4176,141425.66,141 426 RUB,Косметический
frontyard (163).jpg,frontyard,yard,0.4545,0.2778,1.0,0.2103,1,0.3769,0.1802,2.3186,0.3889,2,0.0607,0,0.0,0.3774,116249.33,116 249 RUB,Косметический
frontyard (164).jpeg,frontyard,garage/outdoor,0.5479,0.2156,1.0,0.1814,0,0.2384,0.2169,2.33,0.6065,1,0.0569,0,0.0,0.4067,98152.97,98 153 RUB,Косметический
frontyard (164).jpg,frontyard,garage/outdoor,0.6782,0.2216,1.0,0.1838,1,0.0836,0.2231,2.33,0.6733,0,0.0909,0,0.0,0.4429,96905.77,96 906 RUB,Косметический
frontyard (165).jpeg,frontyard,garage/outdoor,0.5004,0.2221,1.0,0.2575,0,0.0964,0.2549,2.3186,0.5563,2,0.0755,0,0.0,0.3583,113641.29,113 641 RUB,Косметический
frontyard (165).jpg,frontyard,garage/outdoor,0.5081,0.2172,1.0,0.1963,1,0.0611,0.2136,2.3333,0.5726,1,0.0478,0,0.0,0.3701,95227.11,95 227 RUB,Косметический
frontyard (166).jpeg,frontyard,garage/outdoor,0.5903,0.2763,1.0,0.1661,1,0.1054,0.1924,2.31,0.5319,0,0.042,1,6.0423,0.4135,105484.94,105 485 RUB,Косметический
frontyard (166).jpg,frontyard,garage/outdoor,0.3704,0.2182,1.0,0.1323,1,0.0,0.177,2.33,0.4108,1,0.0692,1,6.006,0.3217,129893.32,129 893 RUB,Косметический
frontyard (167).jpeg,frontyard,garage/outdoor,0.5567,0.2492,1.0,0.2463,0,0.2375,0.2247,2.33,0.5523,3,0.066,0,0.0,0.3972,113969.46,113 969 RUB,Косметический
frontyard (167).jpg,frontyard,garage/outdoor,0.4181,0.234,1.0,0.1188,0,0.0091,0.192,2.3186,0.4403,2,0.0431,0,0.0,0.3444,109422.35,109 422 RUB,Косметический
frontyard (168).jpeg,frontyard,garage/outdoor,0.3934,0.2736,1.0,0.2499,0,0.3362,0.2144,2.3186,0.3047,2,0.1667,0,0.0,0.341,144911.53,144 912 RUB,Косметический
frontyard (168).jpg,frontyard,garage/outdoor,0.5271,0.3208,1.0,0.122,1,0.0229,0.1685,2.3148,0.3914,0,0.125,0,0.0,0.3888,116876.86,116 877 RUB,Косметический
frontyard (169).jpeg,frontyard,garage/outdoor,0.5044,0.2391,1.0,0.1791,3,0.1707,0.2135,2.32,0.526,2,0.1383,3,18.0722,0.383,163863.36,163 863 RUB,Косметический
frontyard (169).jpg,frontyard,garage/outdoor,0.4875,0.2791,1.0,0.1658,1,0.1331,0.1928,2.3186,0.4275,2,0.0596,0,0.0,0.3751,109910.98,109 911 RUB,Косметический
frontyard (17).jpeg,frontyard,garage/outdoor,0.4455,0.2559,1.0,0.2637,2,0.1125,0.2183,2.31,0.4256,1,0.0978,2,12.0845,0.3367,149502.57,149 503 RUB,Косметический
frontyard (17).jpg,frontyard,residential_neighborhood,0.4844,0.2347,1.0,0.2062,0,0.1471,0.2263,2.3131,0.5154,1,0.0598,0,0.0,0.3672,103037.79,103 038 RUB,Косметический
frontyard (170).jpeg,frontyard,garage/outdoor,0.4747,0.2035,1.0,0.2736,0,0.0543,0.226,2.3186,0.5713,0,0.046,0,0.0,0.3406,98520.66,98 521 RUB,Косметический
frontyard (170).jpg,frontyard,garage/outdoor,0.6566,0.2431,1.0,0.2091,1,0.0244,0.1866,2.33,0.6298,2,0.0962,1,6.006,0.4233,136094.05,136 094 RUB,Косметический
frontyard (171).jpeg,frontyard,garage/outdoor,0.534,0.2341,1.0,0.2335,1,0.0205,0.2091,2.33,0.5617,1,0.1211,1,6.006,0.369,133303.54,133 304 RUB,Косметический
frontyard (171).jpg,frontyard,garage/outdoor,0.5946,0.3041,1.0,0.1722,0,0.1137,0.1932,2.3333,0.4886,2,0.0778,0,0.0,0.4148,113743.65,113 744 RUB,Косметический
frontyard (172).jpeg,frontyard,garage/outdoor,0.5161,0.1817,0.6595,0.1077,0,0.0314,0.2087,2.3186,0.6478,3,0.0431,0,0.0,0.4902,102029.71,102 030 RUB,Косметический
frontyard (172).jpg,frontyard,garage/outdoor,0.6083,0.2694,1.0,0.2108,1,0.228,0.2311,2.31,0.5571,1,0.0772,1,6.0423,0.4239,121125.32,121 125 RUB,Косметический
frontyard (173).jpeg,frontyard,hunting_lodge/outdoor,0.7308,0.2959,1.0,0.1094,0,0.0677,0.1364,2.32,0.5951,1,0.0491,0,0.0,0.4772,84953.71,84 954 RUB,Без ремонта
frontyard (173).jpg,frontyard,garage/outdoor,0.4092,0.273,1.0,0.2165,0,0.0428,0.1929,2.3186,0.3328,1,0.0987,0,0.0,0.3247,120237.47,120 237 RUB,Косметический
frontyard (174).jpeg,frontyard,manufactured_home,0.5188,0.1864,0.6976,0.1066,0,0.0858,0.2051,2.3059,0.6407,0,0.0236,0,0.0,0.4855,83447.93,83 448 RUB,Без ремонта
frontyard (174).jpg,frontyard,garage/outdoor,0.5232,0.256,1.0,0.1402,1,0.1826,0.1916,2.33,0.5108,0,0.049,1,6.006,0.3995,108622.83,108 623 RUB,Косметический
frontyard (175).jpeg,frontyard,oast_house,0.5336,0.2355,1.0,0.152,0,0.0495,0.2044,2.32,0.5587,0,0.0327,0,0.0,0.388,87624.85,87 625 RUB,Без ремонта
frontyard (175).jpg,frontyard,residential_neighborhood,0.5097,0.2613,1.0,0.1767,0,0.0212,0.1823,2.3186,0.4873,3,0.096,0,0.0,0.3707,123764.89,123 765 RUB,Косметический
frontyard (176).jpeg,frontyard,yard,0.4883,0.2026,1.0,0.1745,0,0.4497,0.1809,2.3186,0.5851,0,0.0348,0,0.0,0.4054,88632.59,88 633 RUB,Без ремонта
frontyard (176).jpg,frontyard,garage/outdoor,0.5252,0.2608,0.2403,0.0654,0,0.0614,0.1983,2.3186,0.5035,1,0.0369,0,0.0,0.631,83147.92,83 148 RUB,Без ремонта
frontyard (177).jpeg,frontyard,garage/outdoor,0.5669,0.2378,1.0,0.2084,0,0.3049,0.2043,2.3186,0.5805,4,0.0414,0,0.0,0.4156,122508.84,122 509 RUB,Косметический
frontyard (177).jpg,frontyard,garage/outdoor,0.4595,0.1959,1.0,0.2417,0,0.0539,0.2279,2.307,0.5736,1,0.135,0,0.0,0.3408,119164.25,119 164 RUB,Косметический
frontyard (178).jpeg,frontyard,garage/outdoor,0.3581,0.2509,1.0,0.2651,3,0.1481,0.1947,2.3186,0.2994,3,0.1984,2,10.6666,0.305,190939.94,190 940 RUB,Капитальный
frontyard (178).jpg,frontyard,garage/outdoor,0.5323,0.2752,1.0,0.1618,1,0.1462,0.1951,2.33,0.483,0,0.0511,1,6.006,0.3952,111969.53,111 970 RUB,Косметический
frontyard (179).jpeg,frontyard,garage/outdoor,0.6174,0.2657,1.0,0.1839,0,0.0797,0.2158,2.3069,0.5696,6,0.0746,0,0.0,0.4181,130940.15,130 940 RUB,Косметический
frontyard (179).jpg,frontyard,yard,0.3794,0.2575,1.0,0.1839,2,0.187,0.2178,2.3186,0.3213,2,0.0643,0,0.0,0.3337,121673.41,121 673 RUB,Косметический
frontyard (18).jpeg,frontyard,yard,0.3719,0.2491,1.0,0.2458,3,0.3167,0.1957,2.3186,0.3303,0,0.134,3,15.9999,0.3313,167245.07,167 245 RUB,Косметический
frontyard (18).jpg,frontyard,garage/outdoor,0.4927,0.2218,0.6661,0.1066,1,0.0129,0.2284,2.322,0.5497,1,0.0168,0,0.0,0.4772,92220.19,92 220 RUB,Косметический
frontyard (180).jpeg,frontyard,yard,0.5376,0.2535,1.0,0.2509,3,0.4328,0.2131,2.3186,0.5284,1,0.0528,2,10.6666,0.4081,131866.23,131 866 RUB,Косметический
frontyard (180).jpg,frontyard,library/outdoor,0.4243,0.2427,1.0,0.2477,8,0.0966,0.2199,2.33,0.4281,2,0.079,6,36.0358,0.3299,176085.18,176 085 RUB,Капитальный
frontyard (181).jpeg,frontyard,oast_house,0.5241,0.2967,1.0,0.2049,1,0.0483,0.2127,2.32,0.4339,2,0.098,1,6.0241,0.3735,137722.44,137 722 RUB,Косметический
frontyard (181).jpg,frontyard,garage/outdoor,0.47,0.2943,1.0,0.226,1,0.0737,0.2106,2.3186,0.3737,1,0.136,1,5.3333,0.3502,143565.12,143 565 RUB,Косметический
frontyard (182).jpeg,frontyard,garage/outdoor,0.5436,0.2398,1.0,0.2115,2,0.059,0.2196,2.32,0.5589,1,0.0718,1,6.0241,0.381,120274.83,120 275 RUB,Косметический
frontyard (182).jpg,frontyard,residential_neighborhood,0.6265,0.2355,1.0,0.1478,0,0.0358,0.2159,2.3186,0.6241,2,0.0462,0,0.0,0.4246,97794.66,97 795 RUB,Косметический
frontyard (183).jpeg,frontyard,residential_neighborhood,0.4357,0.2938,1.0,0.2389,0,0.1547,0.2034,2.3186,0.3256,3,0.1337,0,0.0,0.342,138873.54,138 874 RUB,Косметический
frontyard (183).jpg,frontyard,garage/outdoor,0.4695,0.28,1.0,0.2631,0,0.0718,0.2241,2.33,0.4036,2,0.1789,0,0.0,0.3424,142190.04,142 190 RUB,Косметический
frontyard (184).jpeg,frontyard,garage/outdoor,0.4645,0.2538,1.0,0.1094,0,0.1267,0.1828,2.3186,0.4536,2,0.0555,0,0.0,0.3766,107284.12,107 284 RUB,Косметический
frontyard (184).jpg,frontyard,garage/outdoor,0.5436,0.1819,1.0,0.196,2,0.0053,0.2094,2.3211,0.6653,1,0.1141,2,11.0497,0.3788,147855.53,147 856 RUB,Косметический
frontyard (185).jpeg,frontyard,garage/outdoor,0.4466,0.1964,1.0,0.2674,0,0.1734,0.2077,2.3,0.5602,2,0.0703,0,0.0,0.3425,116952.16,116 952 RUB,Косметический
frontyard (185).jpg,frontyard,residential_neighborhood,0.3552,0.2733,1.0,0.2058,1,0.1748,0.2023,2.3186,0.2305,1,0.0722,1,5.3333,0.3184,132432.16,132 432 RUB,Косметический
frontyard (186).jpeg,frontyard,garage/outdoor,0.5193,0.2492,1.0,0.128,2,0.1371,0.2186,2.3097,0.5201,3,0.043,2,10.6951,0.3958,143774.16,143 774 RUB,Косметический
frontyard (186).jpg,frontyard,yard,0.3548,0.2014,0.8999,0.1112,1,0.1463,0.1846,2.3303,0.4322,0,0.0386,0,0.0,0.3643,98136.28,98 136 RUB,Косметический
frontyard (187).jpeg,frontyard,garage/outdoor,0.5863,0.2899,1.0,0.1979,1,0.2123,0.1943,2.33,0.5056,3,0.0335,1,6.006,0.4162,129246.44,129 246 RUB,Косметический
frontyard (187).jpg,frontyard,garage/outdoor,0.2783,0.2504,0.4123,0.0558,0,0.0042,0.1548,2.3186,0.1001,0,0.0328,0,0.0,0.4769,104275.86,104 276 RUB,Косметический
frontyard (188).jpeg,frontyard,garage/outdoor,0.5542,0.2517,1.0,0.263,1,0.3547,0.2203,2.33,0.5459,5,0.0717,1,6.006,0.4046,149073.6,149 074 RUB,Косметический
frontyard (188).jpg,frontyard,garage/outdoor,0.4578,0.2344,1.0,0.0888,1,0.0183,0.1901,2.3186,0.488,1,0.0668,1,5.3333,0.3672,118965.53,118 966 RUB,Косметический
frontyard (189).jpeg,frontyard,doorway/outdoor,0.586,0.2391,1.0,0.1943,0,0.1864,0.2402,2.31,0.5919,1,0.0493,0,0.0,0.4142,102398.06,102 398 RUB,Косметический
frontyard (189).jpg,frontyard,manufactured_home,0.521,0.2374,1.0,0.2407,0,0.0164,0.2176,2.3097,0.5443,0,0.0331,0,0.0,0.3619,93405.63,93 406 RUB,Косметический
frontyard (19).jpeg,frontyard,residential_neighborhood,0.4726,0.2151,1.0,0.1778,1,0.0569,0.2065,2.33,0.5448,0,0.0475,0,0.0,0.3592,98476.52,98 477 RUB,Косметический
frontyard (19).jpg,frontyard,garage/outdoor,0.5561,0.3064,1.0,0.1274,1,0.028,0.1807,2.3333,0.449,2,0.0257,1,7.1428,0.3997,132991.72,132 992 RUB,Косметический
frontyard (190).jpeg,frontyard,garage/outdoor,0.5263,0.2447,1.0,0.2372,1,0.1136,0.2193,2.32,0.5351,4,0.1635,0,0.0,0.3744,143053.76,143 054 RUB,Косметический
frontyard (190).jpg,frontyard,garage/outdoor,0.5295,0.2835,1.0,0.1903,0,0.2152,0.2258,2.3196,0.4646,0,0.0801,0,0.0,0.3952,100272.57,100 273 RUB,Косметический
frontyard (191).jpeg,frontyard,yard,0.4785,0.1817,1.0,0.2366,2,0.0554,0.212,2.33,0.6202,1,0.045,2,12.0119,0.3496,138237.4,138 237 RUB,Косметический
frontyard (191).jpg,frontyard,garage/outdoor,0.5396,0.1907,1.0,0.218,0,0.0709,0.2277,2.33,0.6466,0,0.0839,0,0.0,0.3793,97859.24,97 859 RUB,Косметический
frontyard (192).jpeg,frontyard,garage/outdoor,0.4562,0.2253,1.0,0.2052,2,0.124,0.2462,2.32,0.5061,1,0.227,2,12.0481,0.3538,179822.97,179 823 RUB,Капитальный
frontyard (192).jpg,frontyard,garage/outdoor,0.4553,0.2842,1.0,0.1693,1,0.1274,0.1997,2.3186,0.3758,1,0.1032,1,5.3333,0.361,129461.5,129 462 RUB,Косметический
frontyard (193).jpeg,frontyard,garage/outdoor,0.5574,0.1761,1.0,0.1927,0,0.0136,0.2263,2.33,0.684,2,0.0141,0,0.0,0.3858,96362.11,96 362 RUB,Косметический
frontyard (193).jpg,frontyard,garage/outdoor,0.645,0.2349,1.0,0.2199,1,0.0093,0.1829,2.33,0.6358,1,0.0389,0,0.0,0.4149,97322.01,97 322 RUB,Косметический
frontyard (194).jpeg,frontyard,garage/outdoor,0.4927,0.2067,1.0,0.231,2,0.0862,0.2139,2.33,0.5804,2,0.1229,2,12.0119,0.3595,161272.18,161 272 RUB,Косметический
frontyard (194).jpg,frontyard,courtyard,0.4178,0.2972,1.0,0.2454,0,0.026,0.1994,2.31,0.2887,2,0.162,0,0.0,0.3207,148648.38,148 648 RUB,Косметический
frontyard (195).jpeg,frontyard,yard,0.4867,0.22,1.0,0.2051,0,0.1315,0.2224,2.33,0.548,2,0.0668,0,0.0,0.3668,108684.51,108 685 RUB,Косметический
frontyard (195).jpg,frontyard,garage/outdoor,0.48,0.2612,1.0,0.2692,1,0.1064,0.2125,2.3186,0.4558,0,0.1308,0,0.0,0.3488,123360.83,123 361 RUB,Косметический
frontyard (196).jpeg,frontyard,garage/outdoor,0.5498,0.2316,1.0,0.1822,0,0.2553,0.2274,2.32,0.5787,3,0.0413,0,0.0,0.409,109108.54,109 109 RUB,Косметический
frontyard (196).jpg,frontyard,garage/outdoor,0.6818,0.2094,1.0,0.1793,3,0.0031,0.2156,2.33,0.693,1,0.0448,0,0.0,0.4372,99767.67,99 768 RUB,Косметический
frontyard (197).jpeg,frontyard,porch,0.4881,0.2535,1.0,0.2528,6,0.3133,0.2267,2.32,0.4807,1,0.0669,5,30.1203,0.376,156737.34,156 737 RUB,Косметический
frontyard (197).jpg,frontyard,garage/outdoor,0.5487,0.2446,1.0,0.1559,0,0.0074,0.2168,2.3186,0.5541,3,0.0622,0,0.0,0.389,114234.72,114 235 RUB,Косметический
frontyard (198).jpeg,frontyard,garage/outdoor,0.5933,0.1844,1.0,0.1465,4,0.0092,0.1985,2.31,0.6892,1,0.0831,3,18.1268,0.4089,145685.03,145 685 RUB,Косметический
frontyard (198).jpg,frontyard,garage/outdoor,0.6766,0.2657,0.6797,0.1089,2,0.0182,0.1863,2.3186,0.6073,1,0.0302,0,0.0,0.5468,90870.23,90 870 RUB,Косметический
frontyard (199).jpeg,frontyard,garage/outdoor,0.4374,0.3179,1.0,0.2334,0,0.3028,0.2012,2.3186,0.2733,1,0.1176,0,0.0,0.3586,131107.82,131 108 RUB,Косметический
frontyard (199).jpg,frontyard,garage/outdoor,0.3112,0.2457,1.0,0.217,1,0.1732,0.1841,2.3186,0.2104,2,0.1379,0,0.0,0.2984,144219.34,144 219 RUB,Косметический
frontyard (2).jpeg,frontyard,manufactured_home,0.4437,0.263,1.0,0.1819,5,0.1221,0.1981,2.3186,0.4074,0,0.0763,0,0.0,0.3533,117634.27,117 634 RUB,Косметический
frontyard (2).jpg,frontyard,yard,0.5518,0.277,1.0,0.2313,1,0.1256,0.2131,2.3186,0.4981,0,0.0206,1,5.3333,0.387,107429.1,107 429 RUB,Косметический
frontyard (2).png,frontyard,garage/outdoor,0.3646,0.1917,1.0,0.1375,2,0.1747,0.179,2.3274,0.4743,0,0.0676,0,0.0,0.3358,99376.37,99 376 RUB,Косметический
frontyard (20).jpeg,frontyard,garage/outdoor,0.476,0.2266,1.0,0.2919,0,0.0738,0.1979,2.3059,0.524,5,0.0793,0,0.0,0.3394,137860.02,137 860 RUB,Косметический
frontyard (20).jpg,frontyard,garage/outdoor,0.4794,0.2063,1.0,0.1917,0,0.1062,0.2248,2.33,0.5698,2,0.0628,0,0.0,0.364,105814.96,105 815 RUB,Косметический
frontyard (200).jpeg,frontyard,garage/outdoor,0.5711,0.2187,1.0,0.2087,0,0.0435,0.2365,2.3,0.617,2,0.0695,0,0.0,0.391,112198.05,112 198 RUB,Косметический
frontyard (200).jpg,frontyard,garage/outdoor,0.615,0.2872,1.0,0.1945,1,0.0841,0.1969,2.3186,0.533,1,0.0487,0,0.0,0.4155,96785.77,96 786 RUB,Косметический
frontyard (201).jpeg,frontyard,garage/outdoor,0.6439,0.2204,0.7676,0.0786,5,0.0205,0.2033,2.33,0.6578,0,0.0323,0,0.0,0.5136,92684.93,92 685 RUB,Косметический
frontyard (201).jpg,frontyard,garage/outdoor,0.414,0.2422,1.0,0.2692,2,0.1819,0.2172,2.3093,0.415,0,0.085,0,0.0,0.3299,113198.36,113 198 RUB,Косметический
frontyard (202).jpeg,frontyard,garage/outdoor,0.4895,0.2812,1.0,0.1717,0,0.1595,0.1943,2.3186,0.4256,1,0.063,0,0.0,0.3774,105823.84,105 824 RUB,Косметический
frontyard (202).jpg,frontyard,schoolhouse,0.5153,0.2309,1.0,0.311,0,0.0772,0.2498,2.3333,0.5519,2,0.1514,0,0.0,0.3539,128211.86,128 212 RUB,Косметический
frontyard (203).jpeg,frontyard,yard,0.4817,0.2544,1.0,0.2985,1,0.3111,0.2109,2.3186,0.4719,2,0.1502,0,0.0,0.3641,132516.97,132 517 RUB,Косметический
frontyard (203).jpg,frontyard,garage/outdoor,0.5084,0.2251,1.0,0.2297,3,0.0145,0.2215,2.33,0.5573,2,0.1352,3,18.0179,0.3589,166787.29,166 787 RUB,Косметический
frontyard (204).jpeg,frontyard,garage/outdoor,0.4587,0.2072,1.0,0.1977,3,0.1986,0.2089,2.33,0.5484,0,0.1675,0,0.0,0.3638,114743.37,114 743 RUB,Косметический
frontyard (204).jpg,frontyard,residential_neighborhood,0.4595,0.3056,1.0,0.2788,1,0.1719,0.1937,2.3303,0.3349,3,0.1279,0,0.0,0.3452,138204.03,138 204 RUB,Косметический
frontyard (205).jpeg,frontyard,industrial_area,0.6835,0.1661,1.0,0.0913,1,0.0003,0.2087,2.3186,0.757,3,0.0651,0,0.0,0.4552,102234.4,102 234 RUB,Косметический
frontyard (205).jpg,frontyard,yard,0.6402,0.2163,1.0,0.2312,1,0.1075,0.2257,2.33,0.6621,4,0.0905,1,6.006,0.4206,138709.08,138 709 RUB,Косметический
frontyard (206).jpeg,frontyard,garage/outdoor,0.5601,0.2646,1.0,0.1264,0,0.0875,0.1969,2.3186,0.5276,0,0.0363,0,0.0,0.4075,87784.86,87 785 RUB,Без ремонта
frontyard (206).jpg,frontyard,residential_neighborhood,0.5867,0.2434,1.0,0.1664,0,0.0288,0.1996,2.3158,0.5851,3,0.0461,0,0.0,0.4043,108052.04,108 052 RUB,Косметический
frontyard (207).jpeg,frontyard,garage/outdoor,0.3865,0.1989,1.0,0.1205,3,0.0023,0.2042,2.3333,0.4854,0,0.0645,2,12.0119,0.3307,140973.41,140 973 RUB,Косметический
frontyard (207).jpg,frontyard,garage/outdoor,0.475,0.2166,1.0,0.2561,1,0.1149,0.217,2.33,0.544,2,0.1906,1,6.006,0.3503,161103.15,161 103 RUB,Косметический
frontyard (208).jpeg,frontyard,yard,0.5233,0.2546,1.0,0.2567,0,0.3273,0.2132,2.3186,0.5134,2,0.0482,0,0.0,0.3907,104508.72,104 509 RUB,Косметический
frontyard (208).jpg,frontyard,garage/outdoor,0.3994,0.2333,1.0,0.2145,0,0.0151,0.2144,2.3097,0.4158,3,0.1644,0,0.0,0.3184,138785.45,138 785 RUB,Косметический
frontyard (209).jpeg,frontyard,yard,0.5629,0.2554,1.0,0.3097,2,0.1359,0.2206,2.3186,0.5463,4,0.0872,1,5.3333,0.3787,149340.87,149 341 RUB,Косметический
frontyard (209).jpg,frontyard,garage/outdoor,0.592,0.2758,1.0,0.1803,0,0.0138,0.1877,2.33,0.5342,1,0.0641,0,0.0,0.4021,103495.67,103 496 RUB,Косметический
frontyard (21).jpeg,frontyard,garage/outdoor,0.5212,0.2198,1.0,0.1696,0,0.0122,0.2306,2.3186,0.5782,1,0.0955,0,0.0,0.3758,112088.96,112 089 RUB,Косметический
frontyard (21).jpg,frontyard,garage/outdoor,0.4387,0.2071,1.0,0.1674,2,0.0129,0.1986,2.3333,0.5278,1,0.0528,1,6.4516,0.3433,124451.51,124 452 RUB,Косметический
frontyard (210).jpeg,frontyard,garage/outdoor,0.5911,0.2051,1.0,0.166,0,0.0024,0.2263,2.33,0.6531,4,0.024,0,0.0,0.4035,121704.37,121 704 RUB,Косметический
frontyard (210).jpg,frontyard,garage/outdoor,0.4748,0.1914,0.7756,0.1315,2,0.1441,0.2057,2.3248,0.5969,0,0.0349,1,5.1414,0.4453,98423.38,98 423 RUB,Косметический
frontyard (211).jpeg,frontyard,garage/outdoor,0.5194,0.2561,1.0,0.1326,2,0.1584,0.2114,2.3137,0.5069,3,0.1142,1,5.9171,0.3971,146748.74,146 749 RUB,Косметический
frontyard (211).jpg,frontyard,garage/outdoor,0.4704,0.2353,1.0,0.1724,0,0.0158,0.2077,2.3186,0.4999,0,0.0929,0,0.0,0.3553,108702.42,108 702 RUB,Косметический
frontyard (212).jpeg,frontyard,garage/outdoor,0.5889,0.2329,1.0,0.2412,0,0.3238,0.2101,2.3186,0.6045,1,0.0187,0,0.0,0.4197,95083.91,95 084 RUB,Косметический
frontyard (212).jpg,frontyard,garage/outdoor,0.4524,0.3077,1.0,0.1847,2,0.195,0.2001,2.3186,0.3198,3,0.1012,0,0.0,0.3635,135360.91,135 361 RUB,Косметический
frontyard (213).jpeg,frontyard,yard,0.5291,0.3127,1.0,0.1608,0,0.34,0.168,2.3186,0.409,0,0.0426,0,0.0,0.4135,98375.67,98 376 RUB,Косметический
frontyard (213).jpg,frontyard,garage/outdoor,0.4282,0.2698,1.0,0.103,0,0.013,0.1633,2.3069,0.3698,1,0.0299,0,0.0,0.352,102019.48,102 019 RUB,Косметический
frontyard (214).jpeg,frontyard,manufactured_home,0.4936,0.2343,1.0,0.1996,0,0.0695,0.188,2.3186,0.5254,0,0.0427,0,0.0,0.3645,92180.6,92 181 RUB,Косметический
frontyard (214).jpg,frontyard,garage/outdoor,0.5663,0.3071,1.0,0.2235,2,0.0447,0.1918,2.3186,0.4576,1,0.0886,1,5.3333,0.3863,125425.8,125 426 RUB,Косметический
frontyard (215).jpeg,frontyard,garage/outdoor,0.5457,0.3132,1.0,0.1783,0,0.1283,0.2082,2.3186,0.426,1,0.1036,0,0.0,0.3955,115420.46,115 420 RUB,Косметический
frontyard (215).jpg,frontyard,yard,0.3211,0.2307,1.0,0.254,0,0.1944,0.1824,2.3191,0.2814,0,0.1457,0,0.0,0.2971,131075.13,131 075 RUB,Косметический
frontyard (216).jpeg,frontyard,garage/outdoor,0.3663,0.2815,1.0,0.1802,0,0.1256,0.2063,2.3186,0.2316,1,0.1355,0,0.0,0.3231,129641.77,129 642 RUB,Косметический
frontyard (216).jpg,frontyard,garage/outdoor,0.5309,0.2563,1.0,0.1643,0,0.0176,0.209,2.31,0.5173,3,0.0637,0,0.0,0.3813,116445.28,116 445 RUB,Косметический
frontyard (217).jpeg,frontyard,garage/outdoor,0.5011,0.227,1.0,0.122,0,0.0131,0.1936,2.3186,0.5471,0,0.0478,0,0.0,0.3773,89622.32,89 622 RUB,Без ремонта
frontyard (217).jpg,frontyard,yard,0.3412,0.2794,1.0,0.1975,2,0.2915,0.1791,2.3186,0.1811,1,0.0923,2,10.6666,0.3262,149242.25,149 242 RUB,Косметический
frontyard (218).jpeg,frontyard,garage/outdoor,0.4383,0.2713,1.0,0.137,1,0.317,0.1818,2.3186,0.3811,0,0.0574,0,0.0,0.3796,104719.39,104 719 RUB,Косметический
frontyard (218).jpg,frontyard,garage/outdoor,0.5165,0.2599,1.0,0.2478,2,0.025,0.2215,2.3333,0.4969,3,0.0648,1,7.1174,0.3595,145883.84,145 884 RUB,Косметический
frontyard (219).jpeg,frontyard,garage/outdoor,0.7402,0.277,1.0,0.0709,0,0.2462,0.1318,2.3186,0.6258,2,0.0177,0,0.0,0.5065,91588.93,91 589 RUB,Косметический
frontyard (219).jpg,frontyard,garage/outdoor,0.5874,0.2609,1.0,0.0917,0,0.0704,0.1675,2.3222,0.5559,0,0.0315,0,0.0,0.4237,88338.15,88 338 RUB,Без ремонта
frontyard (22).jpeg,frontyard,garage/outdoor,0.5512,0.282,0.6431,0.0956,1,0.2407,0.1856,2.3186,0.4884,0,0.035,0,0.0,0.5325,86051.83,86 052 RUB,Без ремонта
frontyard (22).jpg,frontyard,garage/outdoor,0.3913,0.2092,1.0,0.1036,0,0.0583,0.1669,2.3186,0.4653,0,0.0617,0,0.0,0.3416,99921.48,99 921 RUB,Косметический
frontyard (220).jpeg,frontyard,garage/outdoor,0.6083,0.2898,1.0,0.0928,0,0.032,0.1817,2.3186,0.5235,0,0.0383,0,0.0,0.428,81616.15,81 616 RUB,Без ремонта
frontyard (220).jpg,frontyard,garage/outdoor,0.5699,0.2129,1.0,0.1747,0,0.1796,0.1883,2.3125,0.6264,4,0.0675,0,0.0,0.411,120238.8,120 239 RUB,Косметический
frontyard (221).jpeg,frontyard,garage/outdoor,0.4283,0.2771,1.0,0.1488,0,0.1391,0.1947,2.3186,0.353,0,0.0538,0,0.0,0.3555,100660.22,100 660 RUB,Косметический
frontyard (221).jpg,frontyard,garage/outdoor,0.396,0.206,1.0,0.2528,0,0.1336,0.2204,2.3186,0.4799,0,0.1385,0,0.0,0.3212,115930.57,115 931 RUB,Косметический
frontyard (222).jpeg,frontyard,garage/outdoor,0.6927,0.1881,1.0,0.1163,0,0.0605,0.1897,2.3186,0.7285,2,0.0001,0,0.0,0.4599,89916.04,89 916 RUB,Без ремонта
frontyard (222).jpg,frontyard,garage/outdoor,0.6394,0.2209,1.0,0.1322,1,0.0047,0.1992,2.32,0.6544,0,0.0337,1,6.0241,0.4298,104929.28,104 929 RUB,Косметический
frontyard (223).jpeg,frontyard,garage/outdoor,0.7491,0.283,0.7836,0.0609,0,0.1065,0.1373,2.3186,0.6222,1,0.0121,0,0.0,0.563,81850.59,81 851 RUB,Без ремонта
frontyard (223).jpg,frontyard,garage/outdoor,0.5032,0.1912,1.0,0.1403,0,0.0735,0.1764,2.3186,0.62,0,0.0869,0,0.0,0.3806,96143.49,96 143 RUB,Косметический
frontyard (224).jpeg,frontyard,garage/outdoor,0.5201,0.3067,1.0,0.2445,0,0.4407,0.2041,2.3186,0.4104,1,0.1602,0,0.0,0.4032,127797.09,127 797 RUB,Косметический
frontyard (224).jpg,frontyard,yard,0.444,0.2663,1.0,0.1708,1,0.2753,0.2106,2.3186,0.4002,3,0.0729,0,0.0,0.371,121607.92,121 608 RUB,Косметический
frontyard (225).jpeg,frontyard,garage/outdoor,0.6038,0.2989,1.0,0.1459,1,0.0799,0.1832,2.3186,0.5051,0,0.0398,0,0.0,0.4203,88970.29,88 970 RUB,Без ремонта
frontyard (225).jpg,frontyard,garage/outdoor,0.4235,0.1766,1.0,0.2451,3,0.3135,0.2112,2.3186,0.5831,1,0.0796,1,5.3333,0.3517,119889.54,119 890 RUB,Косметический
frontyard (226).jpeg,frontyard,garage/outdoor,0.7769,0.2546,0.3571,0.0657,0,0.123,0.1401,2.3186,0.6723,2,0.014,0,0.0,0.7028,80723.03,80 723 RUB,Без ремонта
frontyard (226).jpg,frontyard,hunting_lodge/outdoor,0.3392,0.2694,1.0,0.2328,0,0.0439,0.1786,2.32,0.2057,2,0.0852,0,0.0,0.2935,132155.71,132 156 RUB,Косметический
frontyard (227).jpeg,frontyard,residential_neighborhood,0.5646,0.3249,1.0,0.0932,1,0.1933,0.1502,2.3186,0.4245,0,0.0557,0,0.0,0.4265,98550.7,98 551 RUB,Косметический
frontyard (227).jpg,frontyard,garage/outdoor,0.4738,0.2154,1.0,0.2429,0,0.0745,0.2423,2.3333,0.5453,1,0.2101,0,0.0,0.3484,135812.31,135 812 RUB,Косметический
frontyard (228).jpeg,frontyard,garage/outdoor,0.6589,0.2445,1.0,0.1081,0,0.0334,0.1684,2.3186,0.6289,1,0.0438,0,0.0,0.4453,90185.77,90 186 RUB,Косметический
frontyard (228).jpg,frontyard,yard,0.4729,0.2594,1.0,0.1878,1,0.0777,0.2111,2.3186,0.4515,1,0.0395,1,5.3333,0.3594,117856.69,117 857 RUB,Косметический
frontyard (229).jpeg,frontyard,driveway,0.5099,0.3241,1.0,0.1268,0,0.2419,0.1858,2.3186,0.3644,2,0.0863,0,0.0,0.4028,120016.94,120 017 RUB,Косметический
frontyard (229).jpg,frontyard,fire_station,0.5924,0.2299,1.0,0.1823,1,0.0244,0.2327,2.3176,0.612,1,0.0771,0,0.0,0.403,107564.57,107 565 RUB,Косметический
frontyard (23).jpeg,frontyard,garage/outdoor,0.5478,0.2824,0.9659,0.0984,2,0.1645,0.1657,2.3186,0.4845,0,0.0652,0,0.0,0.4261,100413.9,100 414 RUB,Косметический
frontyard (23).jpg,frontyard,porch,0.6457,0.2585,1.0,0.2349,1,0.1577,0.2364,2.3191,0.5997,1,0.1087,1,6.4102,0.4271,127518.28,127 518 RUB,Косметический
frontyard (230).jpeg,frontyard,garage/outdoor,0.7413,0.3206,1.0,0.0544,0,0.0027,0.1161,2.3186,0.5676,1,0.0304,0,0.0,0.4859,87781.69,87 782 RUB,Без ремонта
frontyard (230).jpg,frontyard,beach_house,0.5617,0.2813,1.0,0.1611,1,0.0004,0.2057,2.33,0.4992,0,0.082,0,0.0,0.3925,105893.74,105 894 RUB,Косметический
frontyard (231).jpeg,frontyard,garage/outdoor,0.4108,0.2334,1.0,0.1206,0,0.0517,0.19,2.3186,0.4317,0,0.0832,0,0.0,0.3454,98354.15,98 354 RUB,Косметический
frontyard (231).jpg,frontyard,topiary_garden,0.5135,0.2846,1.0,0.2535,1,0.3333,0.2251,2.3186,0.4458,3,0.0616,0,0.0,0.388,116313.21,116 313 RUB,Косметический
frontyard (232).jpeg,frontyard,garage/outdoor,0.612,0.2322,1.0,0.2602,1,0.0035,0.2242,2.3186,0.6205,0,0.0824,1,5.3333,0.3931,123144.81,123 145 RUB,Косметический
frontyard (232).jpg,frontyard,garage/outdoor,0.5099,0.2789,1.0,0.1973,2,0.2137,0.1967,2.3186,0.4531,2,0.0613,0,0.0,0.3859,113144.63,113 145 RUB,Косметический
frontyard (233).jpeg,frontyard,garage/outdoor,0.6341,0.2768,1.0,0.1661,0,0.0026,0.1786,2.3186,0.5635,5,0.0913,0,0.0,0.4207,135204.95,135 205 RUB,Косметический
frontyard (233).jpg,frontyard,residential_neighborhood,0.4229,0.1957,1.0,0.1878,4,0.0958,0.2138,2.33,0.5371,1,0.0704,2,12.0119,0.3412,144932.57,144 933 RUB,Косметический
frontyard (234).jpeg,frontyard,garage/outdoor,0.521,0.2624,1.0,0.1178,1,0.1178,0.2049,2.3186,0.4964,0,0.0897,0,0.0,0.3966,104228.14,104 228 RUB,Косметический
frontyard (234).jpg,frontyard,garage/outdoor,0.5621,0.2113,1.0,0.1486,0,0.0943,0.2254,2.3186,0.624,2,0.057,0,0.0,0.4045,105134.64,105 135 RUB,Косметический
frontyard (235).jpeg,frontyard,garage/outdoor,0.3942,0.3169,1.0,0.1959,1,0.1565,0.1771,2.3097,0.1962,2,0.0653,1,5.3476,0.3342,144513.25,144 513 RUB,Косметический
frontyard (235).jpg,frontyard,garage/outdoor,0.5872,0.2841,0.5462,0.0604,0,0.0006,0.1812,2.3186,0.5161,0,0.0453,0,0.0,0.559,82695.97,82 696 RUB,Без ремонта
frontyard (236).jpeg,frontyard,garage/outdoor,0.5902,0.3355,1.0,0.1837,1,0.1358,0.1911,2.3186,0.4314,3,0.1294,1,5.3333,0.4129,142512.56,142 513 RUB,Косметический
frontyard (236).jpg,frontyard,garage/outdoor,0.4652,0.176,1.0,0.323,0,0.1444,0.2013,2.33,0.6216,0,0.0765,0,0.0,0.3405,101154.85,101 155 RUB,Косметический
frontyard (237).jpeg,frontyard,garage/outdoor,0.5751,0.3353,1.0,0.0982,0,0.0943,0.1648,2.3186,0.4169,0,0.0899,0,0.0,0.4198,103406.32,103 406 RUB,Косметический
frontyard (237).jpg,frontyard,garage/outdoor,0.457,0.1633,1.0,0.2357,1,0.1683,0.2357,2.33,0.6427,3,0.098,1,6.006,0.3525,146993.69,146 994 RUB,Косметический
frontyard (238).jpeg,frontyard,garage/outdoor,0.5291,0.3436,1.0,0.1589,4,0.0966,0.1848,2.3186,0.3506,2,0.0605,3,15.9999,0.3895,148911.68,148 912 RUB,Косметический
frontyard (238).jpg,frontyard,garage/outdoor,0.2439,0.1447,1.0,0.1864,1,0.0992,0.1917,2.33,0.4064,0,0.1706,0,0.0,0.2702,121004.1,121 004 RUB,Косметический
frontyard (239).jpeg,frontyard,garage/outdoor,0.5022,0.2884,1.0,0.1872,3,0.064,0.1847,2.3186,0.4257,2,0.11,2,10.6666,0.3698,153787.19,153 787 RUB,Косметический
frontyard (239).jpg,frontyard,garage/outdoor,0.6742,0.1692,1.0,0.2208,1,0.0,0.1983,2.33,0.749,3,0.0398,1,6.006,0.4255,124045.88,124 046 RUB,Косметический
frontyard (24).jpeg,frontyard,garage/outdoor,0.5402,0.251,1.0,0.1293,0,0.2315,0.2117,2.3186,0.5355,3,0.0223,0,0.0,0.4134,113257.01,113 257 RUB,Косметический
frontyard (24).jpg,frontyard,garage/outdoor,0.5903,0.2821,0.328,0.0589,0,0.103,0.1761,2.3186,0.5221,0,0.0199,0,0.0,0.6362,82426.89,82 427 RUB,Без ремонта
frontyard (240).jpeg,frontyard,garage/outdoor,0.5128,0.2184,0.9642,0.0747,0,0.0784,0.1706,2.3186,0.5741,1,0.0639,0,0.0,0.4088,101032.17,101 032 RUB,Косметический
frontyard (240).jpg,frontyard,doorway/outdoor,0.5914,0.2551,1.0,0.2319,0,0.1263,0.2229,2.3333,0.5688,5,0.0495,0,0.0,0.4028,129200.07,129 200 RUB,Косметический
frontyard (241).jpeg,frontyard,garage/outdoor,0.3918,0.302,1.0,0.1402,0,0.1497,0.1835,2.3186,0.2293,0,0.0588,0,0.0,0.3437,113361.11,113 361 RUB,Косметический
frontyard (241).jpg,frontyard,yard,0.4966,0.2433,1.0,0.1637,1,0.2958,0.1777,2.3059,0.5101,1,0.0732,0,0.0,0.3955,107757.23,107 757 RUB,Косметический
frontyard (242).jpeg,frontyard,garage/outdoor,0.5351,0.2343,1.0,0.1028,0,0.0021,0.1941,2.3186,0.5621,0,0.0392,0,0.0,0.3937,89832.13,89 832 RUB,Без ремонта
frontyard (242).jpg,frontyard,garage/outdoor,0.5022,0.2862,1.0,0.1535,2,0.0105,0.2022,2.3186,0.4302,0,0.0469,2,10.6666,0.3712,130266.68,130 267 RUB,Косметический
frontyard (243).jpeg,frontyard,manufactured_home,0.5568,0.3315,1.0,0.0695,0,0.0109,0.1704,2.3186,0.4046,0,0.0173,0,0.0,0.4099,89687.57,89 688 RUB,Без ремонта
frontyard (243).jpg,frontyard,manufactured_home,0.5206,0.2323,1.0,0.1414,2,0.276,0.194,2.3186,0.5539,3,0.0145,2,10.6666,0.4076,138985.7,138 986 RUB,Косметический
frontyard (244).jpeg,frontyard,garage/outdoor,0.6887,0.2716,1.0,0.1209,0,0.0241,0.169,2.3097,0.6056,0,0.0321,0,0.0,0.4537,81608.41,81 608 RUB,Без ремонта
frontyard (244).jpg,frontyard,garage/outdoor,0.5041,0.257,1.0,0.0853,0,0.0904,0.1585,2.3186,0.4901,1,0.0743,0,0.0,0.3936,102151.57,102 152 RUB,Косметический
frontyard (245).jpeg,frontyard,garage/outdoor,0.5232,0.2492,1.0,0.1634,4,0.0217,0.2001,2.3097,0.5237,0,0.0465,1,5.3476,0.3788,109954.24,109 954 RUB,Косметический
frontyard (245).jpg,frontyard,oast_house,0.6156,0.2568,1.0,0.1941,0,0.004,0.1874,2.3186,0.5828,0,0.0411,0,0.0,0.4078,92711.72,92 712 RUB,Косметический
frontyard (246).jpeg,frontyard,schoolhouse,0.5435,0.3432,1.0,0.1427,1,0.2452,0.1769,2.3186,0.3686,0,0.0477,0,0.0,0.4134,97194.55,97 195 RUB,Косметический
frontyard (246).jpg,frontyard,garage/outdoor,0.5361,0.2149,1.0,0.1445,1,0.0008,0.219,2.3186,0.5992,2,0.0146,0,0.0,0.3856,101905.02,101 905 RUB,Косметический
frontyard (247).jpeg,frontyard,garage/outdoor,0.6433,0.2701,1.0,0.1011,0,0.0064,0.171,2.3186,0.5801,2,0.017,0,0.0,0.4378,99282.81,99 283 RUB,Косметический
frontyard (247).jpg,frontyard,garage/outdoor,0.6409,0.2396,1.0,0.0914,0,0.0083,0.1661,2.3186,0.6262,1,0.0508,0,0.0,0.4389,92947.32,92 947 RUB,Косметический
frontyard (248).jpeg,frontyard,garage/outdoor,0.309,0.2214,1.0,0.1399,0,0.0199,0.1966,2.3097,0.2834,1,0.1113,0,0.0,0.2976,122694.48,122 694 RUB,Косметический
frontyard (248).jpg,frontyard,garage/outdoor,0.67,0.2286,1.0,0.1458,0,0.2128,0.2061,2.3186,0.6588,0,0.0548,0,0.0,0.4601,91597.22,91 597 RUB,Косметический
frontyard (249).jpeg,frontyard,garage/outdoor,0.3961,0.1962,1.0,0.21,1,0.1474,0.2154,2.3186,0.5048,0,0.0617,1,5.3333,0.3312,110588.47,110 588 RUB,Косметический
frontyard (249).jpg,frontyard,garage/outdoor,0.6472,0.2747,1.0,0.2172,1,0.0867,0.2002,2.3186,0.5755,0,0.0381,1,5.3333,0.4241,109184.4,109 184 RUB,Косметический
frontyard (25).jpeg,frontyard,doorway/outdoor,0.4592,0.288,1.0,0.187,3,0.0289,0.1793,2.3333,0.3727,1,0.0525,2,14.2348,0.3492,141245.31,141 245 RUB,Косметический
frontyard (25).jpg,frontyard,garage/outdoor,0.5055,0.2122,1.0,0.1459,0,0.0985,0.2413,2.32,0.5803,3,0.0787,0,0.0,0.3829,118857.19,118 857 RUB,Косметический
frontyard (250).jpeg,frontyard,garage/outdoor,0.4458,0.3179,1.0,0.1541,0,0.121,0.1893,2.3186,0.2869,2,0.097,0,0.0,0.3596,131923.79,131 924 RUB,Косметический
frontyard (250).jpg,frontyard,garage/outdoor,0.5279,0.2045,1.0,0.2275,0,0.0483,0.218,2.3186,0.6125,4,0.0737,0,0.0,0.3705,121808.59,121 809 RUB,Косметический
frontyard (251).jpeg,frontyard,garage/outdoor,0.4974,0.3199,1.0,0.1147,0,0.102,0.1818,2.3186,0.3569,1,0.0525,0,0.0,0.3862,106029.23,106 029 RUB,Косметический
frontyard (251).jpg,frontyard,schoolhouse,0.5068,0.3098,1.0,0.1518,0,0.0614,0.1907,2.3097,0.3887,2,0.0734,0,0.0,0.3785,113325.7,113 326 RUB,Косметический
frontyard (252).jpeg,frontyard,garage/outdoor,0.5106,0.2665,1.0,0.1526,2,0.1052,0.1851,2.3186,0.4781,0,0.0574,0,0.0,0.3842,101017.84,101 018 RUB,Косметический
frontyard (252).jpg,frontyard,garage/outdoor,0.6944,0.2804,1.0,0.1228,0,0.3521,0.1552,2.3186,0.5961,1,0.0127,0,0.0,0.4884,87885.75,87 886 RUB,Без ремонта
frontyard (253).jpeg,frontyard,garage/outdoor,0.4988,0.2162,0.5934,0.1105,1,0.0923,0.2006,2.3186,0.5666,1,0.0322,0,0.0,0.5086,90211.77,90 212 RUB,Косметический
frontyard (253).jpg,frontyard,garage/outdoor,0.5289,0.2883,1.0,0.1306,0,0.2775,0.1964,2.3186,0.4549,1,0.0379,0,0.0,0.4132,99269.6,99 270 RUB,Косметический
frontyard (254).jpeg,frontyard,garage/outdoor,0.6332,0.3417,0.6077,0.0637,0,0.0659,0.1659,2.3186,0.4604,0,0.0227,0,0.0,0.5648,85349.79,85 350 RUB,Без ремонта
frontyard (254).jpg,frontyard,residential_neighborhood,0.5445,0.2818,1.0,0.1779,1,0.3811,0.2044,2.3097,0.4824,1,0.0119,0,0.0,0.4203,99667.29,99 667 RUB,Косметический
frontyard (255).jpeg,frontyard,garage/outdoor,0.5867,0.2175,0.6896,0.1118,1,0.006,0.196,2.3186,0.6292,0,0.032,0,0.0,0.506,87266.26,87 266 RUB,Без ремонта
frontyard (255).jpg,frontyard,garage/outdoor,0.6418,0.2472,1.0,0.2516,1,0.1219,0.2213,2.3186,0.6148,3,0.0923,1,5.3333,0.4186,138280.88,138 281 RUB,Косметический
frontyard (256).jpeg,frontyard,garage/outdoor,0.5071,0.3199,1.0,0.0602,0,0.0002,0.1728,2.3186,0.3692,1,0.0533,0,0.0,0.3908,107796.27,107 796 RUB,Косметический
frontyard (256).jpg,frontyard,residential_neighborhood,0.5026,0.2162,1.0,0.1835,2,0.0905,0.2211,2.3186,0.5699,4,0.0707,0,0.0,0.3734,133053.92,133 054 RUB,Косметический
frontyard (257).jpeg,frontyard,garage/outdoor,0.6957,0.1972,1.0,0.1685,0,0.0858,0.2031,2.3186,0.7165,0,0.0774,0,0.0,0.4531,89987.44,89 987 RUB,Без ремонта
frontyard (257).jpg,frontyard,doorway/outdoor,0.5023,0.2067,1.0,0.2629,6,0.0155,0.211,2.3186,0.5885,3,0.0442,6,31.9998,0.3499,166098.47,166 098 RUB,Косметический
frontyard (258).jpeg,frontyard,garage/outdoor,0.53,0.2279,0.9104,0.1314,0,0.0545,0.2106,2.3186,0.57,0,0.0671,0,0.0,0.418,92187.92,92 188 RUB,Косметический
frontyard (258).jpg,frontyard,hunting_lodge/outdoor,0.6229,0.2956,1.0,0.1024,0,0.3188,0.1679,2.3186,0.5255,0,0.0487,0,0.0,0.4606,89539.81,89 540 RUB,Без ремонта
frontyard (259).jpeg,frontyard,garage/outdoor,0.608,0.2006,0.6394,0.1106,0,0.0,0.1942,2.3186,0.6701,3,0.0201,0,0.0,0.5292,100912.75,100 913 RUB,Косметический
frontyard (259).jpg,frontyard,manufactured_home,0.3955,0.2983,1.0,0.1628,1,0.0731,0.1835,2.3186,0.2458,0,0.0903,0,0.0,0.333,116660.8,116 661 RUB,Косметический
frontyard (26).jpeg,frontyard,manufactured_home,0.683,0.291,1.0,0.185,0,0.0055,0.1881,2.33,0.5739,0,0.0855,0,0.0,0.4368,96301.97,96 302 RUB,Косметический
frontyard (26).jpg,frontyard,manufactured_home,0.5507,0.2601,0.8886,0.1127,1,0.0342,0.1935,2.33,0.5277,1,0.0672,0,0.0,0.4346,97476.04,97 476 RUB,Косметический
frontyard (260).jpeg,frontyard,garage/outdoor,0.6019,0.2678,1.0,0.1392,2,0.105,0.2108,2.3186,0.555,1,0.0487,0,0.0,0.4234,98900.19,98 900 RUB,Косметический
frontyard (260).jpg,frontyard,garage/outdoor,0.6685,0.3142,1.0,0.1386,1,0.0947,0.179,2.3186,0.53,1,0.0444,1,5.3333,0.4491,107621.3,107 621 RUB,Косметический
frontyard (261).jpeg,frontyard,garage/outdoor,0.5804,0.238,0.825,0.0829,1,0.0225,0.2018,2.3186,0.5898,1,0.0317,1,5.3333,0.4703,104438.08,104 438 RUB,Косметический
frontyard (261).jpg,frontyard,residential_neighborhood,0.4751,0.312,1.0,0.1756,0,0.0027,0.2109,2.3186,0.3432,2,0.1109,0,0.0,0.3552,123417.91,123 418 RUB,Косметический
frontyard (262).jpeg,frontyard,garage/outdoor,0.6138,0.2874,0.4608,0.06,0,0.0359,0.1848,2.3186,0.5317,0,0.0208,0,0.0,0.5989,78422.5,78 422 RUB,Без ремонта
frontyard (262).jpg,frontyard,garage/outdoor,0.5016,0.2762,1.0,0.1704,0,0.1565,0.2041,2.3186,0.4494,0,0.1058,0,0.0,0.3822,107307.81,107 308 RUB,Косметический
frontyard (263).jpeg,frontyard,garage/outdoor,0.5985,0.2868,1.0,0.168,0,0.1403,0.1906,2.3186,0.5209,0,0.079,0,0.0,0.4198,97901.02,97 901 RUB,Косметический
frontyard (263).jpg,frontyard,garage/outdoor,0.5771,0.2132,1.0,0.1078,1,0.0,0.2031,2.3186,0.6306,1,0.0495,0,0.0,0.4093,98890.71,98 891 RUB,Косметический
frontyard (264).jpeg,frontyard,garage/outdoor,0.6276,0.306,0.7854,0.0677,1,0.0595,0.153,2.3186,0.5124,0,0.0359,0,0.0,0.5078,88792.09,88 792 RUB,Без ремонта
frontyard (264).jpg,frontyard,garage/outdoor,0.3548,0.2613,1.0,0.1649,0,0.2179,0.1903,2.3186,0.2636,1,0.1107,0,0.0,0.3307,125657.89,125 658 RUB,Косметический
frontyard (265).jpeg,frontyard,garage/outdoor,0.7036,0.2467,0.7715,0.1007,0,0.01,0.1807,2.3186,0.6494,0,0.0414,0,0.0,0.5308,80037.56,80 038 RUB,Без ремонта
frontyard (265).jpg,frontyard,garage/outdoor,0.4581,0.237,0.5728,0.1118,0,0.0615,0.2041,2.3186,0.4828,0,0.0257,0,0.0,0.4952,87336.76,87 337 RUB,Без ремонта
frontyard (266).jpeg,frontyard,garage/outdoor,0.5901,0.2683,0.3506,0.0649,0,0.0241,0.201,2.3186,0.5453,0,0.0421,0,0.0,0.6203,80516.69,80 517 RUB,Без ремонта
frontyard (266).jpg,frontyard,garage/outdoor,0.3835,0.2782,0.2988,0.0324,0,0.0,0.1651,2.3186,0.2745,1,0.0183,0,0.0,0.5573,101584.41,101 584 RUB,Косметический
frontyard (267).jpeg,frontyard,residential_neighborhood,0.5266,0.249,1.0,0.1896,1,0.3824,0.2222,2.3186,0.5271,2,0.049,1,5.3333,0.411,122527.07,122 527 RUB,Косметический
frontyard (267).jpg,frontyard,oast_house,0.5326,0.2251,1.0,0.2283,0,0.0033,0.2181,2.3186,0.5773,0,0.0649,0,0.0,0.3677,99232.73,99 233 RUB,Косметический
frontyard (268).jpeg,frontyard,residential_neighborhood,0.5589,0.1983,0.4965,0.1428,0,0.0287,0.2141,2.3186,0.6452,1,0.0297,0,0.0,0.5489,81722.29,81 722 RUB,Без ремонта
frontyard (268).jpg,frontyard,garage/outdoor,0.5085,0.2421,0.6111,0.1019,1,0.0659,0.1837,2.3186,0.5239,0,0.0444,1,5.3333,0.5063,100465.86,100 466 RUB,Косметический
frontyard (269).jpeg,frontyard,garage/outdoor,0.6012,0.2817,0.587,0.0749,0,0.0602,0.1734,2.3186,0.5315,0,0.0637,0,0.0,0.5554,88862.46,88 862 RUB,Без ремонта
frontyard (269).jpg,frontyard,garage/outdoor,0.407,0.2353,0.9956,0.1507,1,0.0004,0.1835,2.3186,0.4218,0,0.0676,0,0.0,0.334,100765.49,100 765 RUB,Косметический
frontyard (27).jpeg,frontyard,garage/outdoor,0.6467,0.2639,0.6304,0.114,0,0.0641,0.1744,2.3186,0.592,2,0.0331,0,0.0,0.5532,95357.45,95 357 RUB,Косметический
frontyard (27).jpg,frontyard,residential_neighborhood,0.4967,0.2834,0.7359,0.1282,1,0.0174,0.2038,2.3129,0.4294,1,0.0552,0,0.0,0.454,98558.62,98 559 RUB,Косметический
frontyard (270).jpeg,frontyard,garage/outdoor,0.4559,0.208,1.0,0.1732,1,0.1486,0.2202,2.3186,0.5437,2,0.0742,1,5.3333,0.3626,126187.48,126 187 RUB,Косметический
frontyard (270).jpg,frontyard,garage/outdoor,0.4072,0.1952,0.6283,0.074,0,0.102,0.1831,2.3186,0.5207,3,0.0511,0,0.0,0.4698,109772.02,109 772 RUB,Косметический
frontyard (271).jpeg,frontyard,driveway,0.6359,0.2553,1.0,0.2184,0,0.0825,0.2334,2.3186,0.5985,1,0.0868,0,0.0,0.4189,113425.23,113 425 RUB,Косметический
frontyard (271).jpg,frontyard,residential_neighborhood,0.6421,0.2523,0.3701,0.0626,1,0.0406,0.1932,2.3186,0.6071,0,0.0124,0,0.0,0.6374,81253.29,81 253 RUB,Без ремонта
frontyard (272).jpeg,frontyard,garage/outdoor,0.5622,0.2186,1.0,0.1803,0,0.2312,0.2423,2.3186,0.6112,0,0.0397,0,0.0,0.4119,93503.1,93 503 RUB,Косметический
frontyard (272).jpg,frontyard,garage/outdoor,0.4744,0.251,1.0,0.1635,0,0.1689,0.2174,2.3186,0.4708,0,0.083,0,0.0,0.3739,100620.97,100 621 RUB,Косметический
frontyard (273).jpeg,frontyard,garage/outdoor,0.5603,0.3117,1.0,0.2342,0,0.1819,0.1941,2.3186,0.4436,1,0.12,0,0.0,0.3955,118644.4,118 644 RUB,Косметический
frontyard (273).jpg,frontyard,library/outdoor,0.4918,0.3021,0.8985,0.1291,2,0.1575,0.177,2.3186,0.3856,0,0.0416,1,5.3333,0.4171,110383.42,110 383 RUB,Косметический
frontyard (274).jpeg,frontyard,garage/outdoor,0.49,0.3272,0.3449,0.0477,0,0.0658,0.1614,2.3186,0.3323,0,0.0444,0,0.0,0.5896,88431.62,88 432 RUB,Без ремонта
frontyard (274).jpg,frontyard,hunting_lodge/outdoor,0.3993,0.3119,1.0,0.1866,0,0.0201,0.2125,2.3186,0.2188,1,0.141,0,0.0,0.3244,133086.37,133 086 RUB,Косметический
frontyard (275).jpeg,frontyard,garage/outdoor,0.5316,0.2439,0.6563,0.13,0,0.3932,0.1755,2.3186,0.5412,0,0.0259,0,0.0,0.5291,82488.28,82 488 RUB,Без ремонта
frontyard (275).jpg,frontyard,garage/outdoor,0.5876,0.3013,0.7561,0.07,0,0.0004,0.1832,2.3186,0.4872,1,0.0477,0,0.0,0.4942,92551.64,92 552 RUB,Косметический
frontyard (276).jpeg,frontyard,garage/outdoor,0.5413,0.2546,1.0,0.2103,0,0.137,0.2229,2.3186,0.5296,2,0.0955,0,0.0,0.3881,115170.67,115 171 RUB,Косметический
frontyard (276).jpg,frontyard,garage/outdoor,0.4981,0.272,0.475,0.0772,1,0.0156,0.1664,2.3186,0.454,0,0.0206,1,5.3333,0.5429,95714.06,95 714 RUB,Косметический
frontyard (277).jpeg,frontyard,garage/outdoor,0.5044,0.1843,1.0,0.2352,0,0.0495,0.2088,2.3186,0.6345,1,0.0686,0,0.0,0.3597,104273.83,104 274 RUB,Косметический
frontyard (277).jpg,frontyard,garage/outdoor,0.5724,0.1738,1.0,0.146,0,0.0023,0.2091,2.3186,0.6963,0,0.0576,0,0.0,0.4,87530.45,87 530 RUB,Без ремонта
frontyard (278).jpg,frontyard,residential_neighborhood,0.5821,0.2152,0.7554,0.1452,1,0.0016,0.2078,2.3186,0.6304,2,0.0388,1,5.3333,0.4773,119733.27,119 733 RUB,Косметический
frontyard (279).jpg,frontyard,garage/outdoor,0.6027,0.1989,0.8412,0.087,0,0.004,0.2069,2.3186,0.67,0,0.0259,0,0.0,0.4717,80238.14,80 238 RUB,Без ремонта
frontyard (28).jpeg,frontyard,garage/outdoor,0.4378,0.2704,1.0,0.271,5,0.1657,0.209,2.3186,0.3825,1,0.1161,3,15.9999,0.3375,163230.39,163 230 RUB,Косметический
frontyard (28).jpg,frontyard,garage/outdoor,0.5668,0.2594,1.0,0.12,3,0.1245,0.1885,2.33,0.5424,0,0.0429,1,6.006,0.4152,107211.09,107 211 RUB,Косметический
frontyard (280).jpg,frontyard,garage/outdoor,0.6854,0.2318,0.5137,0.0734,2,0.0041,0.181,2.3186,0.6618,0,0.0351,0,0.0,0.6058,81195.32,81 195 RUB,Без ремонта
frontyard (281).jpg,frontyard,schoolhouse,0.6002,0.3508,0.5322,0.0669,2,0.0065,0.1551,2.3186,0.4156,0,0.0248,0,0.0,0.5677,85713.46,85 713 RUB,Без ремонта
frontyard (282).jpg,frontyard,residential_neighborhood,0.409,0.2771,1.0,0.2455,0,0.2956,0.2054,2.3186,0.3226,2,0.1396,0,0.0,0.3441,135089.43,135 089 RUB,Косметический
frontyard (283).jpg,frontyard,oast_house,0.4758,0.2807,1.0,0.2201,0,0.1014,0.2257,2.3186,0.4101,1,0.0681,0,0.0,0.3564,109815.94,109 816 RUB,Косметический
frontyard (284).jpg,frontyard,cottage,0.4096,0.215,0.5055,0.1572,0,0.1926,0.2021,2.3186,0.475,0,0.0674,0,0.0,0.5,92073.87,92 074 RUB,Косметический
frontyard (285).jpg,frontyard,garage/outdoor,0.5204,0.2342,1.0,0.129,0,0.0038,0.2004,2.3186,0.55,0,0.0639,0,0.0,0.3827,94576.88,94 577 RUB,Косметический
frontyard (286).jpg,frontyard,residential_neighborhood,0.3357,0.2455,1.0,0.1409,0,0.0898,0.1763,2.3186,0.2687,2,0.0688,0,0.0,0.3151,124070.1,124 070 RUB,Косметический
frontyard (287).jpg,frontyard,garage/outdoor,0.451,0.2591,1.0,0.1753,2,0.2107,0.1991,2.3186,0.4254,2,0.0654,0,0.0,0.3664,115608.2,115 608 RUB,Косметический
frontyard (288).jpg,frontyard,garage/outdoor,0.491,0.2808,1.0,0.2507,0,0.1454,0.2045,2.3186,0.428,3,0.0875,0,0.0,0.3608,121610.08,121 610 RUB,Косметический
frontyard (289).jpg,frontyard,garage/outdoor,0.5623,0.2183,1.0,0.1863,0,0.233,0.243,2.3186,0.6117,0,0.039,0,0.0,0.411,93994.46,93 994 RUB,Косметический
frontyard (29).jpeg,frontyard,garage/outdoor,0.5567,0.2445,1.0,0.149,0,0.1237,0.1801,2.3186,0.5608,2,0.0501,0,0.0,0.4052,103906.15,103 906 RUB,Косметический
frontyard (29).jpg,frontyard,manufactured_home,0.5114,0.1705,0.6468,0.1805,1,0.599,0.2113,2.3186,0.6667,1,0.0057,0,0.0,0.5343,85901.04,85 901 RUB,Без ремонта
frontyard (290).jpg,frontyard,garage/outdoor,0.5044,0.1843,1.0,0.2434,0,0.0468,0.2086,2.3186,0.6346,1,0.0637,0,0.0,0.3577,104323.05,104 323 RUB,Косметический
frontyard (291).jpg,frontyard,garage/outdoor,0.5292,0.2612,1.0,0.1618,0,0.1084,0.2061,2.3186,0.5064,0,0.0875,0,0.0,0.3901,99550.37,99 550 RUB,Косметический
frontyard (292).jpg,frontyard,garage/outdoor,0.5555,0.307,1.0,0.1509,1,0.1371,0.2019,2.3186,0.4474,1,0.067,1,5.3333,0.4057,118686.59,118 687 RUB,Косметический
frontyard (293).jpg,frontyard,garage/outdoor,0.5786,0.2162,0.6688,0.1258,0,0.0215,0.1993,2.3186,0.6263,0,0.0478,0,0.0,0.5078,81918.65,81 919 RUB,Без ремонта
frontyard (294).jpg,frontyard,garage/outdoor,0.5466,0.2097,0.5766,0.1265,0,0.0115,0.1771,2.3186,0.6163,1,0.0192,0,0.0,0.5215,85039.1,85 039 RUB,Без ремонта
frontyard (295).jpg,frontyard,garage/outdoor,0.5187,0.3034,0.7355,0.1188,0,0.0514,0.1878,2.3186,0.415,0,0.0745,0,0.0,0.4682,94220.37,94 220 RUB,Косметический
frontyard (296).jpg,frontyard,garage/outdoor,0.7094,0.1821,0.4349,0.0954,0,0.0772,0.193,2.3186,0.7433,0,0.0099,0,0.0,0.6419,74166.99,74 167 RUB,Без ремонта
frontyard (297).jpg,frontyard,residential_neighborhood,0.5591,0.2898,1.0,0.2094,1,0.2624,0.2093,2.3186,0.4817,1,0.0594,0,0.0,0.408,101900.73,101 901 RUB,Косметический
frontyard (298).jpg,frontyard,garage/outdoor,0.522,0.2823,0.4972,0.0708,0,0.0052,0.1907,2.3186,0.4591,0,0.0246,0,0.0,0.546,81659.7,81 660 RUB,Без ремонта
frontyard (299).jpg,frontyard,garage/outdoor,0.5016,0.2411,1.0,0.2057,0,0.0348,0.2133,2.3186,0.5193,0,0.1314,0,0.0,0.363,109328.28,109 328 RUB,Косметический
frontyard (3).jpeg,frontyard,manufactured_home,0.5648,0.2827,0.5334,0.0943,0,0.0143,0.1865,2.3186,0.4995,2,0.0395,0,0.0,0.5485,95456.82,95 457 RUB,Косметический
frontyard (3).jpg,frontyard,garage/outdoor,0.6232,0.2313,1.0,0.1812,0,0.292,0.1989,2.3186,0.6289,1,0.042,0,0.0,0.4422,89993.77,89 994 RUB,Без ремонта
frontyard (3).png,frontyard,garage/outdoor,0.4332,0.1665,1.0,0.1442,0,0.0659,0.1832,2.3117,0.6158,0,0.0611,0,0.0,0.351,86175.14,86 175 RUB,Без ремонта
frontyard (30).jpeg,frontyard,yard,0.4401,0.2138,1.0,0.3085,1,0.0839,0.2243,2.33,0.5142,2,0.1807,1,6.006,0.3244,160964.03,160 964 RUB,Косметический
frontyard (30).jpg,frontyard,garage/outdoor,0.5119,0.2903,1.0,0.1967,0,0.1113,0.1894,2.322,0.4329,3,0.0668,0,0.0,0.3766,114859.09,114 859 RUB,Косметический
frontyard (300).jpg,frontyard,garage/outdoor,0.5576,0.2304,1.0,0.1874,0,0.296,0.2071,2.3186,0.5868,0,0.0888,0,0.0,0.4151,101015.59,101 016 RUB,Косметический
frontyard (301).jpg,frontyard,garage/outdoor,0.5073,0.2241,1.0,0.2834,1,0.1805,0.2273,2.3186,0.5582,0,0.0933,1,5.3333,0.3643,127626.2,127 626 RUB,Косметический
frontyard (302).jpg,frontyard,garage/outdoor,0.5215,0.2362,0.228,0.0535,0,0.0003,0.1996,2.3186,0.5471,2,0.0098,0,0.0,0.6295,87100.25,87 100 RUB,Без ремонта
frontyard (303).jpg,frontyard,garage/outdoor,0.488,0.1818,0.6105,0.124,0,0.0286,0.1861,2.3186,0.6275,1,0.0352,0,0.0,0.4901,85800.38,85 800 RUB,Без ремонта
frontyard (304).jpg,frontyard,garage/outdoor,0.4701,0.2409,0.1765,0.0353,1,0.0024,0.1757,2.3186,0.4874,0,0.0379,0,0.0,0.6283,89382.68,89 383 RUB,Без ремонта
frontyard (305).jpg,frontyard,residential_neighborhood,0.6343,0.1852,0.5576,0.0765,0,0.0046,0.1784,2.3186,0.708,1,0.0385,0,0.0,0.5716,84312.55,84 313 RUB,Без ремонта
frontyard (306).jpg,frontyard,yard,0.7201,0.264,1.0,0.2036,1,0.3096,0.196,2.3186,0.6334,3,0.0531,1,5.3333,0.4783,124364.38,124 364 RUB,Косметический
frontyard (307).jpg,frontyard,garage/outdoor,0.4402,0.2543,0.4484,0.0632,1,0.0046,0.1927,2.3186,0.4223,1,0.0183,1,5.3333,0.5294,109470.82,109 471 RUB,Косметический
frontyard (308).jpg,frontyard,garage/outdoor,0.3293,0.2074,0.6585,0.0975,0,0.211,0.2028,2.3186,0.3703,2,0.043,0,0.0,0.4358,104706.23,104 706 RUB,Косметический
frontyard (309).jpg,frontyard,garage/outdoor,0.459,0.2306,1.0,0.1397,0,0.1036,0.1901,2.3186,0.4975,1,0.0542,0,0.0,0.366,97576.24,97 576 RUB,Косметический
frontyard (31).jpeg,frontyard,garage/outdoor,0.6001,0.2964,1.0,0.2408,1,0.1997,0.2047,2.3186,0.506,5,0.1673,1,5.3333,0.4119,161463.85,161 464 RUB,Косметический
frontyard (31).jpg,frontyard,garage/outdoor,0.6478,0.2565,0.6252,0.1073,1,0.1898,0.1836,2.3235,0.604,5,0.0187,0,0.0,0.5691,122345.64,122 346 RUB,Косметический
frontyard (310).jpg,frontyard,garage/outdoor,0.5143,0.2573,1.0,0.2158,0,0.1805,0.2098,2.3186,0.4997,1,0.1206,0,0.0,0.3806,114459.1,114 459 RUB,Косметический
frontyard (311).jpg,frontyard,garage/outdoor,0.585,0.2847,0.8603,0.1308,0,0.0089,0.216,2.3186,0.5134,0,0.0246,0,0.0,0.4507,85527.33,85 527 RUB,Без ремонта
frontyard (312).jpg,frontyard,garage/outdoor,0.6709,0.3036,1.0,0.1104,0,0.2155,0.1847,2.3186,0.5475,1,0.0775,0,0.0,0.4678,101802.88,101 803 RUB,Косметический
frontyard (313).jpg,frontyard,garage/outdoor,0.6505,0.28,1.0,0.1196,0,0.0056,0.1848,2.3186,0.5696,4,0.0371,0,0.0,0.4369,119179.14,119 179 RUB,Косметический
frontyard (314).jpg,frontyard,garage/outdoor,0.5661,0.2424,1.0,0.1064,0,0.0463,0.1987,2.3186,0.5717,0,0.0589,0,0.0,0.4098,90811.67,90 812 RUB,Косметический
frontyard (315).jpg,frontyard,driveway,0.7235,0.3512,0.3017,0.0223,0,0.0198,0.0829,2.3186,0.5146,1,0.0038,0,0.0,0.6964,86450.37,86 450 RUB,Без ремонта
frontyard (316).jpg,frontyard,garage/outdoor,0.4547,0.2691,1.0,0.1835,0,0.0778,0.1987,2.3186,0.4083,0,0.0259,0,0.0,0.353,97753.49,97 753 RUB,Косметический
frontyard (317).jpg,frontyard,yard,0.4116,0.277,1.0,0.2008,0,0.0392,0.2114,2.3186,0.3269,1,0.1267,0,0.0,0.3284,121452.59,121 453 RUB,Косметический
frontyard (318).jpg,frontyard,garage/outdoor,0.4584,0.2094,1.0,0.1896,0,0.009,0.2091,2.3186,0.5433,0,0.0566,0,0.0,0.3464,97360.8,97 361 RUB,Косметический
frontyard (319).jpg,frontyard,garage/outdoor,0.5223,0.2419,1.0,0.1335,0,0.1749,0.2356,2.3186,0.5369,0,0.1025,0,0.0,0.3997,106369.66,106 370 RUB,Косметический
frontyard (32).jpeg,frontyard,garage/outdoor,0.5978,0.3046,1.0,0.1424,1,0.0,0.1588,2.3186,0.4904,1,0.0516,0,0.0,0.4106,102519.89,102 520 RUB,Косметический
frontyard (32).jpg,frontyard,garage/outdoor,0.4757,0.2224,1.0,0.2035,0,0.0585,0.2081,2.32,0.5325,2,0.125,0,0.0,0.3554,116921.48,116 921 RUB,Косметический
frontyard (320).jpg,frontyard,garage/outdoor,0.4626,0.3119,1.0,0.232,0,0.0998,0.1862,2.3186,0.3257,0,0.1072,0,0.0,0.3486,118746.18,118 746 RUB,Косметический
frontyard (321).jpg,frontyard,yard,0.385,0.3006,1.0,0.1377,1,0.215,0.1846,2.3186,0.2191,1,0.0497,0,0.0,0.348,119434.0,119 434 RUB,Косметический
frontyard (322).jpg,frontyard,garage/outdoor,0.6085,0.2556,0.768,0.0963,0,0.0514,0.1917,2.3186,0.5799,0,0.0442,0,0.0,0.4989,78862.28,78 862 RUB,Без ремонта
frontyard (323).jpg,frontyard,garage/outdoor,0.5211,0.2828,1.0,0.084,2,0.2184,0.1932,2.3186,0.4574,2,0.0713,1,5.3333,0.4135,127775.81,127 776 RUB,Косметический
frontyard (324).jpg,frontyard,garage/outdoor,0.5715,0.319,0.9137,0.105,1,0.0513,0.1916,2.3186,0.4419,0,0.0448,0,0.0,0.4386,86084.15,86 084 RUB,Без ремонта
frontyard (325).jpg,frontyard,garage/outdoor,0.6195,0.2528,0.9454,0.1026,0,0.0283,0.1942,2.3186,0.592,1,0.0403,0,0.0,0.4465,88498.58,88 499 RUB,Без ремонта
frontyard (326).jpg,frontyard,garage/outdoor,0.4974,0.2632,0.2717,0.0965,1,0.0005,0.1911,2.3186,0.4708,0,0.0795,0,0.0,0.5982,100112.92,100 113 RUB,Косметический
frontyard (327).jpg,frontyard,garage/outdoor,0.5935,0.2413,0.9323,0.1537,0,0.0975,0.203,2.3186,0.5935,2,0.0393,0,0.0,0.4367,96056.92,96 057 RUB,Косметический
frontyard (328).jpg,frontyard,garage/outdoor,0.6466,0.2451,0.6593,0.0954,3,0.0006,0.1973,2.3186,0.6208,0,0.0755,2,10.6666,0.5418,129740.1,129 740 RUB,Косметический
frontyard (329).jpg,frontyard,yard,0.5675,0.2311,1.0,0.2267,0,0.2163,0.2356,2.3186,0.5928,2,0.0352,0,0.0,0.4033,107646.57,107 647 RUB,Косметический
frontyard (33).jpeg,frontyard,manufactured_home,0.4634,0.2725,1.0,0.233,0,0.0725,0.2164,2.3095,0.412,2,0.0996,0,0.0,0.346,122576.24,122 576 RUB,Косметический
frontyard (33).jpg,frontyard,oast_house,0.4943,0.3175,1.0,0.1713,0,0.066,0.1743,2.3186,0.3578,1,0.0348,0,0.0,0.3701,106172.99,106 173 RUB,Косметический
frontyard (330).jpg,frontyard,garage/outdoor,0.5757,0.2368,1.0,0.1549,0,0.0003,0.2176,2.3186,0.5888,0,0.0695,0,0.0,0.3993,98663.32,98 663 RUB,Косметический
frontyard (331).jpg,frontyard,garage/outdoor,0.5502,0.2434,0.9253,0.0976,0,0.0715,0.1994,2.3186,0.5576,1,0.0342,0,0.0,0.4301,89827.96,89 828 RUB,Без ремонта
frontyard (332).jpg,frontyard,hunting_lodge/outdoor,0.4979,0.2258,1.0,0.2745,0,0.3151,0.2087,2.3186,0.5464,0,0.096,0,0.0,0.3758,113286.99,113 287 RUB,Косметический
frontyard (333).jpg,frontyard,garage/outdoor,0.5445,0.2683,1.0,0.1605,3,0.2201,0.2059,2.3186,0.5072,0,0.0818,3,15.9999,0.4077,137819.31,137 819 RUB,Косметический
frontyard (334).jpg,frontyard,garage/outdoor,0.5275,0.2598,1.0,0.2306,2,0.0719,0.2285,2.3186,0.5076,0,0.0987,1,5.3333,0.3721,123817.15,123 817 RUB,Косметический
frontyard (335).jpg,frontyard,garage/outdoor,0.6979,0.311,0.254,0.057,0,0.0417,0.1421,2.3186,0.5544,1,0.0066,0,0.0,0.6957,84759.59,84 760 RUB,Без ремонта
frontyard (336).jpg,frontyard,garage/outdoor,0.7171,0.2689,0.6608,0.0646,0,0.0745,0.1507,2.3186,0.625,1,0.0265,0,0.0,0.5831,84142.75,84 143 RUB,Без ремонта
frontyard (337).jpg,frontyard,residential_neighborhood,0.6026,0.2712,1.0,0.1945,0,0.3622,0.1855,2.3186,0.5499,0,0.0305,0,0.0,0.4384,84446.3,84 446 RUB,Без ремонта
frontyard (338).jpg,frontyard,garage/outdoor,0.5899,0.2885,1.0,0.1589,2,0.1705,0.1863,2.3186,0.5109,0,0.0926,1,5.3333,0.4212,116965.42,116 965 RUB,Косметический
frontyard (339).jpg,frontyard,residential_neighborhood,0.5031,0.2913,1.0,0.2107,0,0.5405,0.2184,2.3186,0.421,3,0.1159,0,0.0,0.4131,121677.96,121 678 RUB,Косметический
frontyard (34).jpeg,frontyard,garage/outdoor,0.3805,0.1915,1.0,0.2815,1,0.0319,0.214,2.3186,0.4968,0,0.1175,0,0.0,0.2991,120125.37,120 125 RUB,Косметический
frontyard (34).jpg,frontyard,library/outdoor,0.4795,0.2866,1.0,0.2565,0,0.0178,0.2016,2.3333,0.4022,0,0.175,0,0.0,0.3423,125866.4,125 866 RUB,Косметический
frontyard (340).jpg,frontyard,garage/outdoor,0.7565,0.2359,1.0,0.1129,0,0.041,0.1697,2.3186,0.6881,2,0.0284,0,0.0,0.4841,88589.19,88 589 RUB,Без ремонта
frontyard (341).jpg,frontyard,garage/outdoor,0.5384,0.2844,1.0,0.1675,5,0.2101,0.2026,2.3186,0.4718,1,0.1283,1,5.3333,0.4029,134277.72,134 278 RUB,Косметический
frontyard (342).jpg,frontyard,garage/outdoor,0.6268,0.2461,1.0,0.1395,1,0.01,0.2196,2.3186,0.6074,0,0.0565,1,5.3333,0.4238,109176.67,109 177 RUB,Косметический
frontyard (343).jpg,frontyard,yard,0.3285,0.2123,1.0,0.1859,2,0.282,0.1961,2.3186,0.3536,1,0.1177,1,5.3333,0.3224,136662.11,136 662 RUB,Косметический
frontyard (344).jpg,frontyard,garage/outdoor,0.6693,0.2917,1.0,0.0946,1,0.1819,0.1949,2.3186,0.5641,1,0.0732,0,0.0,0.467,100836.3,100 836 RUB,Косметический
frontyard (345).jpg,frontyard,garage/outdoor,0.5638,0.293,1.0,0.1096,0,0.1968,0.2037,2.3186,0.4804,0,0.0711,0,0.0,0.4233,99594.17,99 594 RUB,Косметический
frontyard (346).jpg,frontyard,garage/outdoor,0.5678,0.2665,1.0,0.1353,0,0.1264,0.2196,2.3186,0.5306,1,0.0414,0,0.0,0.4127,98481.59,98 482 RUB,Косметический
frontyard (347).jpg,frontyard,residential_neighborhood,0.3872,0.2874,1.0,0.2507,0,0.1421,0.1815,2.3186,0.2577,0,0.138,0,0.0,0.3189,124252.97,124 253 RUB,Косметический
frontyard (348).jpg,frontyard,garage/outdoor,0.7068,0.2803,0.882,0.1004,3,0.0502,0.1609,2.3186,0.6034,1,0.029,2,10.6666,0.5031,122198.37,122 198 RUB,Косметический
frontyard (349).jpg,frontyard,yard,0.6041,0.2949,1.0,0.1629,0,0.1745,0.1852,2.3186,0.5118,0,0.0476,0,0.0,0.4265,86587.81,86 588 RUB,Без ремонта
frontyard (35).jpeg,frontyard,garage/outdoor,0.5576,0.2965,0.4305,0.0635,0,0.1523,0.1865,2.3186,0.4683,0,0.0258,0,0.0,0.5964,81949.33,81 949 RUB,Без ремонта
frontyard (35).jpg,frontyard,garage/outdoor,0.6052,0.2651,1.0,0.1083,0,0.0134,0.1713,2.33,0.562,0,0.0518,0,0.0,0.4217,91614.53,91 615 RUB,Косметический
frontyard (350).jpg,frontyard,residential_neighborhood,0.5126,0.2736,1.0,0.1304,2,0.0245,0.2092,2.3186,0.4662,0,0.0499,1,5.3333,0.3814,111526.04,111 526 RUB,Косметический
frontyard (351).jpg,frontyard,garage/outdoor,0.4773,0.2577,1.0,0.1309,2,0.1011,0.2032,2.3186,0.46,0,0.0577,1,5.3333,0.3748,112031.78,112 032 RUB,Косметический
frontyard (352).jpg,frontyard,garage/outdoor,0.5062,0.2321,0.7067,0.1307,0,0.0506,0.1958,2.3186,0.5414,0,0.0486,0,0.0,0.4694,84311.78,84 312 RUB,Без ремонта
frontyard (353).jpg,frontyard,garage/outdoor,0.5459,0.3042,0.6525,0.0686,0,0.04,0.1629,2.3186,0.4427,0,0.0498,0,0.0,0.5129,87018.39,87 018 RUB,Без ремонта
frontyard (354).jpg,frontyard,garage/outdoor,0.5127,0.3223,0.6184,0.1208,1,0.1018,0.1842,2.3186,0.3713,1,0.0161,0,0.0,0.5056,95444.37,95 444 RUB,Косметический
frontyard (355).jpg,frontyard,garage/outdoor,0.592,0.2178,0.6725,0.0877,0,0.0654,0.2001,2.3186,0.632,0,0.0595,0,0.0,0.5241,87975.65,87 976 RUB,Без ремонта
frontyard (356).jpg,frontyard,garage/outdoor,0.6379,0.2363,1.0,0.132,0,0.0153,0.2009,2.3186,0.6296,0,0.071,0,0.0,0.4303,91669.91,91 670 RUB,Косметический
frontyard (357).jpg,frontyard,garage/outdoor,0.5771,0.2651,0.4211,0.0772,1,0.2164,0.1902,2.3186,0.5406,1,0.0393,0,0.0,0.6107,89160.82,89 161 RUB,Без ремонта
frontyard (358).jpg,frontyard,garage/outdoor,0.552,0.2468,1.0,0.1779,2,0.1171,0.2321,2.3186,0.553,2,0.058,0,0.0,0.3969,110131.23,110 131 RUB,Косметический
frontyard (359).jpg,frontyard,residential_neighborhood,0.7284,0.2884,0.8599,0.0976,0,0.0115,0.1511,2.3186,0.604,0,0.0439,0,0.0,0.515,76543.74,76 544 RUB,Без ремонта
frontyard (36).jpeg,frontyard,garage/outdoor,0.6299,0.175,1.0,0.1694,0,0.0136,0.2113,2.3273,0.7222,3,0.0374,0,0.0,0.4194,106536.62,106 537 RUB,Косметический
frontyard (36).jpg,frontyard,manufactured_home,0.5506,0.2705,1.0,0.2891,1,0.1471,0.2205,2.3097,0.5088,4,0.1142,1,5.3476,0.3771,154360.64,154 361 RUB,Косметический
frontyard (360).jpg,frontyard,garage/outdoor,0.5793,0.1879,1.0,0.124,0,0.0287,0.1708,2.3186,0.6757,0,0.0479,0,0.0,0.4098,86665.79,86 666 RUB,Без ремонта
frontyard (361).jpg,frontyard,garage/outdoor,0.5249,0.3297,0.1311,0.0384,3,0.0069,0.1675,2.3186,0.3718,1,0.0394,2,10.6666,0.6636,128571.68,128 572 RUB,Косметический
frontyard (362).jpg,frontyard,garage/outdoor,0.3791,0.2368,1.0,0.1388,0,0.0418,0.195,2.3186,0.3753,2,0.0858,0,0.0,0.328,113680.37,113 680 RUB,Косметический
frontyard (363).jpg,frontyard,garage/outdoor,0.5033,0.2498,1.0,0.1839,0,0.1736,0.216,2.3186,0.5037,1,0.0658,0,0.0,0.3819,104517.6,104 518 RUB,Косметический
frontyard (364).jpg,frontyard,garage/outdoor,0.5203,0.2703,0.57,0.0711,1,0.0939,0.1942,2.3186,0.4806,0,0.0287,1,5.3333,0.5323,99916.46,99 916 RUB,Косметический
frontyard (365).jpg,frontyard,garage/outdoor,0.5617,0.2639,1.0,0.1954,0,0.1388,0.2033,2.3186,0.5302,1,0.0795,0,0.0,0.3995,103676.96,103 677 RUB,Косметический
frontyard (366).jpg,frontyard,residential_neighborhood,0.4519,0.1739,0.9674,0.0973,0,0.021,0.2077,2.3186,0.6153,1,0.0831,0,0.0,0.3732,100095.52,100 096 RUB,Косметический
frontyard (367).jpg,frontyard,manufactured_home,0.5605,0.2884,1.0,0.1341,0,0.0133,0.1877,2.3186,0.4855,2,0.08,0,0.0,0.3987,110479.38,110 479 RUB,Косметический
frontyard (368).jpg,frontyard,garage/outdoor,0.6816,0.2064,0.8742,0.1089,0,0.0922,0.2104,2.3186,0.6971,0,0.0251,0,0.0,0.4978,79584.7,79 585 RUB,Без ремонта
frontyard (369).jpg,frontyard,garage/outdoor,0.5995,0.3161,1.0,0.1496,0,0.1433,0.192,2.3186,0.4727,1,0.0786,0,0.0,0.4242,103280.67,103 281 RUB,Косметический
frontyard (37).jpeg,frontyard,mansion,0.2388,0.227,1.0,0.2671,1,0.2062,0.1689,2.3,0.0498,0,0.2236,0,0.0,0.2627,151805.77,151 806 RUB,Косметический
frontyard (37).jpg,frontyard,garage/outdoor,0.6251,0.1721,1.0,0.1776,1,0.0007,0.207,2.33,0.7247,4,0.046,0,0.0,0.4146,115059.76,115 060 RUB,Косметический
frontyard (370).jpg,frontyard,garage/outdoor,0.5269,0.3101,0.5599,0.0837,1,0.0017,0.1794,2.3186,0.4115,1,0.0271,0,0.0,0.5262,97982.93,97 983 RUB,Косметический
frontyard (371).jpg,frontyard,garage/outdoor,0.5556,0.2562,0.5359,0.0949,0,0.1152,0.1796,2.3186,0.5388,1,0.0321,0,0.0,0.554,88289.16,88 289 RUB,Без ремонта
frontyard (372).jpg,frontyard,garage/outdoor,0.5541,0.2799,0.7996,0.1027,0,0.1834,0.1884,2.3186,0.495,2,0.0482,0,0.0,0.4796,98139.58,98 140 RUB,Косметический
frontyard (373).jpg,frontyard,garage/outdoor,0.633,0.2998,0.6575,0.064,0,0.0425,0.1739,2.3186,0.5264,0,0.0339,0,0.0,0.5474,81491.5,81 492 RUB,Без ремонта
frontyard (374).jpg,frontyard,garage/outdoor,0.5237,0.3583,0.3235,0.0206,0,0.0,0.1326,2.3186,0.3157,0,0.009,0,0.0,0.6083,82644.32,82 644 RUB,Без ремонта
frontyard (375).jpg,frontyard,library/outdoor,0.6064,0.3165,0.843,0.0903,3,0.1021,0.1875,2.3186,0.4781,0,0.0335,2,10.6666,0.4818,123205.32,123 205 RUB,Косметический
frontyard (376).jpg,frontyard,yard,0.6086,0.2272,1.0,0.2074,1,0.2194,0.2234,2.3186,0.6268,0,0.0617,1,5.3333,0.4239,113420.62,113 421 RUB,Косметический
frontyard (377).jpg,frontyard,garage/outdoor,0.4513,0.3274,1.0,0.1256,0,0.1748,0.18,2.3186,0.2745,0,0.0463,0,0.0,0.3729,101616.59,101 617 RUB,Косметический
frontyard (378).jpg,frontyard,residential_neighborhood,0.5466,0.257,1.0,0.2421,0,0.2147,0.2053,2.3186,0.5298,0,0.1241,0,0.0,0.3917,114117.43,114 117 RUB,Косметический
frontyard (379).jpg,frontyard,garage/outdoor,0.5072,0.2344,1.0,0.1078,0,0.1054,0.2135,2.3186,0.538,0,0.0467,0,0.0,0.3919,90225.99,90 226 RUB,Косметический
frontyard (38).jpeg,frontyard,garage/outdoor,0.3619,0.2293,1.0,0.281,3,0.0154,0.2191,2.3059,0.3664,1,0.2756,1,7.1174,0.2901,180264.28,180 264 RUB,Капитальный
frontyard (38).jpg,frontyard,hunting_lodge/outdoor,0.3675,0.258,1.0,0.3021,0,0.258,0.2096,2.33,0.2981,3,0.2602,0,0.0,0.3128,165201.41,165 201 RUB,Косметический
frontyard (380).jpg,frontyard,residential_neighborhood,0.5045,0.3076,0.8162,0.1029,0,0.2647,0.1843,2.3186,0.3903,3,0.0409,0,0.0,0.4628,110847.63,110 848 RUB,Косметический
frontyard (381).jpg,frontyard,garage/outdoor,0.4666,0.2574,0.3428,0.0517,2,0.0311,0.169,2.3186,0.4483,1,0.0309,0,0.0,0.5766,96191.48,96 191 RUB,Косметический
frontyard (382).jpg,frontyard,garage/outdoor,0.4742,0.2824,1.0,0.2229,0,0.2789,0.2144,2.3186,0.4044,1,0.0969,0,0.0,0.373,119710.88,119 711 RUB,Косметический
frontyard (383).jpg,frontyard,garage/outdoor,0.4755,0.2486,0.9574,0.1036,0,0.0467,0.179,2.3186,0.4772,1,0.0537,0,0.0,0.3869,96448.67,96 449 RUB,Косметический
frontyard (384).jpg,frontyard,garage/outdoor,0.6211,0.2794,1.0,0.1222,1,0.1541,0.1986,2.3186,0.5501,0,0.0452,1,5.3333,0.4394,100114.15,100 114 RUB,Косметический
frontyard (385).jpg,frontyard,manufactured_home,0.5438,0.2978,0.482,0.0697,5,0.0435,0.2155,2.3186,0.4524,1,0.0153,0,0.0,0.5633,107404.09,107 404 RUB,Косметический
frontyard (386).jpg,frontyard,garage/outdoor,0.5837,0.2757,0.546,0.0713,0,0.0084,0.1879,2.3186,0.5277,0,0.0299,0,0.0,0.5562,78722.51,78 723 RUB,Без ремонта
frontyard (387).jpg,frontyard,garage/outdoor,0.7161,0.2521,0.6776,0.119,0,0.0314,0.1755,2.3186,0.648,0,0.0331,0,0.0,0.5625,78549.9,78 550 RUB,Без ремонта
frontyard (388).jpg,frontyard,garage/outdoor,0.6026,0.2829,1.0,0.1649,2,0.0068,0.1922,2.3186,0.5304,0,0.0385,1,5.3333,0.4087,108088.44,108 088 RUB,Косметический
frontyard (389).jpg,frontyard,garage/outdoor,0.5106,0.1672,0.7623,0.1491,0,0.2082,0.2124,2.3186,0.6726,0,0.0466,0,0.0,0.4665,79986.27,79 986 RUB,Без ремонта
frontyard (39).jpeg,frontyard,garage/outdoor,0.4829,0.2957,1.0,0.1721,0,0.1556,0.1924,2.3043,0.3877,1,0.069,0,0.0,0.3743,110261.47,110 261 RUB,Косметический
frontyard (39).jpg,frontyard,garage/outdoor,0.5932,0.2288,0.7607,0.1199,0,0.0233,0.1964,2.3186,0.6144,0,0.028,0,0.0,0.4874,80953.15,80 953 RUB,Без ремонта
frontyard (390).jpg,frontyard,garage/outdoor,0.6392,0.2688,0.6971,0.1323,0,0.0852,0.2091,2.3186,0.5795,1,0.0158,0,0.0,0.5286,88423.09,88 423 RUB,Без ремонта
frontyard (391).jpg,frontyard,garage/outdoor,0.5081,0.228,0.6061,0.1489,0,0.1376,0.21,2.3186,0.5513,4,0.0464,0,0.0,0.5054,115190.22,115 190 RUB,Косметический
frontyard (392).jpg,frontyard,residential_neighborhood,0.5342,0.2743,0.4307,0.0571,0,0.0,0.1691,2.3186,0.4866,0,0.0331,0,0.0,0.573,83733.55,83 734 RUB,Без ремонта
frontyard (393).jpg,frontyard,residential_neighborhood,0.6055,0.2741,1.0,0.1515,2,0.0863,0.1922,2.3186,0.5473,0,0.0834,1,5.3333,0.4205,114666.78,114 667 RUB,Косметический
frontyard (394).jpg,frontyard,garage/outdoor,0.5072,0.3114,0.3489,0.044,0,0.0162,0.1737,2.3186,0.3861,0,0.0236,0,0.0,0.591,83900.08,83 900 RUB,Без ремонта
frontyard (395).jpg,frontyard,hunting_lodge/outdoor,0.529,0.3568,1.0,0.1174,1,0.2804,0.1774,2.3186,0.3254,0,0.0762,0,0.0,0.4162,114669.07,114 669 RUB,Косметический
frontyard (396).jpg,frontyard,garage/outdoor,0.4174,0.2882,0.2145,0.0355,0,0.0002,0.1595,2.3186,0.3095,0,0.0257,0,0.0,0.5955,88098.8,88 099 RUB,Без ремонта
frontyard (397).jpg,frontyard,garage/outdoor,0.5955,0.2601,1.0,0.1248,0,0.0576,0.2295,2.3186,0.5632,6,0.0458,0,0.0,0.419,135134.82,135 135 RUB,Косметический
frontyard (398).jpg,frontyard,garage/outdoor,0.5955,0.2601,1.0,0.1248,0,0.0576,0.2295,2.3186,0.5632,6,0.0458,0,0.0,0.419,135134.82,135 135 RUB,Косметический
frontyard (399).jpg,frontyard,garage/outdoor,0.637,0.2282,1.0,0.1715,2,0.0171,0.2098,2.3186,0.6417,0,0.0604,1,5.3333,0.4222,111851.34,111 851 RUB,Косметический
frontyard (4).jpeg,frontyard,beach_house,0.4817,0.2025,1.0,0.1406,0,0.0003,0.1784,2.3186,0.5796,0,0.1049,0,0.0,0.3646,102897.25,102 897 RUB,Косметический
frontyard (4).jpg,frontyard,manufactured_home,0.6474,0.2722,0.5413,0.1215,0,0.0037,0.1653,2.3186,0.5796,0,0.0199,0,0.0,0.5727,81568.12,81 568 RUB,Без ремонта
frontyard (4).png,frontyard,garage/outdoor,0.4356,0.1542,0.6206,0.0713,0,0.0133,0.1679,2.3205,0.646,0,0.0574,0,0.0,0.4751,84160.29,84 160 RUB,Без ремонта
frontyard (40).jpeg,frontyard,garage/outdoor,0.5135,0.288,1.0,0.2303,0,0.2424,0.2146,2.3186,0.4391,0,0.0695,0,0.0,0.3836,103074.54,103 075 RUB,Косметический
frontyard (40).jpg,frontyard,garage/outdoor,0.3786,0.2466,1.0,0.2612,0,0.1273,0.2296,2.3303,0.3486,1,0.2471,0,0.0,0.312,147668.0,147 668 RUB,Косметический
frontyard (400).jpg,frontyard,garage/outdoor,0.5425,0.236,0.417,0.0945,0,0.1291,0.2027,2.3186,0.565,0,0.0107,0,0.0,0.5859,80259.99,80 260 RUB,Без ремонта
frontyard (401).jpg,frontyard,garage/outdoor,0.5487,0.2359,0.8891,0.1216,1,0.0625,0.2207,2.3186,0.5701,0,0.1267,1,5.3333,0.4347,116689.12,116 689 RUB,Косметический
frontyard (402).jpg,frontyard,garage/outdoor,0.5692,0.2507,0.8465,0.1212,0,0.0503,0.1831,2.3186,0.5596,3,0.0373,0,0.0,0.4545,108563.0,108 563 RUB,Косметический
frontyard (403).jpg,frontyard,garage/outdoor,0.4995,0.2809,0.9166,0.0843,0,0.1641,0.1549,2.3186,0.4376,1,0.0565,0,0.0,0.4244,94651.23,94 651 RUB,Косметический
frontyard (404).jpg,frontyard,garage/outdoor,0.4203,0.2659,0.7113,0.0878,0,0.0008,0.1869,2.3186,0.3674,3,0.0434,0,0.0,0.4372,117448.27,117 448 RUB,Косметический
frontyard (405).jpg,frontyard,garage/outdoor,0.5218,0.2737,0.479,0.056,0,0.0152,0.1882,2.3186,0.4755,1,0.0194,0,0.0,0.5553,84122.64,84 123 RUB,Без ремонта
frontyard (406).jpg,frontyard,garage/outdoor,0.5794,0.2415,1.0,0.1961,0,0.3132,0.2276,2.3186,0.5832,2,0.0627,0,0.0,0.4239,107658.04,107 658 RUB,Косметический
frontyard (407).jpg,frontyard,garage/outdoor,0.5733,0.2603,0.2882,0.0588,3,0.0111,0.1834,2.3186,0.546,1,0.0237,1,5.3333,0.6322,105969.65,105 970 RUB,Косметический
frontyard (408).jpg,frontyard,garage/outdoor,0.6104,0.2431,0.7762,0.0935,0,0.1566,0.2278,2.3186,0.6017,1,0.0368,0,0.0,0.5083,88674.16,88 674 RUB,Без ремонта
frontyard (409).jpg,frontyard,garage/outdoor,0.4401,0.2358,0.2379,0.0459,0,0.1015,0.1613,2.3186,0.4642,1,0.0267,0,0.0,0.6056,88629.33,88 629 RUB,Без ремонта
frontyard (41).jpeg,frontyard,garage/outdoor,0.3483,0.1691,1.0,0.2448,0,0.4078,0.211,2.33,0.5146,0,0.1054,0,0.0,0.3311,109426.04,109 426 RUB,Косметический
frontyard (41).jpg,frontyard,garage/outdoor,0.4835,0.2354,1.0,0.2649,0,0.3493,0.2202,2.33,0.5132,1,0.102,0,0.0,0.3754,119284.94,119 285 RUB,Косметический
frontyard (410).jpg,frontyard,driveway,0.5266,0.244,0.3804,0.0641,0,0.0548,0.1571,2.3186,0.5366,0,0.0218,0,0.0,0.5892,82078.81,82 079 RUB,Без ремонта
frontyard (411).jpg,frontyard,garage/outdoor,0.5936,0.2242,1.0,0.1868,1,0.0141,0.218,2.3186,0.6223,2,0.0255,0,0.0,0.4015,103103.32,103 103 RUB,Косметический
frontyard (412).jpg,frontyard,garage/outdoor,0.6346,0.2065,0.6608,0.125,0,0.0015,0.1967,2.3186,0.6746,0,0.0401,0,0.0,0.5307,78406.28,78 406 RUB,Без ремонта
frontyard (413).jpg,frontyard,garage/outdoor,0.5927,0.2447,0.4506,0.0622,0,0.2739,0.1792,2.3186,0.5872,0,0.014,0,0.0,0.6169,82743.44,82 743 RUB,Без ремонта
frontyard (414).jpg,frontyard,garage/outdoor,0.689,0.2289,0.4189,0.0624,2,0.0311,0.1774,2.3186,0.6678,1,0.0054,2,10.6666,0.6406,116167.83,116 168 RUB,Косметический
frontyard (415).jpg,frontyard,garage/outdoor,0.566,0.2461,1.0,0.1794,2,0.0706,0.2009,2.3186,0.5651,1,0.093,2,10.6666,0.3976,136537.97,136 538 RUB,Косметический
frontyard (416).jpg,frontyard,garage/outdoor,0.6161,0.313,0.3166,0.0591,1,0.0127,0.1716,2.3186,0.492,1,0.0105,0,0.0,0.6409,90024.64,90 025 RUB,Косметический
frontyard (417).jpg,frontyard,garage/outdoor,0.5192,0.231,1.0,0.1538,0,0.0769,0.2193,2.3186,0.5552,3,0.0649,0,0.0,0.3846,115947.14,115 947 RUB,Косметический
frontyard (418).jpg,frontyard,garage/outdoor,0.5805,0.3104,1.0,0.1397,0,0.0546,0.1645,2.3186,0.4653,0,0.0577,0,0.0,0.4097,92435.7,92 436 RUB,Косметический
frontyard (419).jpg,frontyard,garage/outdoor,0.4892,0.2636,0.6094,0.1093,0,0.3616,0.1825,2.3186,0.4612,0,0.0194,0,0.0,0.5272,89951.59,89 952 RUB,Без ремонта
frontyard (42).jpeg,frontyard,garage/outdoor,0.6171,0.2554,1.0,0.1589,0,0.1308,0.2106,2.33,0.586,0,0.0525,0,0.0,0.4281,90251.38,90 251 RUB,Косметический
frontyard (42).jpg,frontyard,garage/outdoor,0.6209,0.2293,1.0,0.1471,0,0.039,0.1898,2.3333,0.6308,1,0.058,0,0.0,0.4228,93460.61,93 461 RUB,Косметический
frontyard (420).jpg,frontyard,garage/outdoor,0.5979,0.2582,0.9081,0.1127,0,0.0961,0.2146,2.3186,0.5681,2,0.0418,0,0.0,0.4538,100957.94,100 958 RUB,Косметический
frontyard (421).jpg,frontyard,manufactured_home,0.5526,0.2649,0.4782,0.0927,0,0.0372,0.1888,2.3186,0.5207,0,0.0323,0,0.0,0.5628,80417.19,80 417 RUB,Без ремонта
frontyard (422).jpg,frontyard,residential_neighborhood,0.7164,0.2562,0.6377,0.0794,3,0.0159,0.1931,2.3186,0.6424,0,0.033,0,0.0,0.5809,85028.53,85 029 RUB,Без ремонта
frontyard (423).jpg,frontyard,garage/outdoor,0.4748,0.2347,0.7329,0.1085,0,0.0009,0.2016,2.3186,0.5056,0,0.0562,0,0.0,0.4485,88502.98,88 503 RUB,Без ремонта
frontyard (424).jpg,frontyard,garage/outdoor,0.5668,0.2478,1.0,0.2055,0,0.0127,0.207,2.3186,0.5629,0,0.0536,0,0.0,0.3869,96160.26,96 160 RUB,Косметический
frontyard (425).jpg,frontyard,garage/outdoor,0.5874,0.175,0.5774,0.097,0,0.0,0.176,2.3186,0.7021,1,0.0205,0,0.0,0.5423,78796.02,78 796 RUB,Без ремонта
frontyard (426).jpg,frontyard,garage/outdoor,0.6479,0.2576,1.0,0.1702,1,0.1551,0.2111,2.3186,0.6024,1,0.0157,0,0.0,0.4406,93319.8,93 320 RUB,Косметический
frontyard (427).jpg,frontyard,garage/outdoor,0.5044,0.2579,0.2321,0.0798,1,0.0001,0.1825,2.3186,0.4886,0,0.0205,0,0.0,0.6162,88483.17,88 483 RUB,Без ремонта
frontyard (428).jpg,frontyard,garage/outdoor,0.4943,0.1748,0.4751,0.1061,0,0.0004,0.1843,2.3186,0.6464,1,0.0427,0,0.0,0.534,87401.15,87 401 RUB,Без ремонта
frontyard (429).jpg,frontyard,garage/outdoor,0.6669,0.1913,0.4873,0.0864,1,0.0094,0.2035,2.3186,0.7131,2,0.0262,1,5.3333,0.6042,109842.86,109 843 RUB,Косметический
frontyard (43).jpeg,frontyard,garage/outdoor,0.4924,0.2066,0.6034,0.0994,0,0.2298,0.1924,2.3186,0.5805,0,0.0407,0,0.0,0.5191,82957.73,82 958 RUB,Без ремонта
frontyard (43).jpg,frontyard,garage/outdoor,0.5421,0.292,1.0,0.2124,0,0.024,0.2005,2.3186,0.4612,4,0.0502,0,0.0,0.3767,123773.66,123 774 RUB,Косметический
frontyard (430).jpg,frontyard,garage/outdoor,0.6261,0.2636,1.0,0.1705,3,0.0022,0.2145,2.3186,0.579,2,0.0686,1,5.3333,0.4166,133581.66,133 582 RUB,Косметический
frontyard (431).jpg,frontyard,residential_neighborhood,0.4254,0.2757,1.0,0.1924,3,0.0149,0.2266,2.3186,0.3518,2,0.1079,1,5.3333,0.3332,144206.83,144 207 RUB,Косметический
frontyard (432).jpg,frontyard,residential_neighborhood,0.5656,0.2946,1.0,0.1872,1,0.0058,0.1942,2.3186,0.4792,0,0.0448,0,0.0,0.3894,96169.85,96 170 RUB,Косметический
frontyard (433).jpg,frontyard,garage/outdoor,0.5328,0.2468,0.8696,0.1108,0,0.0091,0.1934,2.3186,0.5369,1,0.0227,0,0.0,0.431,89558.9,89 559 RUB,Без ремонта
frontyard (434).jpg,frontyard,garage/outdoor,0.4533,0.2877,1.0,0.1311,0,0.2114,0.214,2.3186,0.3652,0,0.0573,0,0.0,0.3763,100493.23,100 493 RUB,Косметический
frontyard (435).jpg,frontyard,garage/outdoor,0.5109,0.2517,1.0,0.16,0,0.024,0.2029,2.3186,0.5073,2,0.0714,0,0.0,0.3748,106197.04,106 197 RUB,Косметический
frontyard (436).jpg,frontyard,garage/outdoor,0.6649,0.2038,1.0,0.1522,0,0.0,0.1948,2.3186,0.6936,3,0.0423,0,0.0,0.4355,105736.35,105 736 RUB,Косметический
frontyard (437).jpg,frontyard,garage/outdoor,0.3606,0.2756,1.0,0.1711,2,0.1156,0.2109,2.3186,0.2357,1,0.0893,1,5.3333,0.3216,135699.05,135 699 RUB,Косметический
frontyard (438).jpg,frontyard,residential_neighborhood,0.5731,0.2417,0.5787,0.1098,0,0.0126,0.2048,2.3186,0.5783,1,0.0451,0,0.0,0.5349,88210.1,88 210 RUB,Без ремонта
frontyard (439).jpg,frontyard,garage/outdoor,0.5398,0.2345,1.0,0.1677,1,0.0144,0.2032,2.3186,0.5657,3,0.0292,1,5.3333,0.3838,127028.18,127 028 RUB,Косметический
frontyard (44).jpeg,frontyard,garage/outdoor,0.5312,0.2753,1.0,0.2273,1,0.2125,0.2119,2.3043,0.4817,2,0.1293,0,0.0,0.3882,127968.0,127 968 RUB,Косметический
frontyard (44).jpg,frontyard,garage/outdoor,0.4089,0.3182,1.0,0.1249,0,0.0101,0.1621,2.3186,0.2219,1,0.0998,0,0.0,0.3396,126159.36,126 159 RUB,Косметический
frontyard (440).jpg,frontyard,yard,0.534,0.2371,1.0,0.2576,0,0.4599,0.2278,2.3186,0.556,4,0.0641,0,0.0,0.4081,119246.21,119 246 RUB,Косметический
frontyard (441).jpg,frontyard,garage/outdoor,0.7282,0.2466,0.3903,0.0616,1,0.0054,0.1595,2.3186,0.6614,2,0.0225,1,5.3333,0.6624,109256.58,109 257 RUB,Косметический
frontyard (442).jpg,frontyard,garage/outdoor,0.7309,0.1475,0.2941,0.0691,0,0.0,0.1782,2.3186,0.7982,1,0.0063,0,0.0,0.6903,74600.24,74 600 RUB,Без ремонта
frontyard (443).jpg,frontyard,garage/outdoor,0.5034,0.2277,1.0,0.2105,0,0.0353,0.2131,2.3186,0.5477,0,0.0728,0,0.0,0.3628,99091.67,99 092 RUB,Косметический
frontyard (444).jpg,frontyard,garage/outdoor,0.6497,0.2284,0.9756,0.117,1,0.0134,0.1916,2.3186,0.6484,2,0.0501,1,5.3333,0.4451,116657.87,116 658 RUB,Косметический
frontyard (445).jpg,frontyard,garage/outdoor,0.6137,0.2776,0.6655,0.069,1,0.0321,0.1771,2.3186,0.5476,0,0.0134,0,0.0,0.5352,81282.83,81 283 RUB,Без ремонта
frontyard (446).jpg,frontyard,garage/outdoor,0.6299,0.2507,1.0,0.1469,0,0.0045,0.1808,2.3186,0.602,1,0.0216,0,0.0,0.423,96446.34,96 446 RUB,Косметический
frontyard (447).jpg,frontyard,garage/outdoor,0.3658,0.2428,0.7217,0.0945,0,0.0006,0.172,2.3186,0.3363,1,0.0628,0,0.0,0.411,111156.46,111 156 RUB,Косметический
frontyard (448).jpg,frontyard,garage/outdoor,0.7131,0.249,1.0,0.2003,0,0.005,0.1739,2.3186,0.6508,0,0.0448,0,0.0,0.4457,87063.61,87 064 RUB,Без ремонта
frontyard (449).jpg,frontyard,oast_house,0.5907,0.2325,0.9934,0.1705,0,0.253,0.2248,2.3186,0.6064,3,0.0485,0,0.0,0.4295,107219.56,107 220 RUB,Косметический
frontyard (45).jpeg,frontyard,garage/outdoor,0.6144,0.239,0.2913,0.0663,0,0.0096,0.1828,2.3186,0.611,0,0.0417,0,0.0,0.6461,78716.39,78 716 RUB,Без ремонта
frontyard (45).jpg,frontyard,driveway,0.4507,0.2559,1.0,0.178,3,0.1272,0.1939,2.3097,0.4321,2,0.1209,1,5.3476,0.3574,145483.04,145 483 RUB,Косметический
frontyard (450).jpg,frontyard,garage/outdoor,0.609,0.2234,1.0,0.2111,0,0.0155,0.2101,2.3186,0.6332,0,0.0502,0,0.0,0.4029,94984.12,94 984 RUB,Косметический
frontyard (451).jpg,frontyard,garage/outdoor,0.6406,0.2346,1.0,0.1639,0,0.0226,0.2053,2.3186,0.6339,2,0.0514,0,0.0,0.4257,100453.43,100 453 RUB,Косметический
frontyard (452).jpg,frontyard,campus,0.5498,0.2662,1.0,0.1634,0,0.0,0.2088,2.3186,0.5159,1,0.0724,0,0.0,0.3872,109844.3,109 844 RUB,Косметический
frontyard (453).jpg,frontyard,garage/outdoor,0.5718,0.2525,1.0,0.1984,1,0.0208,0.2281,2.3186,0.5585,0,0.024,0,0.0,0.3911,90020.53,90 021 RUB,Косметический
frontyard (454).jpg,frontyard,garage/outdoor,0.4678,0.315,0.564,0.0857,0,0.0,0.1947,2.3186,0.3268,1,0.0416,0,0.0,0.5008,100781.72,100 782 RUB,Косметический
frontyard (455).jpg,frontyard,garage/outdoor,0.629,0.2219,1.0,0.1879,0,0.0021,0.1768,2.3186,0.6473,1,0.0462,0,0.0,0.4142,99071.61,99 072 RUB,Косметический
frontyard (456).jpg,frontyard,garage/outdoor,0.5621,0.2572,0.1388,0.0444,1,0.0177,0.2243,2.3186,0.5424,2,0.0321,1,5.3333,0.6761,109742.12,109 742 RUB,Косметический
frontyard (457).jpg,frontyard,garage/outdoor,0.5697,0.2777,1.0,0.1924,1,0.0002,0.1968,2.3186,0.5125,0,0.033,1,5.3333,0.3894,110843.66,110 844 RUB,Косметический
frontyard (458).jpg,frontyard,garage/outdoor,0.6157,0.263,0.5507,0.0877,0,0.0,0.1952,2.3186,0.5729,0,0.0283,0,0.0,0.5635,80000.13,80 000 RUB,Без ремонта
frontyard (459).jpg,frontyard,garage/outdoor,0.6543,0.3228,0.5073,0.085,0,0.1022,0.1755,2.3186,0.5066,1,0.0661,0,0.0,0.6027,97575.16,97 575 RUB,Косметический
frontyard (46).jpeg,frontyard,garage/outdoor,0.5627,0.2478,1.0,0.1251,0,0.0006,0.1985,2.33,0.5596,1,0.0252,0,0.0,0.4001,93976.36,93 976 RUB,Косметический
frontyard (46).jpg,frontyard,residential_neighborhood,0.6085,0.2442,0.6713,0.0768,0,0.0382,0.1808,2.33,0.5987,0,0.0341,0,0.0,0.5305,79690.81,79 691 RUB,Без ремонта
frontyard (460).jpg,frontyard,garage/outdoor,0.528,0.201,0.6735,0.1289,0,0.146,0.212,2.3186,0.6194,1,0.0648,0,0.0,0.498,94172.45,94 172 RUB,Косметический
frontyard (461).jpg,frontyard,garage/outdoor,0.6473,0.2707,0.6827,0.0785,0,0.1017,0.1742,2.3186,0.5818,0,0.0211,0,0.0,0.5486,83843.84,83 844 RUB,Без ремонта
frontyard (462).jpg,frontyard,garage/outdoor,0.5319,0.2933,0.9036,0.1231,0,0.1213,0.2091,2.3186,0.4485,1,0.0835,0,0.0,0.4292,101407.35,101 407 RUB,Косметический
frontyard (463).jpg,frontyard,garage/outdoor,0.5636,0.25,1.0,0.1383,0,0.0008,0.204,2.3186,0.5565,1,0.0682,0,0.0,0.3979,101950.05,101 950 RUB,Косметический
frontyard (464).jpg,frontyard,cabin/outdoor,0.3856,0.242,1.0,0.1396,1,0.0309,0.2014,2.3186,0.3724,2,0.1515,0,0.0,0.3294,135169.8,135 170 RUB,Косметический
frontyard (465).jpg,frontyard,courtyard,0.539,0.2422,1.0,0.2429,0,0.0394,0.1937,2.3186,0.5507,0,0.0256,0,0.0,0.3709,91282.66,91 283 RUB,Косметический
frontyard (466).jpg,frontyard,garage/outdoor,0.4463,0.292,1.0,0.2145,2,0.1272,0.2089,2.3186,0.3457,1,0.1612,0,0.0,0.3483,128870.5,128 870 RUB,Косметический
frontyard (467).jpg,frontyard,residential_neighborhood,0.6343,0.2722,1.0,0.1724,0,0.0975,0.1868,2.3186,0.5708,0,0.0663,0,0.0,0.429,93692.13,93 692 RUB,Косметический
frontyard (468).jpg,frontyard,garage/outdoor,0.6654,0.2429,0.9952,0.1462,0,0.0847,0.2023,2.3186,0.635,2,0.0262,0,0.0,0.4468,98077.78,98 078 RUB,Косметический
frontyard (469).jpg,frontyard,garage/outdoor,0.5097,0.21,0.3418,0.0819,0,0.0526,0.1981,2.3186,0.5879,1,0.0462,0,0.0,0.5902,85371.24,85 371 RUB,Без ремонта
frontyard (47).jpeg,frontyard,garage/outdoor,0.4851,0.2042,1.0,0.1151,0,0.0023,0.2102,2.3186,0.5791,1,0.0548,0,0.0,0.3712,98059.92,98 060 RUB,Косметический
frontyard (47).jpg,frontyard,garage/outdoor,0.6619,0.2418,1.0,0.1372,0,0.0048,0.1698,2.33,0.6348,0,0.0357,0,0.0,0.4378,83601.62,83 602 RUB,Без ремонта
frontyard (470).jpg,frontyard,garage/outdoor,0.4553,0.2811,0.6817,0.0916,0,0.0214,0.1761,2.3186,0.3826,1,0.0713,0,0.0,0.4615,100845.59,100 846 RUB,Косметический
frontyard (471).jpg,frontyard,garage/outdoor,0.676,0.2427,1.0,0.1335,0,0.032,0.2125,2.3186,0.6411,1,0.0407,0,0.0,0.4469,88638.15,88 638 RUB,Без ремонта
frontyard (472).jpg,frontyard,garage/outdoor,0.4447,0.2678,1.0,0.2603,0,0.3923,0.2277,2.3186,0.3978,0,0.0747,0,0.0,0.3651,109339.3,109 339 RUB,Косметический
frontyard (473).jpg,frontyard,garage/outdoor,0.5439,0.2621,1.0,0.1829,0,0.2235,0.2245,2.3186,0.5182,1,0.0612,0,0.0,0.4033,99399.25,99 399 RUB,Косметический
frontyard (474).jpg,frontyard,garage/outdoor,0.5744,0.3501,1.0,0.1065,0,0.1267,0.1677,2.3186,0.3905,2,0.0564,0,0.0,0.4212,110559.22,110 559 RUB,Косметический
frontyard (475).jpg,frontyard,garage/outdoor,0.3726,0.2251,1.0,0.1973,3,0.2259,0.1955,2.3186,0.3959,1,0.0967,0,0.0,0.3321,114266.24,114 266 RUB,Косметический
frontyard (476).jpg,frontyard,garage/outdoor,0.6559,0.2065,1.0,0.1854,1,0.0877,0.2175,2.3186,0.6852,4,0.0709,1,5.3333,0.4341,127098.4,127 098 RUB,Косметический
frontyard (477).jpg,frontyard,residential_neighborhood,0.597,0.2329,1.0,0.1667,1,0.0809,0.2219,2.3186,0.6099,1,0.0389,1,5.3333,0.4135,115092.35,115 092 RUB,Косметический
frontyard (478).jpg,frontyard,garage/outdoor,0.5753,0.1911,1.0,0.1065,0,0.2108,0.2076,2.3186,0.6678,0,0.0447,0,0.0,0.4299,85262.34,85 262 RUB,Без ремонта
frontyard (479).jpg,frontyard,garage/outdoor,0.553,0.2887,1.0,0.1617,0,0.2073,0.2083,2.3186,0.478,3,0.0709,0,0.0,0.4096,117358.28,117 358 RUB,Косметический
frontyard (48).jpeg,frontyard,garage/outdoor,0.5157,0.2545,1.0,0.0983,0,0.0143,0.1943,2.32,0.5066,1,0.0443,0,0.0,0.3881,95572.33,95 572 RUB,Косметический
frontyard (48).jpg,frontyard,garage/outdoor,0.5486,0.2666,1.0,0.1755,0,0.0014,0.2034,2.33,0.5141,3,0.0923,0,0.0,0.3845,125683.78,125 684 RUB,Косметический
frontyard (480).jpg,frontyard,garage/outdoor,0.4581,0.3142,1.0,0.0982,0,0.0015,0.1819,2.3186,0.3142,2,0.0729,0,0.0,0.3637,116354.39,116 354 RUB,Косметический
frontyard (481).jpg,frontyard,driveway,0.5601,0.2418,0.7364,0.0816,3,0.161,0.1774,2.3186,0.5684,0,0.0558,2,10.6666,0.5029,123737.33,123 737 RUB,Косметический
frontyard (482).jpg,frontyard,garage/outdoor,0.5126,0.2864,1.0,0.1933,0,0.1028,0.2209,2.3186,0.4414,1,0.1957,0,0.0,0.3767,134984.11,134 984 RUB,Косметический
frontyard (483).jpg,frontyard,residential_neighborhood,0.4558,0.2677,1.0,0.2299,0,0.1296,0.2143,2.3186,0.4126,1,0.129,0,0.0,0.3493,120962.67,120 963 RUB,Косметический
frontyard (484).jpg,frontyard,garage/outdoor,0.5699,0.3645,0.9282,0.0999,1,0.1473,0.1659,2.3186,0.3604,1,0.0649,0,0.0,0.4442,107654.76,107 655 RUB,Косметический
frontyard (485).jpg,frontyard,garage/outdoor,0.6174,0.3228,0.6651,0.0978,0,0.0604,0.1891,2.3186,0.4771,1,0.0507,0,0.0,0.5339,91182.56,91 183 RUB,Косметический
frontyard (486).jpg,frontyard,garage/outdoor,0.5213,0.2484,1.0,0.2662,0,0.0467,0.2296,2.3186,0.5235,0,0.0843,0,0.0,0.36,109947.47,109 947 RUB,Косметический
frontyard (487).jpg,frontyard,residential_neighborhood,0.6884,0.2042,1.0,0.1519,0,0.3039,0.2171,2.3186,0.7034,2,0.0424,0,0.0,0.4753,91739.52,91 740 RUB,Косметический
frontyard (489).jpg,frontyard,garage/outdoor,0.5641,0.2334,0.6574,0.1002,1,0.1516,0.2061,2.3186,0.5862,2,0.0171,1,5.3333,0.5235,109599.88,109 600 RUB,Косметический
frontyard (49).jpeg,frontyard,garage/outdoor,0.4675,0.2628,0.8573,0.0869,0,0.0127,0.1906,2.3168,0.4379,1,0.0461,0,0.0,0.4137,98464.54,98 465 RUB,Косметический
frontyard (49).jpg,frontyard,garage/outdoor,0.5686,0.1827,1.0,0.1648,2,0.1162,0.2071,2.3245,0.6787,3,0.0326,1,5.277,0.4061,122657.49,122 657 RUB,Косметический
frontyard (490).jpg,frontyard,garage/outdoor,0.4567,0.2933,0.5011,0.0637,0,0.1259,0.1823,2.3186,0.3579,0,0.0448,0,0.0,0.5322,91469.23,91 469 RUB,Косметический
frontyard (491).jpg,frontyard,garage/outdoor,0.5866,0.2379,1.0,0.2731,0,0.1597,0.2165,2.3186,0.5945,1,0.1529,0,0.0,0.396,124505.97,124 506 RUB,Косметический
frontyard (492).jpg,frontyard,garage/outdoor,0.5445,0.2683,1.0,0.1605,3,0.2201,0.2059,2.3186,0.5072,0,0.0818,3,15.9999,0.4077,137819.31,137 819 RUB,Косметический
frontyard (493).jpg,frontyard,garage/outdoor,0.7309,0.224,0.8462,0.0932,1,0.0065,0.1756,2.3186,0.6935,0,0.0328,0,0.0,0.5205,84117.97,84 118 RUB,Без ремонта
frontyard (494).jpg,frontyard,garage/outdoor,0.471,0.2532,1.0,0.2905,0,0.3916,0.2133,2.3186,0.4624,0,0.2614,0,0.0,0.3695,134479.15,134 479 RUB,Косметический
frontyard (495).jpg,frontyard,garage/outdoor,0.5314,0.2987,1.0,0.193,0,0.0002,0.1845,2.3186,0.4378,1,0.0664,0,0.0,0.374,112565.74,112 566 RUB,Косметический
frontyard (496).jpg,frontyard,garage/outdoor,0.7565,0.2359,1.0,0.1129,0,0.041,0.1697,2.3186,0.6881,2,0.0284,0,0.0,0.4841,88589.19,88 589 RUB,Без ремонта
frontyard (497).jpg,frontyard,garage/outdoor,0.6435,0.2187,0.7597,0.111,1,0.1963,0.1928,2.3186,0.6602,1,0.0167,1,5.3333,0.5269,102813.55,102 814 RUB,Косметический
frontyard (498).jpg,frontyard,yard,0.4691,0.2935,1.0,0.1846,0,0.4997,0.1881,2.3186,0.3743,2,0.0671,0,0.0,0.4007,114594.44,114 594 RUB,Косметический
frontyard (499).jpg,frontyard,yard,0.4009,0.31,1.0,0.2296,1,0.2038,0.1956,2.3186,0.2268,1,0.1058,1,5.3333,0.3348,144593.84,144 594 RUB,Косметический
frontyard (5).jpeg,frontyard,house,0.5056,0.235,1.0,0.3302,0,0.3513,0.2564,2.32,0.5353,1,0.1216,0,0.0,0.3774,121592.57,121 593 RUB,Косметический
frontyard (5).jpg,frontyard,residential_neighborhood,0.5788,0.2668,1.0,0.1753,2,0.0459,0.1955,2.3186,0.5391,0,0.0662,2,10.6666,0.4011,131594.09,131 594 RUB,Косметический
frontyard (5).png,frontyard,garage/outdoor,0.4214,0.1859,1.0,0.1304,2,0.0108,0.1862,2.3263,0.5589,0,0.0507,0,0.0,0.3436,100640.37,100 640 RUB,Косметический
frontyard (50).jpeg,frontyard,garage/outdoor,0.5063,0.2275,1.0,0.2492,0,0.0438,0.2134,2.3186,0.5507,2,0.1342,0,0.0,0.3571,124775.27,124 775 RUB,Косметический
frontyard (50).jpg,frontyard,garage/outdoor,0.5167,0.2464,1.0,0.1803,1,0.01,0.1854,2.3186,0.5231,2,0.0511,1,5.3333,0.3716,126186.21,126 186 RUB,Косметический
frontyard (500).jpg,frontyard,garage/outdoor,0.4846,0.2628,1.0,0.228,0,0.3027,0.2148,2.3186,0.4577,0,0.0282,0,0.0,0.3785,96362.49,96 362 RUB,Косметический
frontyard (501).jpg,frontyard,yard,0.5804,0.2662,1.0,0.1974,0,0.2592,0.2092,2.3186,0.5414,1,0.0483,0,0.0,0.4186,97523.14,97 523 RUB,Косметический
frontyard (502).jpg,frontyard,mansion,0.4972,0.2654,1.0,0.1903,1,0.1262,0.215,2.3186,0.4662,1,0.0246,1,5.3333,0.3734,112845.54,112 846 RUB,Косметический
frontyard (503).jpg,frontyard,garage/outdoor,0.5503,0.2354,1.0,0.1825,0,0.2488,0.2109,2.3186,0.5723,0,0.0853,0,0.0,0.4085,99680.95,99 681 RUB,Косметический
frontyard (504).jpg,frontyard,yard,0.5198,0.3418,0.5913,0.0863,0,0.0447,0.1521,2.3186,0.3426,0,0.0106,0,0.0,0.5178,87193.78,87 194 RUB,Без ремонта
frontyard (505).jpg,frontyard,garage/outdoor,0.5327,0.2948,0.7823,0.0998,1,0.0116,0.2061,2.3186,0.4466,0,0.0601,1,5.3333,0.4596,105072.69,105 073 RUB,Косметический
frontyard (506).jpg,frontyard,residential_neighborhood,0.5732,0.2791,0.8978,0.1767,2,0.3899,0.2172,2.3186,0.5131,0,0.0389,0,0.0,0.4636,94048.05,94 048 RUB,Косметический
frontyard (507).jpg,frontyard,garage/outdoor,0.5326,0.268,1.0,0.1389,0,0.149,0.1968,2.3186,0.4969,1,0.0561,0,0.0,0.4002,98260.05,98 260 RUB,Косметический
frontyard (508).jpg,frontyard,garage/outdoor,0.5581,0.2231,0.9711,0.1038,1,0.2205,0.222,2.3186,0.6003,1,0.1248,1,5.3333,0.4332,121084.53,121 085 RUB,Косметический
frontyard (509).jpg,frontyard,oast_house,0.5666,0.2183,0.6612,0.0688,1,0.3262,0.2113,2.3186,0.6148,1,0.0725,1,5.3333,0.5471,113999.86,114 000 RUB,Косметический
frontyard (51).jpeg,frontyard,garage/outdoor,0.4252,0.2969,1.0,0.189,1,0.1162,0.2087,2.3333,0.3018,2,0.1028,1,7.1428,0.3439,147076.42,147 076 RUB,Косметический
frontyard (51).jpg,frontyard,garage/outdoor,0.5394,0.264,0.6123,0.0859,1,0.1317,0.1875,2.32,0.5106,0,0.0503,1,6.0241,0.5281,102526.13,102 526 RUB,Косметический
frontyard (510).jpg,frontyard,garage/outdoor,0.5731,0.268,0.8419,0.1168,2,0.3627,0.1967,2.3186,0.5324,3,0.0569,2,10.6666,0.4896,144734.67,144 735 RUB,Косметический
frontyard (511).jpg,frontyard,garage/outdoor,0.4417,0.3267,1.0,0.1082,5,0.0292,0.1729,2.3186,0.2604,1,0.1028,1,5.3333,0.358,145915.06,145 915 RUB,Косметический
frontyard (512).jpg,frontyard,garage/outdoor,0.6665,0.2108,1.0,0.1345,2,0.0319,0.2237,2.3186,0.6838,2,0.043,0,0.0,0.4429,102886.01,102 886 RUB,Косметический
frontyard (513).jpg,frontyard,garage/outdoor,0.5696,0.2595,1.0,0.2285,0,0.0396,0.2045,2.3186,0.5443,2,0.0958,0,0.0,0.3861,120760.66,120 761 RUB,Косметический
frontyard (514).jpg,frontyard,garage/outdoor,0.4773,0.2577,1.0,0.1309,2,0.1011,0.2032,2.3186,0.46,0,0.0577,1,5.3333,0.3748,112031.78,112 032 RUB,Косметический
frontyard (515).jpg,frontyard,garage/outdoor,0.5937,0.2805,0.6132,0.0851,0,0.0885,0.1738,2.3186,0.5275,0,0.0239,0,0.0,0.5453,82185.66,82 186 RUB,Без ремонта
frontyard (516).jpg,frontyard,garage/outdoor,0.6296,0.2011,1.0,0.1636,0,0.0104,0.1904,2.3186,0.6806,0,0.0185,0,0.0,0.4201,86222.53,86 223 RUB,Без ремонта
frontyard (517).jpg,frontyard,schoolhouse,0.5722,0.2887,0.6008,0.1293,0,0.0088,0.165,2.3186,0.4955,0,0.0544,0,0.0,0.5237,87741.43,87 741 RUB,Без ремонта
frontyard (518).jpg,frontyard,garage/outdoor,0.6804,0.2225,0.429,0.0657,0,0.0049,0.1846,2.3186,0.673,0,0.027,0,0.0,0.6308,76152.58,76 153 RUB,Без ремонта
frontyard (519).jpg,frontyard,library/outdoor,0.5766,0.233,1.0,0.1922,1,0.0548,0.2193,2.3186,0.5959,0,0.0185,1,5.3333,0.3977,108536.04,108 536 RUB,Косметический
frontyard (52).jpeg,frontyard,garage/outdoor,0.6807,0.2867,1.0,0.1386,0,0.0,0.1756,2.3148,0.5788,0,0.0384,0,0.0,0.4446,82026.73,82 027 RUB,Без ремонта
frontyard (52).jpg,frontyard,garage/outdoor,0.6602,0.2497,1.0,0.1922,1,0.1763,0.2021,2.3069,0.6218,2,0.0562,1,5.988,0.4433,123224.38,123 224 RUB,Косметический
frontyard (520).jpg,frontyard,garage/outdoor,0.5072,0.3159,1.0,0.1906,0,0.1136,0.1902,2.3186,0.3772,0,0.0914,0,0.0,0.3761,114634.83,114 635 RUB,Косметический
frontyard (521).jpg,frontyard,yard,0.5375,0.3001,0.7962,0.1383,0,0.2693,0.1855,2.3186,0.4417,3,0.0294,0,0.0,0.4754,105165.14,105 165 RUB,Косметический
frontyard (522).jpg,frontyard,garage/outdoor,0.5959,0.2415,0.5515,0.0714,0,0.1091,0.1812,2.3186,0.5947,0,0.0244,0,0.0,0.5695,81471.34,81 471 RUB,Без ремонта
frontyard (523).jpg,frontyard,garage/outdoor,0.4804,0.2898,0.9496,0.0816,0,0.0004,0.181,2.3186,0.3967,0,0.0582,0,0.0,0.391,96588.43,96 588 RUB,Косметический
frontyard (524).jpg,frontyard,garage/outdoor,0.5526,0.2754,1.0,0.1704,0,0.1641,0.1956,2.3186,0.5016,0,0.0588,0,0.0,0.4034,94018.0,94 018 RUB,Косметический
frontyard (525).jpg,frontyard,garage/outdoor,0.509,0.2769,1.0,0.18,0,0.1119,0.1979,2.3186,0.4561,0,0.1306,0,0.0,0.3788,108337.99,108 338 RUB,Косметический
frontyard (526).jpg,frontyard,garage/outdoor,0.6276,0.2653,1.0,0.1437,1,0.095,0.2172,2.3186,0.5772,2,0.0264,1,5.3333,0.4318,116916.58,116 917 RUB,Косметический
frontyard (527).jpg,frontyard,cabin/outdoor,0.5275,0.2458,0.7333,0.1326,1,0.3523,0.192,2.3186,0.5339,0,0.0248,0,0.0,0.4997,85200.39,85 200 RUB,Без ремонта
frontyard (528).jpg,frontyard,inn/outdoor,0.6249,0.2975,0.6852,0.095,0,0.0193,0.1595,2.3186,0.5239,1,0.0256,0,0.0,0.5273,84860.1,84 860 RUB,Без ремонта
frontyard (529).jpg,frontyard,barndoor,0.6142,0.2284,1.0,0.2332,0,0.1912,0.2087,2.3186,0.6282,3,0.0266,0,0.0,0.4182,115281.55,115 282 RUB,Косметический
frontyard (53).jpeg,frontyard,garage/outdoor,0.4,0.2305,1.0,0.2624,5,0.3329,0.2137,2.3191,0.4238,1,0.1488,5,32.0511,0.3408,171943.71,171 944 RUB,Капитальный
frontyard (53).jpg,frontyard,garage/outdoor,0.5221,0.2571,1.0,0.2074,0,0.0047,0.2092,2.3186,0.5075,2,0.1266,0,0.0,0.3678,124014.02,124 014 RUB,Косметический
frontyard (530).jpg,frontyard,garage/outdoor,0.5743,0.2282,1.0,0.1871,0,0.0652,0.2193,2.3186,0.6027,0,0.0407,0,0.0,0.3988,95913.69,95 914 RUB,Косметический
frontyard (531).jpg,frontyard,library/outdoor,0.5562,0.2224,1.0,0.2003,0,0.1658,0.2216,2.3186,0.6002,0,0.0109,0,0.0,0.399,89719.78,89 720 RUB,Без ремонта
frontyard (532).jpg,frontyard,garage/outdoor,0.752,0.2396,0.6804,0.0619,0,0.0069,0.1648,2.3186,0.6814,2,0.0216,0,0.0,0.585,85766.56,85 767 RUB,Без ремонта
frontyard (533).jpg,frontyard,garage/outdoor,0.4725,0.3102,1.0,0.1683,0,0.2872,0.1945,2.3186,0.3434,1,0.0564,0,0.0,0.384,109991.55,109 992 RUB,Косметический
frontyard (534).jpg,frontyard,garage/outdoor,0.6341,0.2316,1.0,0.1645,3,0.0947,0.2187,2.3186,0.6347,1,0.0259,1,5.3333,0.4302,111644.6,111 645 RUB,Косметический
frontyard (535).jpg,frontyard,garage/outdoor,0.5658,0.2207,0.9268,0.1292,1,0.3461,0.2138,2.3186,0.6099,0,0.017,1,5.3333,0.4571,100552.97,100 553 RUB,Косметический
frontyard (536).jpg,frontyard,residential_neighborhood,0.6045,0.301,0.882,0.1331,1,0.3152,0.1879,2.3186,0.502,2,0.0402,0,0.0,0.4821,101389.28,101 389 RUB,Косметический
frontyard (537).jpg,frontyard,topiary_garden,0.4689,0.2479,0.897,0.1466,2,0.2091,0.2178,2.3186,0.4712,1,0.013,1,5.3333,0.4101,112959.58,112 960 RUB,Косметический
frontyard (538).jpg,frontyard,garage/outdoor,0.6724,0.2646,0.8384,0.107,0,0.0368,0.2043,2.3186,0.6065,1,0.0591,0,0.0,0.4997,94639.26,94 639 RUB,Косметический
frontyard (539).jpg,frontyard,garage/outdoor,0.5147,0.2904,1.0,0.1868,0,0.244,0.2184,2.3186,0.4358,1,0.1366,0,0.0,0.3929,114029.07,114 029 RUB,Косметический
frontyard (54).jpeg,frontyard,garage/outdoor,0.514,0.212,1.0,0.1688,2,0.0226,0.2048,2.3186,0.5876,6,0.052,2,10.6666,0.3741,166756.24,166 756 RUB,Косметический
frontyard (54).jpg,frontyard,garage/outdoor,0.5957,0.2404,1.0,0.1668,1,0.0239,0.2076,2.31,0.5964,4,0.0278,1,6.0423,0.4073,130697.5,130 698 RUB,Косметический
frontyard (540).jpg,frontyard,garage/outdoor,0.5522,0.2565,1.0,0.1324,0,0.0584,0.1767,2.3186,0.5354,1,0.0501,0,0.0,0.4002,98002.24,98 002 RUB,Косметический
frontyard (541).jpg,frontyard,yard,0.5441,0.2798,1.0,0.1938,2,0.0524,0.2089,2.3186,0.4858,0,0.047,2,10.6666,0.3841,129350.17,129 350 RUB,Косметический
frontyard (542).jpg,frontyard,mansion,0.3394,0.2305,1.0,0.1327,4,0.0631,0.1809,2.3186,0.3208,2,0.0809,0,0.0,0.3155,124696.18,124 696 RUB,Косметический
frontyard (543).jpg,frontyard,garage/outdoor,0.4861,0.2896,1.0,0.2038,0,0.0361,0.2106,2.3186,0.4041,1,0.1304,0,0.0,0.3573,115083.14,115 083 RUB,Косметический
frontyard (544).jpg,frontyard,residential_neighborhood,0.5148,0.3145,0.5595,0.0508,1,0.0484,0.1803,2.3186,0.3892,1,0.0672,0,0.0,0.5328,101953.43,101 953 RUB,Косметический
frontyard (545).jpg,frontyard,garage/outdoor,0.6593,0.3039,1.0,0.1368,2,0.1524,0.1809,2.3186,0.539,1,0.0352,2,10.6666,0.4516,129235.17,129 235 RUB,Косметический
frontyard (546).jpg,frontyard,garage/outdoor,0.5315,0.256,0.5454,0.0869,0,0.0049,0.1981,2.3186,0.5183,3,0.1191,0,0.0,0.5321,119715.82,119 716 RUB,Косметический
frontyard (547).jpg,frontyard,garage/outdoor,0.5962,0.3,0.9099,0.1324,0,0.1881,0.1963,2.3186,0.4968,0,0.0261,0,0.0,0.4579,84460.59,84 461 RUB,Без ремонта
frontyard (548).jpg,frontyard,garage/outdoor,0.5145,0.2499,0.4165,0.0652,1,0.0306,0.2078,2.3186,0.5143,1,0.0239,1,5.3333,0.5709,99826.52,99 827 RUB,Косметический
frontyard (549).jpg,frontyard,garage/outdoor,0.5804,0.2721,0.691,0.1213,1,0.1228,0.2063,2.3186,0.5311,0,0.0268,0,0.0,0.5129,85378.6,85 379 RUB,Без ремонта
frontyard (55).jpeg,frontyard,garage/outdoor,0.5243,0.273,1.0,0.1837,2,0.127,0.2188,2.3069,0.4793,0,0.1015,1,5.988,0.3857,124389.27,124 389 RUB,Косметический
frontyard (55).jpg,frontyard,garage/outdoor,0.3705,0.2368,1.0,0.2232,0,0.1108,0.198,2.3059,0.3609,1,0.0852,0,0.0,0.3146,117071.8,117 072 RUB,Косметический
frontyard (550).jpg,frontyard,garage/outdoor,0.5839,0.2574,1.0,0.1315,0,0.121,0.2147,2.3186,0.5593,0,0.0517,0,0.0,0.4194,97393.62,97 394 RUB,Косметический
frontyard (551).jpg,frontyard,residential_neighborhood,0.6262,0.3281,0.7166,0.0917,0,0.001,0.178,2.3186,0.4761,1,0.0219,0,0.0,0.5173,87258.25,87 258 RUB,Без ремонта
frontyard (552).jpg,frontyard,yard,0.5863,0.2134,0.2803,0.0686,2,0.1459,0.191,2.3186,0.636,0,0.0343,0,0.0,0.6513,82366.59,82 367 RUB,Без ремонта
frontyard (553).jpg,frontyard,garage/outdoor,0.6193,0.2343,0.5551,0.0442,0,0.0002,0.1777,2.3186,0.6218,0,0.0427,0,0.0,0.5724,81001.65,81 002 RUB,Без ремонта
frontyard (554).jpg,frontyard,garage/outdoor,0.5632,0.351,0.7567,0.0887,0,0.1392,0.1803,2.3186,0.3768,0,0.028,0,0.0,0.4945,89359.9,89 360 RUB,Без ремонта
frontyard (555).jpg,frontyard,garage/outdoor,0.73,0.2325,0.7555,0.1049,0,0.0104,0.1923,2.3186,0.6815,2,0.0369,0,0.0,0.5454,87319.1,87 319 RUB,Без ремонта
frontyard (556).jpg,frontyard,garage/outdoor,0.619,0.28,0.7062,0.1203,0,0.1397,0.1985,2.3186,0.5476,4,0.0326,0,0.0,0.5256,115912.06,115 912 RUB,Косметический
frontyard (557).jpg,frontyard,garage/outdoor,0.5826,0.2552,1.0,0.1753,0,0.1118,0.2077,2.3186,0.562,1,0.0827,0,0.0,0.4092,103592.49,103 592 RUB,Косметический
frontyard (558).jpg,frontyard,garage/outdoor,0.6801,0.1848,0.6803,0.1363,2,0.0084,0.1979,2.3186,0.7284,5,0.021,0,0.0,0.5416,123951.22,123 951 RUB,Косметический
frontyard (559).jpg,frontyard,garage/outdoor,0.6783,0.1813,0.7027,0.1173,0,0.0156,0.1993,2.3186,0.7327,2,0.0442,0,0.0,0.5386,88195.27,88 195 RUB,Без ремонта
frontyard (56).jpeg,frontyard,manufactured_home,0.2943,0.2251,1.0,0.1807,2,0.1208,0.1893,2.3021,0.2351,0,0.1522,1,6.3091,0.2937,149455.06,149 455 RUB,Косметический
frontyard (56).jpg,frontyard,manufactured_home,0.4137,0.2519,1.0,0.253,0,0.1094,0.1972,2.3186,0.391,1,0.1168,0,0.0,0.3258,121742.28,121 742 RUB,Косметический
frontyard (560).jpg,frontyard,garage/outdoor,0.5874,0.2502,1.0,0.152,0,0.0608,0.1919,2.3186,0.574,0,0.026,0,0.0,0.4106,87912.93,87 913 RUB,Без ремонта
frontyard (561).jpg,frontyard,garage/outdoor,0.5439,0.229,0.7291,0.1401,0,0.1504,0.2087,2.3186,0.5791,0,0.0246,0,0.0,0.4858,83841.4,83 841 RUB,Без ремонта
frontyard (562).jpg,frontyard,garage/outdoor,0.5577,0.2394,0.6739,0.1015,1,0.0547,0.1994,2.3186,0.5706,0,0.0607,0,0.0,0.5061,86314.95,86 315 RUB,Без ремонта
frontyard (563).jpg,frontyard,garage/outdoor,0.4292,0.2395,1.0,0.1465,0,0.0785,0.2073,2.3186,0.4419,2,0.1062,0,0.0,0.3502,118715.56,118 716 RUB,Косметический
frontyard (564).jpg,frontyard,garage/outdoor,0.6059,0.2785,1.0,0.2283,1,0.1229,0.1886,2.3186,0.5404,3,0.0285,1,5.3333,0.409,128082.3,128 082 RUB,Косметический
frontyard (565).jpg,frontyard,garage/outdoor,0.5488,0.2284,0.4125,0.077,0,0.1447,0.1955,2.3186,0.5839,0,0.0288,0,0.0,0.5948,81326.08,81 326 RUB,Без ремонта
frontyard (566).jpg,frontyard,garage/outdoor,0.6686,0.2867,0.8963,0.1193,0,0.1435,0.1785,2.3186,0.5712,2,0.0399,0,0.0,0.489,95990.68,95 991 RUB,Косметический
frontyard (567).jpg,frontyard,garage/outdoor,0.531,0.1868,0.4869,0.1072,0,0.0525,0.1918,2.3186,0.6482,0,0.0075,0,0.0,0.5501,76954.51,76 955 RUB,Без ремонта
frontyard (568).jpg,frontyard,garage/outdoor,0.4694,0.1924,0.558,0.0967,0,0.0603,0.1839,2.3186,0.59,1,0.0335,0,0.0,0.507,89156.0,89 156 RUB,Без ремонта
frontyard (569).jpg,frontyard,garage/outdoor,0.5876,0.1959,0.4128,0.0756,0,0.0242,0.2121,2.3186,0.6665,2,0.0297,0,0.0,0.5985,86051.79,86 052 RUB,Без ремонта
frontyard (57).jpeg,frontyard,garage/outdoor,0.6337,0.2562,1.0,0.1794,1,0.2146,0.2193,2.3069,0.5956,0,0.0749,1,5.988,0.439,113782.9,113 783 RUB,Косметический
frontyard (57).jpg,frontyard,garage/outdoor,0.5945,0.2529,1.0,0.1434,0,0.0006,0.1967,2.33,0.5746,3,0.0285,0,0.0,0.4092,109496.5,109 496 RUB,Косметический
frontyard (570).jpg,frontyard,residential_neighborhood,0.7594,0.2754,0.8689,0.0949,1,0.2059,0.1807,2.3186,0.6374,1,0.0789,1,5.3333,0.5447,110330.85,110 331 RUB,Косметический
frontyard (571).jpg,frontyard,garage/outdoor,0.6623,0.1777,0.4165,0.0662,0,0.0156,0.1843,2.3186,0.7317,0,0.015,0,0.0,0.6283,72114.68,72 115 RUB,Без ремонта
frontyard (572).jpg,frontyard,garage/outdoor,0.6341,0.2408,1.0,0.1492,0,0.1443,0.1921,2.3186,0.6202,1,0.0418,0,0.0,0.4382,89868.99,89 869 RUB,Без ремонта
frontyard (573).jpg,frontyard,garage/outdoor,0.5922,0.21,0.556,0.0952,0,0.2259,0.2031,2.3186,0.6454,2,0.0366,0,0.0,0.5736,91100.3,91 100 RUB,Косметический
frontyard (574).jpg,frontyard,garage/outdoor,0.7193,0.2574,1.0,0.1654,0,0.0278,0.1947,2.3186,0.6422,1,0.0343,0,0.0,0.4574,85864.64,85 865 RUB,Без ремонта
frontyard (575).jpg,frontyard,garage/outdoor,0.5448,0.2379,1.0,0.2473,1,0.1794,0.2385,2.3186,0.5634,2,0.0377,1,5.3333,0.3864,124032.61,124 033 RUB,Косметический
frontyard (576).jpg,frontyard,garage/outdoor,0.5614,0.3161,1.0,0.1788,0,0.074,0.2002,2.3186,0.4369,5,0.0879,0,0.0,0.3962,129835.5,129 836 RUB,Косметический
frontyard (577).jpg,frontyard,garage/outdoor,0.655,0.199,0.5925,0.0958,0,0.017,0.1956,2.3186,0.6962,0,0.0328,0,0.0,0.5668,77178.76,77 179 RUB,Без ремонта
frontyard (578).jpg,frontyard,yard,0.5363,0.2521,1.0,0.1528,0,0.1647,0.2041,2.3186,0.53,2,0.0345,0,0.0,0.4004,100494.1,100 494 RUB,Косметический
frontyard (579).jpg,frontyard,residential_neighborhood,0.6592,0.2343,0.6414,0.1103,0,0.0314,0.2029,2.3186,0.6446,1,0.0299,0,0.0,0.5524,85279.02,85 279 RUB,Без ремонта
frontyard (58).jpeg,frontyard,schoolhouse,0.4084,0.294,1.0,0.2006,0,0.0663,0.2307,2.33,0.2802,1,0.2899,0,0.0,0.3299,149904.43,149 904 RUB,Косметический
frontyard (58).jpg,frontyard,garage/outdoor,0.6366,0.1811,1.0,0.2599,0,0.2559,0.2353,2.31,0.7155,2,0.0769,0,0.0,0.4283,110320.12,110 320 RUB,Косметический
frontyard (580).jpg,frontyard,garage/outdoor,0.5448,0.2345,1.0,0.1811,0,0.2679,0.2419,2.3186,0.5696,2,0.0266,0,0.0,0.4085,98479.57,98 480 RUB,Косметический
frontyard (581).jpg,frontyard,garage/outdoor,0.6678,0.2869,0.487,0.0571,2,0.0218,0.1671,2.3186,0.5703,0,0.0278,0,0.0,0.6117,82583.89,82 584 RUB,Без ремонта
frontyard (582).jpg,frontyard,garage/outdoor,0.6407,0.2324,1.0,0.142,0,0.1252,0.2063,2.3186,0.6373,2,0.0838,0,0.0,0.4404,104490.32,104 490 RUB,Косметический
frontyard (583).jpg,frontyard,garage/outdoor,0.6463,0.2273,1.0,0.1923,2,0.0497,0.2243,2.3186,0.6483,5,0.064,2,10.6666,0.425,161194.21,161 194 RUB,Косметический
frontyard (584).jpg,frontyard,yard,0.5937,0.2464,0.9154,0.182,0,0.0104,0.1908,2.3186,0.5849,0,0.0239,0,0.0,0.4275,87467.93,87 468 RUB,Без ремонта
frontyard (585).jpg,frontyard,driveway,0.5278,0.266,0.9056,0.1687,1,0.0065,0.194,2.3186,0.4961,0,0.0395,0,0.0,0.4063,93700.15,93 700 RUB,Косметический
frontyard (586).jpg,frontyard,residential_neighborhood,0.5291,0.2274,1.0,0.1562,0,0.1114,0.2099,2.3186,0.5703,1,0.0924,0,0.0,0.3915,110136.51,110 137 RUB,Косметический
frontyard (587).jpg,frontyard,garage/outdoor,0.4762,0.2621,0.901,0.1377,0,0.2114,0.1924,2.3186,0.4496,0,0.0371,0,0.0,0.4138,89802.75,89 803 RUB,Без ремонта
frontyard (588).jpg,frontyard,garage/outdoor,0.5444,0.2511,1.0,0.1745,2,0.2129,0.2329,2.3186,0.5388,1,0.021,2,10.6666,0.4041,126098.05,126 098 RUB,Косметический
frontyard (589).jpg,frontyard,balcony/exterior,0.5505,0.2479,1.0,0.2106,0,0.0078,0.2154,2.3186,0.5498,1,0.0561,0,0.0,0.3789,103616.72,103 617 RUB,Косметический
frontyard (59).jpeg,frontyard,garage/outdoor,0.5045,0.2209,1.0,0.1109,4,0.0111,0.1659,2.3186,0.5621,0,0.0647,4,21.3332,0.3807,137063.99,137 064 RUB,Косметический
frontyard (59).jpg,frontyard,garage/outdoor,0.5249,0.2653,1.0,0.2376,0,0.2,0.2346,2.31,0.4945,3,0.1055,0,0.0,0.3824,131247.59,131 248 RUB,Косметический
frontyard (590).jpg,frontyard,garage/outdoor,0.5613,0.2255,1.0,0.183,0,0.0631,0.2084,2.3186,0.5982,1,0.0643,0,0.0,0.3943,103689.04,103 689 RUB,Косметический
frontyard (591).jpg,frontyard,garage/outdoor,0.4809,0.2589,0.957,0.1778,1,0.0568,0.2165,2.3186,0.4615,0,0.0285,1,5.3333,0.3754,111821.77,111 822 RUB,Косметический
frontyard (592).jpg,frontyard,garage/outdoor,0.5821,0.2874,0.5841,0.0745,1,0.0195,0.1868,2.3186,0.5062,1,0.0406,0,0.0,0.5447,88245.44,88 245 RUB,Без ремонта
frontyard (593).jpg,frontyard,garage/outdoor,0.5405,0.2204,0.606,0.0835,1,0.0242,0.2072,2.3186,0.5923,0,0.0131,1,5.3333,0.5202,94030.06,94 030 RUB,Косметический
frontyard (594).jpg,frontyard,garage/outdoor,0.5284,0.2828,1.0,0.1953,0,0.0321,0.2065,2.3186,0.4649,2,0.0505,0,0.0,0.3755,106874.0,106 874 RUB,Косметический
frontyard (595).jpg,frontyard,garage/outdoor,0.6124,0.2917,0.8071,0.1221,0,0.0127,0.1955,2.3186,0.5237,1,0.036,0,0.0,0.4796,87706.23,87 706 RUB,Без ремонта
frontyard (596).jpg,frontyard,garage/outdoor,0.5128,0.2821,1.0,0.1871,3,0.0274,0.205,2.3186,0.4499,0,0.0376,3,15.9999,0.3704,131486.06,131 486 RUB,Косметический
frontyard (597).jpg,frontyard,garage/outdoor,0.5703,0.2853,0.6216,0.1021,3,0.1125,0.1743,2.3186,0.4998,1,0.0414,2,10.6666,0.5325,124833.61,124 834 RUB,Косметический
frontyard (598).jpg,frontyard,garage/outdoor,0.5402,0.2071,0.6055,0.1198,0,0.0026,0.1994,2.3186,0.6166,0,0.0419,0,0.0,0.5107,81386.48,81 386 RUB,Без ремонта
frontyard (599).jpg,frontyard,garage/outdoor,0.5292,0.2471,1.0,0.186,0,0.0071,0.2096,2.3186,0.5331,3,0.0353,0,0.0,0.3752,113585.57,113 586 RUB,Косметический
frontyard (6).jpeg,frontyard,garage/outdoor,0.4658,0.2819,1.0,0.2169,2,0.0419,0.2029,2.33,0.3949,0,0.1062,1,6.006,0.3471,127979.3,127 979 RUB,Косметический
frontyard (6).jpg,frontyard,garage/outdoor,0.6168,0.2645,0.7196,0.1092,0,0.0054,0.1705,2.3186,0.5711,0,0.0291,0,0.0,0.5096,80204.13,80 204 RUB,Без ремонта
frontyard (60).jpeg,frontyard,garage/outdoor,0.4444,0.2743,1.0,0.2043,0,0.0599,0.2253,2.3186,0.3828,3,0.0929,0,0.0,0.3429,127265.22,127 265 RUB,Косметический
frontyard (60).jpg,frontyard,garage/outdoor,0.4748,0.2679,1.0,0.1788,0,0.0407,0.1922,2.3186,0.4356,1,0.1161,0,0.0,0.3582,114089.53,114 090 RUB,Косметический
frontyard (600).jpg,frontyard,garage/outdoor,0.5736,0.2662,1.0,0.131,0,0.0028,0.2141,2.3186,0.536,5,0.0431,0,0.0,0.4035,135600.83,135 601 RUB,Косметический
frontyard (601).jpg,frontyard,garage/outdoor,0.6674,0.2601,0.3325,0.0517,0,0.0633,0.1719,2.3186,0.6102,0,0.0243,0,0.0,0.6632,82758.07,82 758 RUB,Без ремонта
frontyard (602).jpg,frontyard,garage/outdoor,0.5243,0.2314,1.0,0.2008,5,0.0718,0.2052,2.3186,0.5586,1,0.0408,5,26.6665,0.3767,134038.13,134 038 RUB,Косметический
frontyard (603).jpg,frontyard,garage/outdoor,0.5459,0.2604,1.0,0.1874,0,0.0191,0.2001,2.3186,0.5231,0,0.107,0,0.0,0.3828,106637.24,106 637 RUB,Косметический
frontyard (604).jpg,frontyard,garage/outdoor,0.5436,0.2465,0.8897,0.1004,0,0.0373,0.1705,2.3186,0.5465,3,0.0466,0,0.0,0.4342,105862.11,105 862 RUB,Косметический
frontyard (61).jpeg,frontyard,garage/outdoor,0.5162,0.2283,1.0,0.1138,1,0.1036,0.1906,2.32,0.5578,0,0.1034,0,0.0,0.3941,106809.81,106 810 RUB,Косметический
frontyard (61).jpg,frontyard,garage/outdoor,0.5471,0.2495,1.0,0.227,1,0.1216,0.2294,2.33,0.5439,4,0.1031,1,6.006,0.3856,149976.64,149 977 RUB,Косметический
frontyard (62).jpeg,frontyard,garage/outdoor,0.5433,0.2785,1.0,0.2774,0,0.143,0.201,2.3267,0.4874,5,0.1802,0,0.0,0.3761,155238.4,155 238 RUB,Косметический
frontyard (62).jpg,frontyard,garage/outdoor,0.4322,0.3021,1.0,0.195,2,0.1601,0.209,2.3186,0.301,0,0.1344,2,10.6666,0.3499,160261.31,160 261 RUB,Косметический
frontyard (63).jpeg,frontyard,garage/outdoor,0.6272,0.209,1.0,0.2035,2,0.1928,0.2399,2.31,0.6667,3,0.0744,1,6.0423,0.4295,137435.58,137 436 RUB,Косметический
frontyard (63).jpg,frontyard,garage/outdoor,0.5289,0.2145,1.0,0.1834,2,0.0028,0.2023,2.3131,0.5945,1,0.0471,2,12.195,0.3752,138028.09,138 028 RUB,Косметический
frontyard (64).jpeg,frontyard,garage/outdoor,0.5309,0.1615,1.0,0.1836,0,0.1417,0.2352,2.3302,0.6958,0,0.0363,0,0.0,0.3898,86867.05,86 867 RUB,Без ремонта
frontyard (64).jpg,frontyard,garage/outdoor,0.4518,0.2548,0.6703,0.1093,1,0.0001,0.1725,2.3186,0.4362,0,0.0495,1,5.3333,0.4578,107999.89,108 000 RUB,Косметический
frontyard (65).jpeg,frontyard,garage/outdoor,0.5446,0.2453,1.0,0.1815,1,0.0151,0.1952,2.32,0.5496,1,0.0502,1,6.0241,0.383,117995.59,117 996 RUB,Косметический
frontyard (65).jpg,frontyard,garage/outdoor,0.4801,0.1974,1.0,0.3128,1,0.1176,0.232,2.33,0.5889,0,0.2205,0,0.0,0.3438,136004.23,136 004 RUB,Косметический
frontyard (66).jpeg,frontyard,garage/outdoor,0.4494,0.1953,1.0,0.2274,1,0.1659,0.2177,2.3043,0.5655,0,0.1236,1,6.5789,0.3509,132876.58,132 877 RUB,Косметический
frontyard (66).jpg,frontyard,yard,0.4999,0.2919,1.0,0.2523,0,0.1916,0.192,2.3186,0.4159,2,0.1052,0,0.0,0.3686,121114.19,121 114 RUB,Косметический
frontyard (67).jpeg,frontyard,garage/outdoor,0.5978,0.2421,1.0,0.1146,0,0.0324,0.2112,2.31,0.595,0,0.0415,0,0.0,0.4194,88593.56,88 594 RUB,Без ремонта
frontyard (67).jpg,frontyard,garage/outdoor,0.2923,0.2423,1.0,0.1686,1,0.1831,0.1778,2.3168,0.171,1,0.07,0,0.0,0.3015,126656.57,126 657 RUB,Косметический
frontyard (68).jpeg,frontyard,yard,0.4981,0.214,1.0,0.262,0,0.2,0.2115,2.3186,0.5703,3,0.0605,0,0.0,0.3668,114655.32,114 655 RUB,Косметический
frontyard (68).jpg,frontyard,library/outdoor,0.4035,0.338,1.0,0.119,1,0.0,0.1676,2.3059,0.1625,0,0.0279,1,7.1174,0.3376,122447.68,122 448 RUB,Косметический
frontyard (69).jpeg,frontyard,garage/outdoor,0.6866,0.2193,1.0,0.1455,0,0.0008,0.2049,2.3333,0.6806,2,0.0396,0,0.0,0.4456,91101.12,91 101 RUB,Косметический
frontyard (69).jpg,frontyard,garage/outdoor,0.6001,0.1841,1.0,0.2627,1,0.026,0.2155,2.33,0.6932,2,0.0502,0,0.0,0.3901,104800.26,104 800 RUB,Косметический
frontyard (7).jpeg,frontyard,yard,0.4222,0.2242,1.0,0.2831,2,0.0464,0.2251,2.3271,0.469,2,0.081,2,11.2359,0.3169,146999.96,147 000 RUB,Косметический
frontyard (7).jpg,frontyard,garage/outdoor,0.678,0.2145,0.737,0.1159,0,0.0247,0.2027,2.3186,0.6836,1,0.0792,0,0.0,0.5294,91197.42,91 197 RUB,Косметический
frontyard (70).jpeg,frontyard,porch,0.5444,0.2477,0.9728,0.1231,0,0.0006,0.2087,2.3186,0.545,3,0.0149,0,0.0,0.4014,109727.54,109 728 RUB,Косметический
frontyard (70).jpg,frontyard,garage/outdoor,0.5807,0.2844,0.5898,0.0995,0,0.2848,0.1696,2.3186,0.5103,0,0.0218,0,0.0,0.5639,85570.43,85 570 RUB,Без ремонта
frontyard (71).jpeg,frontyard,garage/outdoor,0.4923,0.1879,1.0,0.0978,2,0.0088,0.184,2.33,0.6184,1,0.0406,1,6.006,0.3782,117306.18,117 306 RUB,Косметический
frontyard (71).jpg,frontyard,garage/outdoor,0.463,0.2675,1.0,0.1168,0,0.0227,0.2001,2.33,0.4223,0,0.0667,0,0.0,0.3641,98194.73,98 195 RUB,Косметический
frontyard (72).jpeg,frontyard,garage/outdoor,0.3813,0.2356,1.0,0.1735,2,0.0641,0.1884,2.3069,0.382,2,0.0967,1,5.988,0.3242,143191.18,143 191 RUB,Косметический
frontyard (72).jpg,frontyard,garage/outdoor,0.4127,0.2308,1.0,0.3208,0,0.4309,0.2172,2.3265,0.4408,0,0.1816,0,0.0,0.3482,135833.55,135 834 RUB,Косметический
frontyard (73).jpeg,frontyard,yard,0.5388,0.2629,1.0,0.2085,0,0.2098,0.1966,2.33,0.5121,1,0.0548,0,0.0,0.3948,97965.69,97 966 RUB,Косметический
frontyard (73).jpg,frontyard,residential_neighborhood,0.4048,0.2563,1.0,0.2741,0,0.3011,0.2119,2.3039,0.3669,2,0.132,0,0.0,0.3372,132338.18,132 338 RUB,Косметический
frontyard (74).jpeg,frontyard,garage/outdoor,0.524,0.2255,1.0,0.1492,1,0.0008,0.2108,2.3186,0.5696,2,0.0702,0,0.0,0.3798,109616.77,109 617 RUB,Косметический
frontyard (74).jpg,frontyard,residential_neighborhood,0.4904,0.2808,0.9149,0.1504,0,0.2444,0.1971,2.3186,0.4274,3,0.0837,0,0.0,0.416,118492.8,118 493 RUB,Косметический
frontyard (75).jpeg,frontyard,porch,0.4225,0.2391,1.0,0.227,3,0.0903,0.2127,2.3186,0.4341,0,0.1237,1,5.3333,0.3327,127600.8,127 601 RUB,Косметический
frontyard (75).jpg,frontyard,hunting_lodge/outdoor,0.5068,0.2233,1.0,0.2388,0,0.0337,0.202,2.3097,0.5593,3,0.052,0,0.0,0.3583,116062.21,116 062 RUB,Косметический
frontyard (76).jpeg,frontyard,garage/outdoor,0.5406,0.2874,1.0,0.2586,3,0.2714,0.2329,2.3333,0.4684,2,0.1305,0,0.0,0.3917,128594.24,128 594 RUB,Косметический
frontyard (76).jpg,frontyard,garage/outdoor,0.5189,0.2264,0.7249,0.119,0,0.0298,0.1802,2.3186,0.5637,0,0.0552,0,0.0,0.4693,87769.54,87 770 RUB,Без ремонта
frontyard (77).jpeg,frontyard,yard,0.494,0.1891,1.0,0.221,0,0.0257,0.1998,2.3186,0.6171,1,0.0146,0,0.0,0.356,97452.05,97 452 RUB,Косметический
frontyard (77).jpg,frontyard,yard,0.4043,0.2756,1.0,0.2917,2,0.0068,0.1993,2.33,0.3183,2,0.1517,1,6.006,0.3041,158453.73,158 454 RUB,Косметический
frontyard (78).jpeg,frontyard,garage/outdoor,0.4986,0.274,1.0,0.1348,1,0.1268,0.1759,2.3186,0.4505,0,0.0359,1,5.3333,0.3852,107562.36,107 562 RUB,Косметический
frontyard (78).jpg,frontyard,garage/outdoor,0.656,0.2481,0.2023,0.0345,0,0.0,0.1667,2.3186,0.6218,0,0.003,0,0.0,0.6948,74822.55,74 823 RUB,Без ремонта
frontyard (79).jpeg,frontyard,balcony/exterior,0.4413,0.2341,1.0,0.2941,0,0.0507,0.2093,2.3229,0.4695,2,0.1596,0,0.0,0.3227,143088.76,143 089 RUB,Косметический
frontyard (79).jpg,frontyard,yard,0.4093,0.2581,1.0,0.1651,0,0.0515,0.1805,2.3186,0.3693,2,0.0506,0,0.0,0.3358,110469.23,110 469 RUB,Косметический
frontyard (8).jpeg,frontyard,yard,0.3384,0.2102,1.0,0.2783,1,0.3385,0.2048,2.3069,0.3789,0,0.1551,0,0.0,0.3136,127665.84,127 666 RUB,Косметический
frontyard (8).jpg,frontyard,garage/outdoor,0.6299,0.2507,1.0,0.1469,0,0.0045,0.1808,2.3186,0.602,1,0.0216,0,0.0,0.423,96446.34,96 446 RUB,Косметический
frontyard (80).jpeg,frontyard,garage/outdoor,0.5727,0.2988,1.0,0.1514,0,0.2574,0.1819,2.3186,0.4782,0,0.0538,0,0.0,0.4246,93365.01,93 365 RUB,Косметический
frontyard (80).jpg,frontyard,garage/outdoor,0.5172,0.2351,1.0,0.1655,3,0.1715,0.2229,2.33,0.5454,1,0.0624,2,12.0119,0.3909,134318.24,134 318 RUB,Косметический
frontyard (81).jpeg,frontyard,garage/outdoor,0.3012,0.2269,1.0,0.1869,0,0.0022,0.1745,2.3186,0.2466,1,0.1424,0,0.0,0.2833,134504.67,134 505 RUB,Косметический
frontyard (81).jpg,frontyard,garage/outdoor,0.4867,0.2759,0.6867,0.1175,0,0.1857,0.2098,2.3186,0.433,2,0.0438,0,0.0,0.4837,100441.37,100 441 RUB,Косметический
frontyard (82).jpeg,frontyard,garage/outdoor,0.5347,0.2541,1.0,0.1319,1,0.0169,0.2119,2.3186,0.5248,0,0.0446,0,0.0,0.3892,88328.53,88 329 RUB,Без ремонта
frontyard (82).jpg,frontyard,garage/outdoor,0.5594,0.2593,1.0,0.1561,0,0.1372,0.2094,2.31,0.5364,2,0.0756,0,0.0,0.4063,109540.03,109 540 RUB,Косметический
frontyard (83).jpeg,frontyard,garage/outdoor,0.5255,0.3007,1.0,0.194,0,0.0043,0.1789,2.3047,0.4279,0,0.0453,0,0.0,0.3718,94211.03,94 211 RUB,Косметический
frontyard (83).jpg,frontyard,garage/outdoor,0.4248,0.2045,1.0,0.2071,2,0.0023,0.1974,2.3186,0.5185,3,0.1222,2,10.6666,0.3287,160783.62,160 784 RUB,Косметический
frontyard (84).jpeg,frontyard,driveway,0.5095,0.2768,0.6278,0.0657,2,0.0951,0.1863,2.3333,0.4566,1,0.0389,0,0.0,0.5118,97395.67,97 396 RUB,Косметический
frontyard (84).jpg,frontyard,garage/outdoor,0.5737,0.252,1.0,0.2345,0,0.0599,0.1918,2.3186,0.5607,3,0.1068,0,0.0,0.3886,127226.87,127 227 RUB,Косметический
frontyard (85).jpeg,frontyard,library/outdoor,0.5134,0.2261,1.0,0.3043,0,0.0969,0.2033,2.3333,0.5596,1,0.153,0,0.0,0.355,119548.56,119 549 RUB,Косметический
frontyard (85).jpg,frontyard,garage/outdoor,0.4608,0.1893,1.0,0.2107,0,0.2038,0.2162,2.3043,0.5891,0,0.0699,0,0.0,0.3625,99140.29,99 140 RUB,Косметический
frontyard (86).jpeg,frontyard,garage/outdoor,0.5719,0.265,0.8241,0.1029,0,0.036,0.1901,2.3097,0.5367,0,0.0193,0,0.0,0.4646,83656.42,83 656 RUB,Без ремонта
frontyard (86).jpg,frontyard,garage/outdoor,0.4845,0.2653,1.0,0.1478,1,0.0971,0.2148,2.3069,0.4524,2,0.0758,0,0.0,0.3739,113856.52,113 857 RUB,Косметический
frontyard (87).jpeg,frontyard,driveway,0.469,0.252,0.559,0.1449,0,0.0001,0.1805,2.3333,0.4627,1,0.0397,0,0.0,0.4909,96491.2,96 491 RUB,Косметический
frontyard (87).jpg,frontyard,garage/outdoor,0.4356,0.2475,1.0,0.1063,0,0.0086,0.1926,2.33,0.4317,2,0.0802,0,0.0,0.3538,113567.39,113 567 RUB,Косметический
frontyard (88).jpeg,frontyard,garage/outdoor,0.5858,0.2391,1.0,0.1435,1,0.0105,0.1939,2.3097,0.5919,2,0.0359,1,5.3476,0.4067,125500.7,125 501 RUB,Косметический
frontyard (88).jpg,frontyard,garage/outdoor,0.3866,0.2856,1.0,0.2227,1,0.0376,0.1885,2.33,0.2614,1,0.1204,1,6.006,0.3139,141011.01,141 011 RUB,Косметический
frontyard (89).jpeg,frontyard,garage/outdoor,0.514,0.2441,1.0,0.1918,0,0.1056,0.2237,2.3186,0.5252,2,0.0641,0,0.0,0.3778,106533.8,106 534 RUB,Косметический
frontyard (89).jpg,frontyard,yard,0.5303,0.2251,1.0,0.1826,1,0.1317,0.1923,2.3186,0.5756,2,0.0352,0,0.0,0.3888,105025.77,105 026 RUB,Косметический
frontyard (9).jpeg,frontyard,garage/outdoor,0.386,0.2275,1.0,0.1429,0,0.1746,0.1808,2.3186,0.4106,1,0.0705,0,0.0,0.3433,109050.57,109 051 RUB,Косметический
frontyard (9).jpg,frontyard,garage/outdoor,0.591,0.2925,0.7303,0.0758,1,0.0004,0.1873,2.3186,0.5051,2,0.0369,0,0.0,0.5022,100188.7,100 189 RUB,Косметический
frontyard (90).jpeg,frontyard,garage/outdoor,0.5083,0.1961,1.0,0.1959,0,0.004,0.2185,2.3186,0.6142,3,0.0388,0,0.0,0.3645,115308.98,115 309 RUB,Косметический
frontyard (90).jpg,frontyard,garage/outdoor,0.5425,0.3056,1.0,0.2078,0,0.1041,0.2042,2.33,0.4366,1,0.1209,0,0.0,0.3859,117589.87,117 590 RUB,Косметический
frontyard (91).jpeg,frontyard,garage/outdoor,0.4464,0.2496,0.7562,0.066,0,0.0895,0.1764,2.33,0.4409,0,0.0529,0,0.0,0.4475,91788.94,91 789 RUB,Косметический
frontyard (91).jpg,frontyard,garage/outdoor,0.4477,0.2698,1.0,0.2552,2,0.1675,0.2038,2.33,0.3975,2,0.1442,1,6.006,0.3448,154068.29,154 068 RUB,Косметический
frontyard (92).jpeg,frontyard,garage/outdoor,0.5362,0.302,1.0,0.1658,0,0.061,0.1755,2.3097,0.4368,0,0.0571,0,0.0,0.3874,97936.58,97 937 RUB,Косметический
frontyard (92).jpg,frontyard,hunting_lodge/outdoor,0.5866,0.2782,1.0,0.1801,0,0.0933,0.1928,2.3186,0.5257,1,0.0783,0,0.0,0.4079,102394.44,102 394 RUB,Косметический
frontyard (93).jpeg,frontyard,garage/outdoor,0.4474,0.2216,1.0,0.2346,0,0.0143,0.2213,2.32,0.5046,2,0.1258,0,0.0,0.3335,125262.4,125 262 RUB,Косметический
frontyard (93).jpg,frontyard,garage/outdoor,0.4345,0.2419,1.0,0.2223,1,0.0318,0.1912,2.3186,0.4432,2,0.0773,1,5.3333,0.3325,128896.21,128 896 RUB,Косметический
frontyard (94).jpeg,frontyard,garage/outdoor,0.5782,0.1778,1.0,0.1044,0,0.0005,0.1872,2.3186,0.6926,1,0.0249,0,0.0,0.4104,89471.42,89 471 RUB,Без ремонта
frontyard (94).jpg,frontyard,garage/outdoor,0.533,0.1946,1.0,0.1871,0,0.0385,0.182,2.3186,0.6349,1,0.0356,0,0.0,0.3796,93182.77,93 183 RUB,Косметический
frontyard (95).jpeg,frontyard,garage/outdoor,0.3458,0.2126,1.0,0.1732,5,0.134,0.2275,2.33,0.3852,1,0.1299,0,0.0,0.3171,127592.7,127 593 RUB,Косметический
frontyard (95).jpg,frontyard,garage/outdoor,0.5553,0.2253,1.0,0.1951,0,0.0471,0.2246,2.3186,0.5943,0,0.0945,0,0.0,0.3878,106547.88,106 548 RUB,Косметический
frontyard (96).jpeg,frontyard,garage/outdoor,0.534,0.2449,1.0,0.1522,1,0.0893,0.2097,2.3186,0.5413,1,0.0539,1,5.3333,0.3921,114317.1,114 317 RUB,Косметический
frontyard (96).jpg,frontyard,garage/outdoor,0.5945,0.2529,1.0,0.1434,0,0.0006,0.1967,2.33,0.5746,3,0.0285,0,0.0,0.4092,109496.5,109 496 RUB,Косметический
frontyard (97).jpeg,frontyard,garage/outdoor,0.6477,0.2685,1.0,0.1797,0,0.1484,0.1938,2.32,0.5854,1,0.0602,0,0.0,0.438,97871.26,97 871 RUB,Косметический
frontyard (97).jpg,frontyard,garage/outdoor,0.52,0.2496,1.0,0.1688,0,0.1217,0.2124,2.3186,0.5201,2,0.0798,0,0.0,0.3864,108606.5,108 606 RUB,Косметический
frontyard (98).jpeg,frontyard,garage/outdoor,0.4722,0.2415,1.0,0.1971,0,0.2146,0.1994,2.3186,0.4884,2,0.0803,0,0.0,0.3709,110343.65,110 344 RUB,Косметический
frontyard (98).jpg,frontyard,garage/outdoor,0.4346,0.2587,1.0,0.2797,0,0.0001,0.185,2.3059,0.4047,0,0.0974,0,0.0,0.3179,119220.97,119 221 RUB,Косметический
frontyard (99).jpeg,frontyard,garage/outdoor,0.4916,0.1656,1.0,0.1639,0,0.0403,0.2332,2.3059,0.6633,1,0.0499,0,0.0,0.3679,97036.87,97 037 RUB,Косметический
frontyard (99).jpg,frontyard,garage/outdoor,0.5535,0.2161,1.0,0.1943,0,0.0687,0.2187,2.3043,0.6096,1,0.0803,0,0.0,0.3894,103746.32,103 746 RUB,Косметический
kitchen (1).jpeg,kitchen,kitchen,0.4769,0.1976,1.0,0.1038,9,0.0039,0.2223,2.32,0.5855,1,0.0814,6,36.1444,0.3704,206274.96,206 275 RUB,Капитальный
kitchen (1).jpg,kitchen,kitchen,0.3758,0.2583,0.3485,0.0649,6,0.0027,0.2013,2.3303,0.3127,1,0.0586,1,5.3619,0.5331,175141.14,175 141 RUB,Капитальный
kitchen (10).jpeg,kitchen,kitchen,0.5111,0.1587,1.0,0.0742,7,0.0001,0.2031,2.3186,0.6896,0,0.0233,3,15.9999,0.3896,165405.29,165 405 RUB,Косметический
kitchen (10).jpg,kitchen,kitchen,0.7182,0.1766,1.0,0.0919,4,0.0,0.2029,2.31,0.7541,2,0.022,1,6.0423,0.4689,154802.67,154 803 RUB,Косметический
kitchen (100).jpeg,kitchen,kitchen,0.4565,0.2635,1.0,0.0892,15,0.0009,0.217,2.3186,0.4228,1,0.0594,1,5.3333,0.3648,173450.22,173 450 RUB,Капитальный
kitchen (100).jpg,kitchen,artists_loft,0.424,0.1736,0.364,0.0555,4,0.0,0.1646,2.3186,0.5906,0,0.0303,0,0.0,0.5493,114948.78,114 949 RUB,Косметический
kitchen (101).jpeg,kitchen,kitchen,0.4522,0.2837,0.4304,0.0508,2,0.0003,0.203,2.3168,0.3726,2,0.0631,1,5.9701,0.5416,173692.3,173 692 RUB,Капитальный
kitchen (101).jpg,kitchen,kitchen,0.4474,0.2133,1.0,0.1048,9,0.0002,0.2131,2.3186,0.5233,1,0.0681,6,31.9998,0.358,200652.57,200 653 RUB,Капитальный
kitchen (102).jpeg,kitchen,kitchen,0.2048,0.1631,1.0,0.0769,2,0.0008,0.1564,2.3186,0.2037,0,0.1053,1,5.3333,0.2666,180565.43,180 565 RUB,Капитальный
kitchen (102).jpg,kitchen,wet_bar,0.6009,0.1264,0.7772,0.0844,3,0.0,0.173,2.33,0.7896,0,0.042,1,6.006,0.4903,140280.63,140 281 RUB,Косметический
kitchen (103).jpeg,kitchen,wet_bar,0.5771,0.2126,1.0,0.0887,3,0.0,0.2026,2.31,0.6316,1,0.0355,0,0.0,0.4131,129730.95,129 731 RUB,Косметический
kitchen (103).jpg,kitchen,wet_bar,0.337,0.178,0.5767,0.0912,2,0.0,0.1729,2.32,0.4717,0,0.0652,1,6.0241,0.4436,149438.36,149 438 RUB,Косметический
kitchen (104).jpg,kitchen,wet_bar,0.4907,0.2392,0.7439,0.0605,6,0.0,0.1693,2.33,0.5126,0,0.025,0,0.0,0.461,126622.2,126 622 RUB,Косметический
kitchen (105).jpeg,kitchen,kitchen,0.5857,0.194,1.0,0.0831,7,0.0032,0.198,2.3186,0.6687,2,0.0689,2,10.6666,0.418,189628.22,189 628 RUB,Капитальный
kitchen (105).jpg,kitchen,dining_room,0.3673,0.1975,1.0,0.117,7,0.0003,0.1947,2.3186,0.4623,1,0.0517,6,31.9998,0.3235,199975.68,199 976 RUB,Капитальный
kitchen (106).jpeg,kitchen,kitchen,0.459,0.1796,0.8817,0.1307,20,0.0003,0.2132,2.3069,0.6086,0,0.058,3,17.964,0.393,192174.48,192 174 RUB,Капитальный
kitchen (106).jpg,kitchen,kitchen,0.4463,0.2526,1.0,0.1288,22,0.0021,0.2004,2.33,0.434,1,0.0721,8,48.0478,0.353,238403.31,238 403 RUB,Капитальный
kitchen (107).jpeg,kitchen,kitchen,0.4651,0.252,1.0,0.0706,5,0.001,0.2048,2.3186,0.4583,1,0.0426,1,5.3333,0.372,157522.14,157 522 RUB,Косметический
kitchen (107).jpg,kitchen,kitchen,0.4189,0.2427,1.0,0.1005,12,0.0012,0.2217,2.3186,0.4205,2,0.0898,3,15.9999,0.3476,223913.1,223 913 RUB,Капитальный
kitchen (108).jpeg,kitchen,kitchen,0.3885,0.2326,1.0,0.1024,21,0.0006,0.1941,2.3186,0.4014,1,0.0928,12,63.9997,0.335,247110.87,247 111 RUB,Капитальный
kitchen (108).jpg,kitchen,kitchen,0.6229,0.2443,1.0,0.0583,9,0.0,0.176,2.3229,0.6077,3,0.0467,3,18.8087,0.4375,204480.03,204 480 RUB,Капитальный
kitchen (109).jpeg,kitchen,kitchen,0.352,0.2253,1.0,0.0684,5,0.0005,0.2005,2.3186,0.3599,1,0.1015,1,5.3333,0.3272,185821.55,185 822 RUB,Капитальный
kitchen (109).jpg,kitchen,wet_bar,0.3946,0.2461,1.0,0.0587,6,0.0001,0.1807,2.3186,0.3763,0,0.0917,0,0.0,0.3461,149302.92,149 303 RUB,Косметический
kitchen (11).jpeg,kitchen,kitchen,0.3924,0.2775,1.0,0.121,10,0.0001,0.2048,2.3186,0.2929,3,0.0775,4,21.3332,0.3328,231397.18,231 397 RUB,Капитальный
kitchen (11).jpg,kitchen,wet_bar,0.5496,0.2001,0.8545,0.0918,4,0.0,0.2025,2.3069,0.6359,0,0.0239,1,5.988,0.4451,142426.94,142 427 RUB,Косметический
kitchen (110).jpeg,kitchen,wet_bar,0.5725,0.2502,1.0,0.0805,10,0.0001,0.2023,2.3186,0.563,1,0.0363,4,21.3332,0.4129,193301.18,193 301 RUB,Капитальный
kitchen (110).jpg,kitchen,kitchen,0.5079,0.202,1.0,0.1213,11,0.0003,0.2137,2.31,0.6023,2,0.076,3,18.1268,0.3789,212361.93,212 362 RUB,Капитальный
kitchen (111).jpeg,kitchen,kitchen,0.6585,0.2921,0.7196,0.0694,6,0.0,0.1637,2.3186,0.5564,1,0.034,3,15.9999,0.5336,174977.06,174 977 RUB,Капитальный
kitchen (111).jpg,kitchen,kitchen,0.4798,0.2931,1.0,0.117,14,0.0,0.192,2.3186,0.3891,1,0.0918,11,58.6664,0.3685,239743.44,239 743 RUB,Капитальный
kitchen (112).jpeg,kitchen,wet_bar,0.4315,0.197,0.8432,0.1001,11,0.001,0.2075,2.3186,0.5435,0,0.0543,3,15.9999,0.3997,192440.44,192 440 RUB,Капитальный
kitchen (112).jpg,kitchen,kitchen,0.5573,0.1925,0.5841,0.0586,1,0.0,0.1834,2.33,0.6546,0,0.021,0,0.0,0.536,104978.94,104 979 RUB,Косметический
kitchen (113).jpeg,kitchen,kitchen,0.4174,0.2705,1.0,0.0975,6,0.0002,0.21,2.3186,0.3519,4,0.0475,1,5.3333,0.3475,199013.12,199 013 RUB,Капитальный
kitchen (113).jpg,kitchen,kitchen,0.5113,0.2081,1.0,0.1118,2,0.0,0.1957,2.32,0.593,1,0.0187,0,0.0,0.3822,123701.49,123 701 RUB,Косметический
kitchen (114).jpeg,kitchen,wet_bar,0.6755,0.2756,0.5833,0.0456,4,0.0,0.1562,2.3186,0.592,1,0.0083,0,0.0,0.5861,119279.24,119 279 RUB,Косметический
kitchen (114).jpg,kitchen,kitchen,0.3262,0.2286,1.0,0.1161,10,0.0,0.1749,2.33,0.2991,0,0.0564,2,12.0119,0.3072,204361.23,204 361 RUB,Капитальный
kitchen (115).jpeg,kitchen,kitchen,0.5292,0.2751,1.0,0.1341,11,0.0002,0.2227,2.3097,0.4802,1,0.0981,4,21.3903,0.3849,218187.48,218 187 RUB,Капитальный
kitchen (115).jpg,kitchen,galley,0.609,0.1855,1.0,0.0951,4,0.0002,0.1965,2.32,0.6953,2,0.0485,0,0.0,0.4246,132807.2,132 807 RUB,Косметический
kitchen (116).jpeg,kitchen,kitchen,0.472,0.2954,1.0,0.1297,7,0.0015,0.1966,2.3097,0.3741,2,0.0767,2,10.6951,0.363,205819.09,205 819 RUB,Капитальный
kitchen (116).jpg,kitchen,wet_bar,0.359,0.2134,0.4232,0.0639,13,0.0,0.1903,2.3186,0.4057,0,0.0566,8,42.6664,0.5039,204790.5,204 790 RUB,Капитальный
kitchen (117).jpeg,kitchen,kitchen,0.4122,0.2034,1.0,0.1418,12,0.0006,0.2105,2.3186,0.5065,1,0.0813,4,21.3332,0.3366,212408.92,212 409 RUB,Капитальный
kitchen (117).jpg,kitchen,kitchen,0.5232,0.2383,1.0,0.112,14,0.0005,0.2156,2.33,0.5445,1,0.068,4,24.0239,0.3869,209867.0,209 867 RUB,Капитальный
kitchen (118).jpeg,kitchen,kitchen,0.5592,0.284,1.0,0.0938,9,0.0,0.192,2.3186,0.4921,2,0.0711,1,5.3333,0.4049,176717.83,176 718 RUB,Капитальный
kitchen (118).jpg,kitchen,kitchen,0.6482,0.1947,1.0,0.1351,12,0.0,0.2044,2.33,0.6997,2,0.0587,2,12.0119,0.4323,199196.5,199 196 RUB,Капитальный
kitchen (119).jpeg,kitchen,kitchen,0.4594,0.3065,0.7204,0.0788,4,0.0006,0.2144,2.3186,0.3329,0,0.0389,1,5.3333,0.4519,155915.37,155 915 RUB,Косметический
kitchen (119).jpg,kitchen,wet_bar,0.6096,0.1781,1.0,0.1049,5,0.0,0.2101,2.33,0.7079,3,0.0755,0,0.0,0.4229,152928.21,152 928 RUB,Косметический
kitchen (12).jpeg,kitchen,kitchen,0.3206,0.1727,1.0,0.1318,12,0.0,0.1915,2.33,0.4614,0,0.0617,1,6.006,0.3019,171382.62,171 383 RUB,Капитальный
kitchen (12).jpg,kitchen,wet_bar,0.3775,0.2132,1.0,0.1113,14,0.002,0.1917,2.3168,0.4352,1,0.0547,5,29.8506,0.3289,212347.75,212 348 RUB,Капитальный
kitchen (120).jpeg,kitchen,wet_bar,0.2991,0.1964,0.4322,0.0769,23,0.0002,0.1916,2.3186,0.3435,0,0.0354,3,15.9999,0.4746,202735.79,202 736 RUB,Капитальный
kitchen (120).jpg,kitchen,kitchen,0.4701,0.1676,0.4126,0.0645,17,0.0003,0.1916,2.3186,0.6435,0,0.0355,3,15.9999,0.5514,179529.62,179 530 RUB,Капитальный
kitchen (121).jpeg,kitchen,kitchen,0.4152,0.2289,0.77,0.0943,4,0.0,0.1901,2.3186,0.4487,1,0.0609,0,0.0,0.4162,143517.35,143 517 RUB,Косметический
kitchen (121).jpg,kitchen,kitchen,0.4549,0.1845,1.0,0.1396,9,0.0083,0.2387,2.33,0.5944,0,0.051,1,6.006,0.3549,166112.67,166 113 RUB,Косметический
kitchen (122).jpeg,kitchen,kitchen,0.5412,0.169,1.0,0.1627,10,0.0,0.1839,2.3186,0.6878,2,0.0234,1,5.3333,0.384,159316.63,159 317 RUB,Косметический
kitchen (122).jpg,kitchen,kitchen,0.4904,0.2218,1.0,0.1202,12,0.0008,0.2081,2.3168,0.5478,1,0.0742,4,23.8805,0.3722,209992.73,209 993 RUB,Капитальный
kitchen (123).jpeg,kitchen,kitchen,0.447,0.2491,0.2951,0.0332,5,0.0,0.1954,2.3186,0.4427,1,0.0438,1,5.3333,0.5836,153359.89,153 360 RUB,Косметический
kitchen (123).jpg,kitchen,kitchen,0.4438,0.2592,1.0,0.0986,8,0.0,0.1879,2.3274,0.4159,2,0.0265,0,0.0,0.3578,150936.45,150 936 RUB,Косметический
kitchen (124).jpeg,kitchen,kitchen,0.5518,0.2996,0.6917,0.0795,4,0.0001,0.2022,2.3186,0.4571,1,0.0301,1,5.3333,0.4973,152281.18,152 281 RUB,Косметический
kitchen (124).jpg,kitchen,kitchen,0.4134,0.1635,1.0,0.1034,6,0.0,0.2276,2.33,0.6044,0,0.0795,3,18.0179,0.3447,186197.82,186 198 RUB,Капитальный
kitchen (125).jpeg,kitchen,kitchen,0.6249,0.2941,1.0,0.0741,8,0.0002,0.1695,2.3186,0.5294,1,0.0612,3,15.9999,0.4352,189257.57,189 258 RUB,Капитальный
kitchen (125).jpg,kitchen,kitchen,0.4925,0.2152,1.0,0.1174,12,0.0,0.2164,2.32,0.563,2,0.0601,5,30.1203,0.3735,209812.89,209 813 RUB,Капитальный
kitchen (126).jpeg,kitchen,kitchen,0.6541,0.3272,0.828,0.0616,12,0.0007,0.1574,2.3186,0.4998,1,0.0252,8,42.6664,0.501,198573.07,198 573 RUB,Капитальный
kitchen (126).jpg,kitchen,wet_bar,0.6692,0.205,0.3371,0.0891,4,0.0002,0.1975,2.3131,0.6937,1,0.0166,0,0.0,0.6488,110874.17,110 874 RUB,Косметический
kitchen (127).jpeg,kitchen,galley,0.5032,0.2171,0.7343,0.1132,12,0.0008,0.2347,2.3186,0.5686,1,0.0299,1,5.3333,0.4584,159380.66,159 381 RUB,Косметический
kitchen (127).jpg,kitchen,kitchen,0.3645,0.2278,0.5967,0.0792,1,0.0,0.1783,2.31,0.375,2,0.0566,0,0.0,0.4509,143608.95,143 609 RUB,Косметический
kitchen (128).jpeg,kitchen,utility_room,0.799,0.2355,0.5528,0.0449,6,0.0,0.1427,2.3097,0.7053,1,0.0128,1,5.3476,0.6448,140079.34,140 079 RUB,Косметический
kitchen (128).jpg,kitchen,kitchen,0.531,0.2331,1.0,0.1264,12,0.0,0.2004,2.33,0.5609,1,0.0345,2,12.0119,0.3871,198517.88,198 518 RUB,Капитальный
kitchen (129).jpeg,kitchen,wet_bar,0.4137,0.1584,0.6857,0.066,8,0.0002,0.1847,2.3186,0.6171,0,0.0486,0,0.0,0.4466,128422.97,128 423 RUB,Косметический
kitchen (129).jpg,kitchen,kitchen,0.3331,0.2523,1.0,0.1221,17,0.0008,0.1926,2.3059,0.2426,1,0.1093,3,21.3522,0.3089,245694.64,245 695 RUB,Капитальный
kitchen (13).jpeg,kitchen,wet_bar,0.4788,0.235,1.0,0.1433,23,0.0,0.2125,2.32,0.509,1,0.0533,9,54.2165,0.3628,229673.54,229 674 RUB,Капитальный
kitchen (13).jpg,kitchen,kitchen,0.4505,0.2111,0.3469,0.0826,6,0.0061,0.2156,2.3059,0.5315,1,0.0407,3,21.3522,0.5602,184179.7,184 180 RUB,Капитальный
kitchen (130).jpeg,kitchen,kitchen,0.5077,0.2649,1.0,0.0822,5,0.1216,0.2073,2.3186,0.4783,0,0.0467,1,5.3333,0.3988,144792.47,144 792 RUB,Косметический
kitchen (130).jpg,kitchen,kitchen,0.5143,0.1927,1.0,0.1156,7,0.0251,0.2304,2.33,0.6253,0,0.1182,2,12.0119,0.3851,189658.31,189 658 RUB,Капитальный
kitchen (131).jpeg,kitchen,kitchen,0.2943,0.2371,1.0,0.0809,18,0.0,0.1727,2.3186,0.1944,1,0.1014,1,5.3333,0.3015,206347.09,206 347 RUB,Капитальный
kitchen (131).jpg,kitchen,kitchen,0.6312,0.2317,1.0,0.0976,13,0.0,0.2155,2.31,0.6329,1,0.0558,6,36.2536,0.4329,200309.78,200 310 RUB,Капитальный
kitchen (132).jpeg,kitchen,kitchen,0.5862,0.244,1.0,0.0945,8,0.0001,0.2011,2.3186,0.5838,1,0.0485,2,10.6666,0.4156,178858.92,178 859 RUB,Капитальный
kitchen (132).jpg,kitchen,kitchen,0.4706,0.177,0.2947,0.0445,5,0.0011,0.1843,2.3186,0.6239,1,0.0126,1,5.3333,0.591,142406.73,142 407 RUB,Косметический
kitchen (133).jpeg,kitchen,kitchen,0.6418,0.2466,1.0,0.0921,11,0.0017,0.1999,2.3186,0.6158,3,0.052,5,26.6665,0.4385,211650.45,211 650 RUB,Капитальный
kitchen (133).jpg,kitchen,kitchen,0.5538,0.1505,0.8406,0.1148,17,0.0034,0.1788,2.33,0.7283,1,0.0251,9,54.0537,0.4467,202757.69,202 758 RUB,Капитальный
kitchen (134).jpeg,kitchen,kitchen,0.5358,0.257,0.9969,0.0873,11,0.0,0.2074,2.3186,0.5204,2,0.0493,1,5.3333,0.3978,168844.61,168 845 RUB,Косметический
kitchen (134).jpg,kitchen,kitchen,0.455,0.1575,1.0,0.0634,2,0.0,0.1495,2.3186,0.6538,0,0.0556,1,5.3333,0.3693,140207.32,140 207 RUB,Косметический
kitchen (135).jpeg,kitchen,wet_bar,0.5112,0.2145,0.7519,0.1246,2,0.0,0.1842,2.3186,0.5804,1,0.0362,0,0.0,0.454,123639.79,123 640 RUB,Косметический
kitchen (135).jpg,kitchen,wet_bar,0.5531,0.1818,1.0,0.0834,2,0.0,0.161,2.3186,0.6713,5,0.0175,0,0.0,0.4046,148878.93,148 879 RUB,Косметический
kitchen (136).jpeg,kitchen,wet_bar,0.4076,0.1834,0.6984,0.0794,18,0.0004,0.1972,2.3186,0.5502,0,0.0742,9,47.9997,0.4377,208471.78,208 472 RUB,Капитальный
kitchen (136).jpg,kitchen,kitchen,0.2603,0.2663,1.0,0.1429,19,0.0042,0.1666,2.3186,0.0,1,0.1257,2,10.6666,0.2759,246526.73,246 527 RUB,Капитальный
kitchen (137).jpeg,kitchen,kitchen,0.563,0.2274,1.0,0.1408,14,0.0,0.2144,2.3186,0.5961,0,0.0793,3,15.9999,0.397,201310.27,201 310 RUB,Капитальный
kitchen (137).jpg,kitchen,kitchen,0.4531,0.2732,1.0,0.0803,4,0.0005,0.1956,2.33,0.3971,1,0.0791,1,6.006,0.3652,172842.11,172 842 RUB,Капитальный
kitchen (138).jpeg,kitchen,kitchen,0.5919,0.2348,1.0,0.1073,15,0.0,0.1893,2.3186,0.6032,0,0.0607,2,10.6666,0.4153,188689.48,188 689 RUB,Капитальный
kitchen (138).jpg,kitchen,wet_bar,0.526,0.2342,0.76,0.0728,5,0.0,0.1852,2.3059,0.5547,1,0.051,0,0.0,0.4679,140734.55,140 735 RUB,Косметический
kitchen (139).jpeg,kitchen,kitchen,0.4801,0.1583,0.5366,0.0699,13,0.0,0.1934,2.3186,0.6703,1,0.0375,2,10.6666,0.5171,182041.44,182 041 RUB,Капитальный
kitchen (139).jpg,kitchen,wet_bar,0.5815,0.1943,1.0,0.0944,5,0.0002,0.1945,2.33,0.6658,1,0.0537,2,12.0119,0.4138,179540.99,179 541 RUB,Капитальный
kitchen (14).jpeg,kitchen,dining_room,0.548,0.1629,1.0,0.0842,19,0.0001,0.1892,2.3186,0.7028,0,0.063,12,63.9997,0.4024,208849.96,208 850 RUB,Капитальный
kitchen (14).jpg,kitchen,kitchen,0.6229,0.141,0.7746,0.1078,3,0.0001,0.2048,2.3039,0.7736,0,0.0296,0,0.0,0.4952,103767.38,103 767 RUB,Косметический
kitchen (140).jpeg,kitchen,kitchen,0.4917,0.2795,1.0,0.1212,11,0.0091,0.2214,2.3186,0.4315,1,0.0735,5,26.6665,0.3734,211927.51,211 928 RUB,Капитальный
kitchen (140).jpg,kitchen,kitchen,0.5457,0.2179,1.0,0.1258,16,0.0001,0.1887,2.3186,0.6008,2,0.0643,1,5.3333,0.3931,181208.08,181 208 RUB,Капитальный
kitchen (141).jpeg,kitchen,kitchen,0.3777,0.168,0.4947,0.0451,5,0.0,0.1849,2.3186,0.5553,1,0.0101,1,5.3333,0.4937,141128.37,141 128 RUB,Косметический
kitchen (141).jpg,kitchen,home_office,0.5564,0.2406,1.0,0.12,29,0.0001,0.2213,2.33,0.5677,0,0.114,4,24.0239,0.3986,216675.55,216 676 RUB,Капитальный
kitchen (142).jpeg,kitchen,kitchen,0.614,0.196,1.0,0.099,7,0.0,0.1979,2.3186,0.6807,1,0.0299,2,10.6666,0.4258,173332.63,173 333 RUB,Капитальный
kitchen (142).jpg,kitchen,wet_bar,0.4464,0.254,0.1906,0.0293,1,0.0,0.1658,2.3186,0.431,1,0.0641,1,5.3333,0.6155,147105.79,147 106 RUB,Косметический
kitchen (143).jpeg,kitchen,kitchen,0.5497,0.3181,1.0,0.0901,8,0.0,0.1872,2.3186,0.4214,2,0.0615,3,15.9999,0.4019,208066.59,208 067 RUB,Капитальный
kitchen (143).jpg,kitchen,kitchen,0.4152,0.2178,1.0,0.0927,6,0.0,0.204,2.3186,0.4755,0,0.0683,1,5.3333,0.3476,168960.98,168 961 RUB,Косметический
kitchen (144).jpeg,kitchen,kitchen,0.4006,0.2056,0.7371,0.0725,14,0.0006,0.2022,2.3186,0.4867,0,0.0414,5,26.6665,0.4247,188040.31,188 040 RUB,Капитальный
kitchen (144).jpg,kitchen,kitchen,0.44,0.2716,1.0,0.136,5,0.003,0.2098,2.31,0.3827,2,0.1891,1,6.0423,0.3491,213207.81,213 208 RUB,Капитальный
kitchen (145).jpeg,kitchen,kitchen,0.5832,0.3122,0.8254,0.0896,8,0.0348,0.2015,2.3186,0.4647,2,0.0269,2,10.6666,0.4712,190338.28,190 338 RUB,Капитальный
kitchen (145).jpg,kitchen,kitchen,0.4039,0.2094,1.0,0.1187,11,0.0029,0.1948,2.3059,0.4817,1,0.0481,8,56.9391,0.3381,216006.87,216 007 RUB,Капитальный
kitchen (146).jpeg,kitchen,kitchen,0.5047,0.2562,1.0,0.1226,8,0.0,0.2022,2.3186,0.4924,1,0.0361,2,10.6666,0.3774,182489.83,182 490 RUB,Капитальный
kitchen (146).jpg,kitchen,kitchen,0.4182,0.1829,0.9831,0.0936,16,0.0033,0.1955,2.3059,0.5627,1,0.0292,12,85.4086,0.354,215079.87,215 080 RUB,Капитальный
kitchen (147).jpeg,kitchen,wet_bar,0.3847,0.3055,0.9729,0.0733,6,0.0059,0.1794,2.3186,0.2059,1,0.0467,2,10.6666,0.3479,194822.41,194 822 RUB,Капитальный
kitchen (147).jpg,kitchen,kitchen,0.4496,0.2248,1.0,0.114,15,0.0,0.1983,2.3186,0.5001,0,0.0717,11,58.6664,0.357,217560.26,217 560 RUB,Капитальный
kitchen (148).jpeg,kitchen,kitchen,0.3904,0.2057,1.0,0.1012,27,0.0008,0.2012,2.3186,0.4731,0,0.0823,8,42.6664,0.336,219637.46,219 637 RUB,Капитальный
kitchen (148).jpg,kitchen,kitchen,0.4163,0.2394,1.0,0.1353,10,0.0278,0.2234,2.3186,0.4251,1,0.0458,2,10.6666,0.3422,201052.57,201 053 RUB,Капитальный
kitchen (149).jpeg,kitchen,kitchen,0.5353,0.3108,1.0,0.0796,12,0.0006,0.1992,2.3097,0.4194,2,0.0858,8,42.7805,0.3983,227316.75,227 317 RUB,Капитальный
kitchen (149).jpg,kitchen,wet_bar,0.4217,0.1742,0.6243,0.0699,5,0.0002,0.2215,2.3303,0.5868,0,0.012,1,5.3619,0.4674,135329.18,135 329 RUB,Косметический
kitchen (15).jpeg,kitchen,kitchen,0.4332,0.3112,1.0,0.0739,26,0.0001,0.1841,2.3186,0.2815,2,0.0791,1,5.3333,0.3585,196625.93,196 626 RUB,Капитальный
kitchen (15).jpg,kitchen,kitchen,0.302,0.1786,0.3166,0.0508,1,0.0,0.177,2.3097,0.4087,0,0.051,0,0.0,0.5157,119746.02,119 746 RUB,Косметический
kitchen (150).jpeg,kitchen,kitchen,0.2795,0.2287,1.0,0.1206,15,0.0466,0.1909,2.3186,0.1817,0,0.0915,4,21.3332,0.2924,220420.39,220 420 RUB,Капитальный
kitchen (150).jpg,kitchen,kitchen,0.6163,0.1994,1.0,0.1039,16,0.0024,0.203,2.3186,0.6764,3,0.0387,4,21.3332,0.426,213932.58,213 933 RUB,Капитальный
kitchen (151).jpeg,kitchen,wet_bar,0.6959,0.1837,0.8389,0.0687,5,0.0,0.177,2.3186,0.7361,0,0.0171,1,5.3333,0.513,130155.46,130 155 RUB,Косметический
kitchen (151).jpg,kitchen,kitchen,0.4496,0.2563,1.0,0.0913,13,0.0,0.2102,2.3097,0.4298,0,0.0845,8,42.7805,0.3616,217526.23,217 526 RUB,Капитальный
kitchen (152).jpeg,kitchen,kitchen,0.4264,0.2936,1.0,0.068,6,0.0007,0.1764,2.3186,0.3115,1,0.0586,1,5.3333,0.357,177846.34,177 846 RUB,Капитальный
kitchen (152).jpg,kitchen,kitchen,0.5718,0.2462,1.0,0.0997,13,0.0,0.1968,2.3186,0.5694,2,0.0202,9,47.9997,0.4088,215168.23,215 168 RUB,Капитальный
kitchen (153).jpeg,kitchen,galley,0.643,0.2485,1.0,0.1468,3,0.0006,0.2109,2.3186,0.6135,3,0.0635,0,0.0,0.4279,141578.82,141 579 RUB,Косметический
kitchen (153).jpg,kitchen,kitchen,0.5368,0.2119,0.8901,0.0792,12,0.0006,0.2147,2.3186,0.6054,4,0.0306,2,10.6666,0.4319,211630.26,211 630 RUB,Капитальный
kitchen (154).jpeg,kitchen,wet_bar,0.515,0.1683,0.2899,0.0433,0,0.0,0.2037,2.3186,0.6732,1,0.0111,0,0.0,0.6104,102112.56,102 113 RUB,Косметический
kitchen (154).jpg,kitchen,kitchen,0.6678,0.2953,0.6007,0.0439,3,0.0047,0.1478,2.3186,0.5579,1,0.0188,0,0.0,0.5786,118395.51,118 396 RUB,Косметический
kitchen (155).jpeg,kitchen,wet_bar,0.5311,0.2685,0.9665,0.1077,4,0.0,0.2071,2.3186,0.4944,0,0.0359,1,5.3333,0.4009,153458.42,153 458 RUB,Косметический
kitchen (155).jpg,kitchen,kitchen,0.5652,0.2445,0.5779,0.0951,15,0.0007,0.2077,2.3091,0.5675,1,0.0455,6,32.9669,0.5338,195570.78,195 571 RUB,Капитальный
kitchen (156).jpeg,kitchen,galley,0.6048,0.2011,1.0,0.1132,10,0.0019,0.2122,2.3186,0.6675,2,0.032,4,21.3332,0.4195,199168.46,199 168 RUB,Капитальный
kitchen (156).jpg,kitchen,kitchen,0.6126,0.2449,1.0,0.1447,5,0.0005,0.2362,2.3097,0.6002,2,0.0839,1,5.3476,0.4161,182316.7,182 317 RUB,Капитальный
kitchen (157).jpeg,kitchen,kitchen,0.3859,0.2315,0.5951,0.0721,8,0.0,0.1891,2.3186,0.4001,1,0.0439,1,5.3333,0.4614,157138.79,157 139 RUB,Косметический
kitchen (157).jpg,kitchen,kitchen,0.7576,0.2328,1.0,0.0791,3,0.0,0.1628,2.3186,0.6928,2,0.0392,1,5.3333,0.4872,147427.22,147 427 RUB,Косметический
kitchen (158).jpeg,kitchen,kitchen,0.4115,0.1608,0.6591,0.0949,10,0.0004,0.2071,2.3186,0.6092,0,0.064,7,37.3331,0.4479,188233.65,188 234 RUB,Капитальный
kitchen (158).jpg,kitchen,kitchen,0.4104,0.2156,1.0,0.1235,12,0.0,0.2077,2.3186,0.4747,0,0.0901,5,26.6665,0.3395,205837.47,205 837 RUB,Капитальный
kitchen (159).jpeg,kitchen,kitchen,0.5005,0.2691,0.6131,0.0646,11,0.0,0.203,2.3186,0.4623,0,0.0149,6,31.9998,0.5033,191256.73,191 257 RUB,Капитальный
kitchen (159).jpg,kitchen,kitchen,0.5246,0.1754,1.0,0.1198,11,0.0,0.206,2.3186,0.6655,0,0.0326,5,26.6665,0.3859,182014.59,182 015 RUB,Капитальный
kitchen (16).jpeg,kitchen,kitchen,0.511,0.1288,0.7941,0.0817,17,0.0045,0.1722,2.33,0.7479,0,0.053,5,30.0298,0.4503,186809.43,186 809 RUB,Капитальный
kitchen (16).jpg,kitchen,wet_bar,0.451,0.1509,1.0,0.0723,4,0.0001,0.1905,2.31,0.6653,0,0.0388,0,0.0,0.366,119365.91,119 366 RUB,Косметический
kitchen (160).jpeg,kitchen,wet_bar,0.5154,0.2823,0.1442,0.0258,0,0.0,0.1601,2.3186,0.4522,0,0.0332,0,0.0,0.6577,117202.37,117 202 RUB,Косметический
kitchen (160).jpg,kitchen,kitchen,0.3499,0.1784,1.0,0.1277,17,0.0023,0.2061,2.3186,0.4901,0,0.0855,8,42.6664,0.3146,213819.68,213 820 RUB,Капитальный
kitchen (161).jpeg,kitchen,dining_room,0.5885,0.2607,1.0,0.1303,14,0.0001,0.2078,2.3186,0.5571,2,0.1078,12,63.9997,0.4094,246815.99,246 816 RUB,Капитальный
kitchen (161).jpg,kitchen,wet_bar,0.6731,0.3367,1.0,0.0608,7,0.0001,0.1549,2.3186,0.4998,1,0.043,5,26.6665,0.4571,190613.13,190 613 RUB,Капитальный
kitchen (162).jpeg,kitchen,kitchen,0.5365,0.2084,0.5445,0.0568,9,0.0,0.1952,2.3186,0.6115,1,0.0317,2,10.6666,0.5399,167681.39,167 681 RUB,Косметический
kitchen (162).jpg,kitchen,kitchen,0.665,0.2205,1.0,0.0886,4,0.0053,0.1967,2.3186,0.6684,2,0.0541,1,5.3333,0.4488,154738.96,154 739 RUB,Косметический
kitchen (163).jpeg,kitchen,kitchen,0.3226,0.1692,0.5862,0.0858,10,0.0001,0.18,2.3186,0.4755,0,0.0468,2,10.6666,0.436,182647.23,182 647 RUB,Капитальный
kitchen (163).jpg,kitchen,kitchen,0.4542,0.235,1.0,0.1618,11,0.0002,0.2138,2.3186,0.4827,0,0.1077,2,10.6666,0.3493,206792.86,206 793 RUB,Капитальный
kitchen (164).jpeg,kitchen,kitchen,0.5077,0.1773,0.3959,0.0614,8,0.0001,0.2227,2.3186,0.6507,1,0.0244,2,10.6666,0.572,163546.43,163 546 RUB,Косметический
kitchen (164).jpg,kitchen,kitchen,0.4888,0.2886,1.0,0.1279,32,0.0009,0.2104,2.3186,0.4096,1,0.0664,1,5.3333,0.37,178371.88,178 372 RUB,Капитальный
kitchen (165).jpeg,kitchen,kitchen,0.525,0.2422,0.2942,0.0444,9,0.0046,0.2023,2.3186,0.5386,2,0.0139,1,5.3333,0.6133,158171.74,158 172 RUB,Косметический
kitchen (165).jpg,kitchen,kitchen,0.2685,0.2613,0.3616,0.046,6,0.0,0.1593,2.3186,0.0268,0,0.0507,2,10.6666,0.4897,193495.76,193 496 RUB,Капитальный
kitchen (166).jpeg,kitchen,wet_bar,0.506,0.263,0.4626,0.0564,0,0.0,0.1748,2.3186,0.4802,1,0.0401,0,0.0,0.5523,119269.85,119 270 RUB,Косметический
kitchen (166).jpg,kitchen,kitchen,0.599,0.2732,0.7162,0.0523,6,0.0,0.1852,2.3186,0.5439,1,0.0372,3,15.9999,0.5143,176137.14,176 137 RUB,Капитальный
kitchen (167).jpeg,kitchen,kitchen,0.4954,0.1836,0.2773,0.0528,10,0.0,0.2003,2.3186,0.6293,1,0.0311,2,10.6666,0.6044,170715.37,170 715 RUB,Капитальный
kitchen (167).jpg,kitchen,wet_bar,0.6999,0.2308,0.1714,0.0391,2,0.0,0.1806,2.3186,0.6702,1,0.0251,1,5.3333,0.7207,138856.28,138 856 RUB,Косметический
kitchen (168).jpeg,kitchen,kitchen,0.4979,0.1623,0.3565,0.0547,6,0.0,0.1616,2.3186,0.6741,0,0.029,0,0.0,0.5812,109860.99,109 861 RUB,Косметический
kitchen (168).jpg,kitchen,kitchen,0.5969,0.2005,1.0,0.1017,5,0.0,0.1685,2.3186,0.6641,0,0.0517,1,5.3333,0.4184,148430.66,148 431 RUB,Косметический
kitchen (169).jpeg,kitchen,kitchen,0.5708,0.3118,1.0,0.0897,12,0.0001,0.1903,2.3186,0.4537,2,0.0678,9,47.9997,0.4104,227017.26,227 017 RUB,Капитальный
kitchen (169).jpg,kitchen,kitchen,0.509,0.2247,0.2032,0.0338,4,0.0001,0.1633,2.3186,0.5585,0,0.0266,1,5.3333,0.6359,138374.41,138 374 RUB,Косметический
kitchen (17).jpeg,kitchen,kitchen,0.2152,0.1785,0.993,0.0586,9,0.0,0.1509,2.3186,0.1705,0,0.0497,2,10.6666,0.2765,201620.73,201 621 RUB,Капитальный
kitchen (17).jpg,kitchen,wet_bar,0.3472,0.1944,0.7781,0.0653,3,0.0012,0.1923,2.3333,0.4401,0,0.0302,0,0.0,0.3925,125397.53,125 398 RUB,Косметический
kitchen (170).jpeg,kitchen,kitchen,0.5343,0.3014,0.819,0.0944,6,0.0,0.2134,2.3186,0.4359,0,0.0541,1,5.3333,0.4491,162171.7,162 172 RUB,Косметический
kitchen (170).jpg,kitchen,attic,0.5955,0.118,0.232,0.0431,1,0.0,0.1762,2.3186,0.8018,2,0.0162,1,5.3333,0.66,117086.97,117 087 RUB,Косметический
kitchen (171).jpeg,kitchen,kitchen,0.592,0.1855,1.0,0.1391,13,0.0021,0.1789,2.33,0.6867,2,0.0816,5,30.0298,0.4092,214820.29,214 820 RUB,Капитальный
kitchen (171).jpg,kitchen,kitchen,0.5557,0.2168,0.6783,0.0664,8,0.0001,0.1993,2.3186,0.6098,0,0.0241,7,37.3331,0.5055,173362.99,173 363 RUB,Капитальный
kitchen (172).jpeg,kitchen,kitchen,0.5418,0.2131,0.8631,0.1152,2,0.0,0.2186,2.3333,0.6067,2,0.0377,1,6.0423,0.4348,153661.31,153 661 RUB,Косметический
kitchen (172).jpg,kitchen,wet_bar,0.4984,0.2277,1.0,0.1767,7,0.0003,0.216,2.3186,0.5431,0,0.0249,2,10.6666,0.364,176422.34,176 422 RUB,Капитальный
kitchen (173).jpeg,kitchen,kitchen,0.4001,0.1714,0.9503,0.0838,12,0.0,0.211,2.3333,0.5717,0,0.0809,1,5.4645,0.3582,159796.39,159 796 RUB,Косметический
kitchen (173).jpg,kitchen,wet_bar,0.4771,0.3603,0.5132,0.0682,4,0.0,0.1678,2.3186,0.2449,0,0.0185,3,15.9999,0.5232,175829.09,175 829 RUB,Капитальный
kitchen (174).jpeg,kitchen,kitchen,0.5132,0.1373,1.0,0.1204,3,0.0015,0.2155,2.31,0.7324,0,0.0376,2,12.0845,0.3813,164188.07,164 188 RUB,Косметический
kitchen (174).jpg,kitchen,kitchen,0.5177,0.3066,1.0,0.067,3,0.0,0.1898,2.3186,0.4079,2,0.0409,1,5.3333,0.3937,160434.91,160 435 RUB,Косметический
kitchen (175).jpeg,kitchen,wet_bar,0.2854,0.254,1.0,0.094,22,0.0,0.1852,2.33,0.1098,0,0.1047,1,6.006,0.2954,203575.26,203 575 RUB,Капитальный
kitchen (175).jpg,kitchen,kitchen,0.6649,0.257,0.6641,0.077,4,0.0,0.1864,2.3186,0.6135,3,0.0478,1,5.3333,0.5513,163416.59,163 417 RUB,Косметический
kitchen (176).jpeg,kitchen,kitchen,0.5175,0.1249,1.0,0.1076,10,0.0001,0.1752,2.32,0.7587,0,0.0622,9,54.2165,0.3855,203018.3,203 018 RUB,Капитальный
kitchen (176).jpg,kitchen,wet_bar,0.5424,0.2658,0.7361,0.0665,4,0.0001,0.2073,2.3186,0.51,1,0.0645,3,15.9999,0.4828,187001.64,187 002 RUB,Капитальный
kitchen (177).jpeg,kitchen,kitchen,0.3415,0.2522,1.0,0.0734,17,0.0002,0.2023,2.3186,0.2612,0,0.0778,2,10.6666,0.3219,210567.7,210 568 RUB,Капитальный
kitchen (177).jpg,kitchen,kitchen,0.54,0.2615,0.9274,0.0706,5,0.001,0.1992,2.3186,0.5158,1,0.0327,0,0.0,0.4237,134794.86,134 795 RUB,Косметический
kitchen (178).jpeg,kitchen,kitchen,0.3378,0.2333,0.9151,0.0791,7,0.015,0.1617,2.3186,0.3095,2,0.0689,1,5.3333,0.3463,185507.9,185 508 RUB,Капитальный
kitchen (178).jpg,kitchen,kitchen,0.3472,0.1688,0.3189,0.0571,6,0.0001,0.1776,2.3186,0.5139,1,0.0626,1,5.3333,0.5318,161033.9,161 034 RUB,Косметический
kitchen (179).jpeg,kitchen,wet_bar,0.4903,0.1818,1.0,0.1131,12,0.0002,0.1931,2.3186,0.6293,2,0.0794,8,42.6664,0.3735,216855.97,216 856 RUB,Капитальный
kitchen (179).jpg,kitchen,kitchen,0.6107,0.2902,1.0,0.1034,11,0.0003,0.2014,2.3186,0.5248,2,0.0437,9,47.9997,0.4236,214036.63,214 037 RUB,Капитальный
kitchen (18).jpeg,kitchen,kitchen,0.1592,0.1882,1.0,0.0574,6,0.0,0.1302,2.3186,0.0,0,0.0649,1,5.3333,0.2522,194565.1,194 565 RUB,Капитальный
kitchen (18).jpg,kitchen,wet_bar,0.4488,0.1889,0.4298,0.0406,2,0.0,0.1791,2.3186,0.5791,1,0.0098,0,0.0,0.5424,107333.2,107 333 RUB,Косметический
kitchen (180).jpeg,kitchen,wet_bar,0.5094,0.1553,0.9226,0.0857,3,0.0,0.2009,2.32,0.6951,1,0.0146,0,0.0,0.4099,121859.51,121 860 RUB,Косметический
kitchen (180).jpg,kitchen,wet_bar,0.5299,0.2441,0.6161,0.0983,3,0.0,0.1804,2.3186,0.5394,1,0.0423,2,10.6666,0.5075,170347.79,170 348 RUB,Капитальный
kitchen (181).jpeg,kitchen,kitchen,0.5087,0.1741,0.8195,0.0704,5,0.0,0.1894,2.3267,0.6579,2,0.0256,0,0.0,0.4436,134664.59,134 665 RUB,Косметический
kitchen (181).jpg,kitchen,kitchen,0.6066,0.2674,0.8703,0.0775,7,0.0,0.2033,2.3186,0.5591,0,0.0352,5,26.6665,0.466,177999.21,177 999 RUB,Капитальный
kitchen (182).jpeg,kitchen,wet_bar,0.4097,0.2582,0.472,0.0534,3,0.0,0.1748,2.3241,0.3698,1,0.0455,1,5.571,0.5116,162208.35,162 208 RUB,Косметический
kitchen (182).jpg,kitchen,wet_bar,0.7153,0.3048,0.5446,0.0509,9,0.0,0.1505,2.3186,0.5739,1,0.0501,4,21.3332,0.6126,177257.65,177 258 RUB,Капитальный
kitchen (183).jpeg,kitchen,kitchen,0.6132,0.1211,0.461,0.0472,3,0.0,0.1386,2.32,0.8024,2,0.0078,0,0.0,0.5975,99966.88,99 967 RUB,Косметический
kitchen (183).jpg,kitchen,dining_room,0.5054,0.3062,0.966,0.0904,9,0.0,0.1952,2.3186,0.3942,0,0.0461,8,42.6664,0.3943,197930.22,197 930 RUB,Капитальный
kitchen (184).jpeg,kitchen,kitchen,0.4958,0.1929,1.0,0.1413,4,0.0,0.2006,2.3059,0.611,1,0.0368,1,7.1174,0.3701,165227.42,165 227 RUB,Косметический
kitchen (184).jpg,kitchen,kitchen,0.4359,0.3528,1.0,0.0673,3,0.0,0.1569,2.3186,0.1908,0,0.0482,0,0.0,0.3609,150224.44,150 224 RUB,Косметический
kitchen (185).jpeg,kitchen,alcove,0.5921,0.1833,1.0,0.1068,9,0.0016,0.1903,2.32,0.6904,2,0.0381,2,12.0481,0.4156,189616.07,189 616 RUB,Капитальный
kitchen (185).jpg,kitchen,kitchen,0.4478,0.2081,0.5983,0.1119,8,0.0002,0.2121,2.3186,0.5353,0,0.0834,1,5.3333,0.4773,168143.46,168 143 RUB,Косметический
kitchen (186).jpeg,kitchen,kitchen,0.4841,0.2385,0.2344,0.0373,2,0.0011,0.2119,2.3186,0.5074,3,0.033,1,5.3333,0.616,150865.48,150 865 RUB,Косметический
kitchen (186).jpg,kitchen,kitchen,0.6542,0.3616,0.7526,0.0741,6,0.001,0.1494,2.3186,0.4472,1,0.0338,1,5.3333,0.5212,156247.45,156 247 RUB,Косметический
kitchen (187).jpeg,kitchen,kitchen,0.4136,0.2558,0.6156,0.0732,4,0.0,0.1943,2.31,0.3816,1,0.0764,0,0.0,0.4661,151041.63,151 042 RUB,Косметический
kitchen (187).jpg,kitchen,kitchen,0.3029,0.1804,0.8016,0.0773,11,0.0,0.1728,2.3186,0.4045,0,0.0972,1,5.3333,0.3652,168633.53,168 634 RUB,Косметический
kitchen (188).jpeg,kitchen,kitchen,0.4921,0.2144,1.0,0.1336,6,0.0001,0.2014,2.33,0.5643,1,0.0741,2,12.0119,0.3701,188669.4,188 669 RUB,Капитальный
kitchen (188).jpg,kitchen,utility_room,0.4294,0.2215,0.2967,0.0571,3,0.0,0.19,2.3186,0.4842,5,0.0469,0,0.0,0.5713,166174.85,166 175 RUB,Косметический
kitchen (189).jpeg,kitchen,wet_bar,0.4313,0.2262,1.0,0.0977,11,0.0002,0.2083,2.3186,0.4756,1,0.0426,7,37.3331,0.353,208913.75,208 914 RUB,Капитальный
kitchen (189).jpg,kitchen,kitchen,0.33,0.2382,0.5367,0.0841,8,0.0,0.1972,2.3186,0.2781,2,0.057,4,21.3332,0.4542,212464.35,212 464 RUB,Капитальный
kitchen (19).jpeg,kitchen,pantry,0.4097,0.2546,0.9499,0.0634,2,0.0001,0.1904,2.3333,0.3786,0,0.0707,1,5.3333,0.3662,156125.54,156 126 RUB,Косметический
kitchen (19).jpg,kitchen,wet_bar,0.3025,0.1683,0.2555,0.0489,8,0.0001,0.1817,2.32,0.4437,0,0.0297,0,0.0,0.5346,127101.96,127 102 RUB,Косметический
kitchen (190).jpeg,kitchen,kitchen,0.4094,0.2236,1.0,0.109,7,0.0,0.1938,2.3186,0.4538,0,0.0623,1,5.3333,0.342,166783.41,166 783 RUB,Косметический
kitchen (190).jpg,kitchen,kitchen,0.4526,0.144,0.3095,0.0993,7,0.0027,0.193,2.3186,0.6819,0,0.0108,0,0.0,0.5686,107155.58,107 156 RUB,Косметический
kitchen (191).jpeg,kitchen,kitchen,0.5569,0.2424,0.4876,0.0706,5,0.0025,0.2027,2.3186,0.5648,1,0.0267,3,15.9999,0.5626,170762.98,170 763 RUB,Капитальный
kitchen (191).jpg,kitchen,kitchen,0.5926,0.2308,0.8383,0.1351,8,0.0038,0.2208,2.3186,0.6105,1,0.039,3,15.9999,0.4589,183179.96,183 180 RUB,Капитальный
kitchen (192).jpeg,kitchen,kitchen,0.5204,0.237,0.8474,0.101,14,0.0114,0.2196,2.3186,0.5445,2,0.0505,4,21.3332,0.4349,206601.33,206 601 RUB,Капитальный
kitchen (192).jpg,kitchen,kitchen,0.6229,0.2463,0.6678,0.0945,8,0.0072,0.2199,2.3186,0.6047,1,0.023,4,21.3332,0.5307,177714.82,177 715 RUB,Капитальный
kitchen (193).jpeg,kitchen,kitchen,0.5972,0.1645,1.0,0.1233,5,0.0,0.2044,2.33,0.7245,1,0.0444,1,6.006,0.4142,154950.27,154 950 RUB,Косметический
kitchen (193).jpg,kitchen,kitchen,0.4267,0.216,0.8638,0.093,12,0.0,0.2063,2.3186,0.4938,1,0.0635,7,37.3331,0.3929,212258.02,212 258 RUB,Капитальный
kitchen (194).jpeg,kitchen,jewelry_shop,0.4698,0.3068,0.901,0.1346,1,0.0015,0.1939,2.3186,0.3469,0,0.042,0,0.0,0.3909,122464.58,122 465 RUB,Косметический
kitchen (194).jpg,kitchen,kitchen,0.5255,0.2363,1.0,0.1099,8,0.0002,0.1829,2.3186,0.5504,1,0.0503,2,10.6666,0.3882,178872.71,178 873 RUB,Капитальный
kitchen (195).jpeg,kitchen,kitchen,0.4362,0.2745,0.6804,0.0995,2,0.0,0.1648,2.3186,0.3706,1,0.0385,1,5.3333,0.4505,159654.23,159 654 RUB,Косметический
kitchen (195).jpg,kitchen,wet_bar,0.3397,0.175,0.4197,0.0707,2,0.0,0.1846,2.3186,0.4849,0,0.0367,2,10.6666,0.4959,160081.2,160 081 RUB,Косметический
kitchen (196).jpeg,kitchen,kitchen,0.5489,0.1889,1.0,0.1338,9,0.0,0.2225,2.33,0.6559,0,0.1022,4,24.0239,0.3928,190354.5,190 354 RUB,Капитальный
kitchen (196).jpg,kitchen,reception,0.5896,0.1363,0.1743,0.0397,0,0.0,0.1619,2.3186,0.7689,2,0.0003,0,0.0,0.6756,100069.49,100 069 RUB,Косметический
kitchen (197).jpeg,kitchen,kitchen,0.503,0.2184,1.0,0.1156,6,0.0,0.2135,2.32,0.5659,0,0.0475,1,6.0241,0.3781,162673.21,162 673 RUB,Косметический
kitchen (197).jpg,kitchen,galley,0.4626,0.252,1.0,0.1298,11,0.0,0.2101,2.3186,0.4551,0,0.0806,1,5.3333,0.3591,173529.42,173 529 RUB,Капитальный
kitchen (198).jpeg,kitchen,kitchen,0.3853,0.2231,1.0,0.1287,16,0.0003,0.2015,2.33,0.4209,1,0.1129,5,30.0298,0.3284,236298.23,236 298 RUB,Капитальный
kitchen (198).jpg,kitchen,wet_bar,0.561,0.2235,0.6034,0.0871,6,0.0,0.1669,2.3186,0.6017,0,0.0586,4,21.3332,0.526,178892.11,178 892 RUB,Капитальный
kitchen (199).jpeg,kitchen,kitchen,0.5597,0.154,1.0,0.1471,9,0.0019,0.2177,2.33,0.7248,1,0.0562,0,0.0,0.3946,137151.82,137 152 RUB,Косметический
kitchen (199).jpg,kitchen,wet_bar,0.6346,0.2579,0.8837,0.0888,8,0.0,0.1752,2.3186,0.5936,2,0.0454,6,31.9998,0.471,198872.36,198 872 RUB,Капитальный
kitchen (2).jpeg,kitchen,wet_bar,0.4824,0.1722,0.7584,0.0694,4,0.0,0.1837,2.33,0.643,0,0.0234,1,6.006,0.4515,138652.12,138 652 RUB,Косметический
kitchen (2).jpg,kitchen,kitchen,0.4551,0.1824,1.0,0.162,20,0.0002,0.2061,2.32,0.5993,0,0.0651,3,18.0722,0.3497,204460.62,204 461 RUB,Капитальный
kitchen (20).jpeg,kitchen,wet_bar,0.3066,0.1897,1.0,0.1035,14,0.0001,0.1786,2.33,0.3813,0,0.0624,7,42.0418,0.3019,209734.0,209 734 RUB,Капитальный
kitchen (20).jpg,kitchen,kitchen,0.5082,0.1775,0.4066,0.1109,6,0.0,0.204,2.3186,0.6508,1,0.0101,3,15.9999,0.5591,163720.9,163 721 RUB,Косметический
kitchen (200).jpeg,kitchen,kitchen,0.5157,0.2221,1.0,0.162,16,0.0033,0.2186,2.33,0.5693,1,0.0613,4,24.0239,0.3742,204048.25,204 048 RUB,Капитальный
kitchen (200).jpg,kitchen,kitchen,0.5659,0.2649,1.0,0.1578,7,0.0005,0.2333,2.3186,0.5318,1,0.1024,1,5.3333,0.3949,185279.91,185 280 RUB,Капитальный
kitchen (201).jpeg,kitchen,kitchen,0.5446,0.153,1.0,0.0929,5,0.0,0.1786,2.32,0.7191,1,0.0138,0,0.0,0.3993,121186.45,121 186 RUB,Косметический
kitchen (201).jpg,kitchen,dining_room,0.6035,0.2552,0.7361,0.101,10,0.0,0.1806,2.3186,0.5772,1,0.0309,8,42.6664,0.5004,191621.56,191 622 RUB,Капитальный
kitchen (202).jpeg,kitchen,utility_room,0.4311,0.191,0.7125,0.1101,4,0.0,0.2099,2.3186,0.5568,2,0.0282,0,0.0,0.4366,144169.28,144 169 RUB,Косметический
kitchen (202).jpg,kitchen,kitchen,0.5288,0.245,1.0,0.1441,11,0.0009,0.1859,2.3186,0.5367,1,0.0469,4,21.3332,0.3828,201550.96,201 551 RUB,Капитальный
kitchen (203).jpeg,kitchen,kitchen,0.5241,0.2114,1.0,0.092,7,0.0004,0.2029,2.31,0.5966,1,0.0409,1,6.0423,0.3913,159993.2,159 993 RUB,Косметический
kitchen (203).jpg,kitchen,kitchen,0.4823,0.2898,1.0,0.1893,11,0.0001,0.2203,2.3186,0.3992,1,0.0491,1,5.3333,0.3551,165908.43,165 908 RUB,Косметический
kitchen (204).jpeg,kitchen,wet_bar,0.4544,0.231,0.7811,0.0689,7,0.0,0.1843,2.33,0.4917,0,0.0476,0,0.0,0.4337,139912.72,139 913 RUB,Косметический
kitchen (204).jpg,kitchen,kitchen,0.5304,0.2638,1.0,0.1411,6,0.0021,0.2296,2.3186,0.5027,2,0.0904,5,26.6665,0.3842,210032.88,210 033 RUB,Капитальный
kitchen (205).jpeg,kitchen,kitchen,0.5637,0.1823,1.0,0.0948,11,0.0001,0.1993,2.3069,0.6766,0,0.0631,4,23.952,0.4065,189920.49,189 920 RUB,Капитальный
kitchen (205).jpg,kitchen,kitchen,0.6613,0.2012,1.0,0.1332,3,0.0002,0.1965,2.3186,0.6958,1,0.0364,1,5.3333,0.4379,145008.7,145 009 RUB,Косметический
kitchen (206).jpeg,kitchen,kitchen,0.3636,0.2475,0.5212,0.0752,3,0.0003,0.2209,2.3186,0.3193,1,0.0613,2,10.6666,0.4741,186879.95,186 880 RUB,Капитальный
kitchen (206).jpg,kitchen,kitchen,0.6554,0.3598,0.7184,0.0475,9,0.0001,0.1448,2.3186,0.4511,1,0.0443,5,26.6665,0.5371,190823.46,190 823 RUB,Капитальный
kitchen (207).jpeg,kitchen,wet_bar,0.4193,0.1811,0.6836,0.0853,43,0.0001,0.1869,2.3186,0.5681,0,0.0715,12,63.9997,0.4456,211484.39,211 484 RUB,Капитальный
kitchen (207).jpg,kitchen,kitchen,0.7271,0.1663,0.6108,0.066,15,0.0003,0.1919,2.3186,0.7713,2,0.0142,1,5.3333,0.5944,148393.34,148 393 RUB,Косметический
kitchen (209).jpeg,kitchen,kitchen,0.5227,0.2106,0.5402,0.0895,15,0.0027,0.2333,2.3186,0.5971,1,0.0454,3,15.9999,0.5294,191563.77,191 564 RUB,Капитальный
kitchen (209).jpg,kitchen,wet_bar,0.5599,0.2493,1.0,0.1246,5,0.0,0.189,2.3186,0.5548,2,0.0388,0,0.0,0.399,147698.1,147 698 RUB,Косметический
kitchen (21).jpeg,kitchen,alcove,0.4537,0.1745,1.0,0.0792,2,0.0012,0.2011,2.33,0.6153,1,0.0344,0,0.0,0.3658,124321.25,124 321 RUB,Косметический
kitchen (21).jpg,kitchen,kitchen,0.4171,0.2944,1.0,0.1036,6,0.0,0.1842,2.3186,0.294,0,0.0625,1,5.3333,0.3461,176861.74,176 862 RUB,Капитальный
kitchen (210).jpeg,kitchen,kitchen,0.6857,0.1547,1.0,0.1101,7,0.0,0.1876,2.3186,0.7744,6,0.0322,1,5.3333,0.4523,179993.89,179 994 RUB,Капитальный
kitchen (210).jpg,kitchen,wet_bar,0.524,0.3189,1.0,0.0884,4,0.0002,0.1898,2.3186,0.3915,1,0.0392,0,0.0,0.392,141507.13,141 507 RUB,Косметический
kitchen (211).jpeg,kitchen,kitchen,0.5305,0.2558,1.0,0.115,12,0.0006,0.2303,2.3186,0.5178,3,0.0645,4,21.3332,0.3893,223426.48,223 426 RUB,Капитальный
kitchen (211).jpg,kitchen,kitchen,0.6918,0.2315,1.0,0.0707,10,0.0005,0.1849,2.3186,0.6653,2,0.0487,1,5.3333,0.4626,160879.91,160 880 RUB,Косметический
kitchen (212).jpeg,kitchen,kitchen,0.4345,0.173,0.4652,0.0624,3,0.0,0.1795,2.3186,0.6019,1,0.0221,0,0.0,0.5218,124859.5,124 860 RUB,Косметический
kitchen (212).jpg,kitchen,kitchen,0.5729,0.314,0.4299,0.0575,3,0.0006,0.1764,2.3186,0.452,1,0.0166,1,5.3333,0.5888,147293.76,147 294 RUB,Косметический
kitchen (213).jpeg,kitchen,kitchen,0.5416,0.1879,1.0,0.0668,6,0.0011,0.1889,2.32,0.6531,1,0.0393,4,24.0962,0.4034,174060.38,174 060 RUB,Капитальный
kitchen (213).jpg,kitchen,wet_bar,0.5725,0.2367,1.0,0.122,8,0.0,0.196,2.3186,0.5866,2,0.0392,7,37.3331,0.4046,201741.87,201 742 RUB,Капитальный
kitchen (214).jpeg,kitchen,kitchen,0.4676,0.2057,1.0,0.1104,11,0.0004,0.2096,2.3069,0.56,0,0.0506,2,11.976,0.365,191133.91,191 134 RUB,Капитальный
kitchen (214).jpg,kitchen,dining_room,0.5842,0.2484,1.0,0.1285,10,0.0,0.1736,2.3186,0.5748,2,0.0451,10,53.333,0.408,219599.7,219 600 RUB,Капитальный
kitchen (215).jpeg,kitchen,kitchen,0.4642,0.2037,0.7433,0.0586,5,0.0,0.1981,2.33,0.5611,1,0.0272,1,6.006,0.451,149249.22,149 249 RUB,Косметический
kitchen (215).jpg,kitchen,wet_bar,0.462,0.2816,0.9195,0.098,4,0.0003,0.1996,2.3186,0.3905,1,0.028,2,10.6666,0.3894,181147.89,181 148 RUB,Капитальный
kitchen (216).jpeg,kitchen,kitchen,0.4197,0.2624,1.0,0.067,6,0.0,0.1784,2.3186,0.3748,1,0.0646,2,10.6666,0.3545,191077.87,191 078 RUB,Капитальный
kitchen (216).jpg,kitchen,wet_bar,0.5538,0.2346,1.0,0.1217,13,0.0,0.2043,2.3186,0.5763,1,0.0587,11,58.6664,0.3972,216908.96,216 909 RUB,Капитальный
kitchen (217).jpeg,kitchen,kitchen,0.6077,0.1802,1.0,0.1306,9,0.0006,0.1998,2.3163,0.7035,2,0.0823,1,6.1538,0.417,180280.77,180 281 RUB,Капитальный
kitchen (217).jpg,kitchen,kitchen,0.7046,0.1892,0.7599,0.0919,14,0.0001,0.1943,2.3186,0.7315,3,0.0159,1,5.3333,0.5355,155653.34,155 653 RUB,Косметический
kitchen (218).jpeg,kitchen,dining_room,0.4534,0.2202,1.0,0.1348,13,0.0,0.2061,2.33,0.5143,2,0.0841,13,78.0776,0.3544,235084.62,235 085 RUB,Капитальный
kitchen (218).jpg,kitchen,wet_bar,0.5066,0.2437,1.0,0.095,7,0.0002,0.1773,2.3186,0.519,0,0.0417,2,10.6666,0.3837,174760.34,174 760 RUB,Капитальный
kitchen (219).jpeg,kitchen,utility_room,0.5602,0.1298,0.8322,0.072,6,0.0,0.1626,2.32,0.7682,0,0.0177,4,24.0962,0.46,158624.22,158 624 RUB,Косметический
kitchen (219).jpg,kitchen,wet_bar,0.6628,0.1971,0.6518,0.0853,14,0.0008,0.1721,2.3186,0.7027,2,0.023,8,42.6664,0.5526,196496.28,196 496 RUB,Капитальный
kitchen (22).jpeg,kitchen,wet_bar,0.4506,0.1513,0.9618,0.0937,3,0.0,0.1944,2.3186,0.6642,0,0.0183,0,0.0,0.373,112805.06,112 805 RUB,Косметический
kitchen (22).jpg,kitchen,kitchen,0.3927,0.1948,0.7413,0.0572,5,0.0003,0.1787,2.3097,0.504,0,0.0316,2,10.6951,0.4233,157171.29,157 171 RUB,Косметический
kitchen (220).jpeg,kitchen,wet_bar,0.6025,0.2098,1.0,0.1296,13,0.0003,0.1941,2.3186,0.6519,5,0.0454,4,21.3332,0.4151,225039.61,225 040 RUB,Капитальный
kitchen (220).jpg,kitchen,wet_bar,0.5312,0.2254,0.5506,0.0581,1,0.0002,0.1985,2.3186,0.5756,0,0.0211,0,0.0,0.5357,113106.13,113 106 RUB,Косметический
kitchen (221).jpeg,kitchen,kitchen,0.3794,0.2199,1.0,0.1078,13,0.0,0.2116,2.33,0.4204,0,0.0609,6,36.0358,0.3302,204048.99,204 049 RUB,Капитальный
kitchen (221).jpg,kitchen,wet_bar,0.5487,0.222,1.0,0.1126,10,0.0022,0.209,2.3186,0.5954,0,0.0297,7,37.3331,0.3972,190819.76,190 820 RUB,Капитальный
kitchen (222).jpeg,kitchen,kitchen,0.6852,0.1816,1.0,0.0989,18,0.0,0.2108,2.31,0.735,4,0.0402,10,60.4226,0.4543,220789.41,220 789 RUB,Капитальный
kitchen (222).jpg,kitchen,kitchen,0.6417,0.2529,0.4062,0.0402,5,0.0011,0.1564,2.3186,0.606,0,0.0173,2,10.6666,0.6269,150759.91,150 760 RUB,Косметический
kitchen (223).jpeg,kitchen,kitchen,0.477,0.2405,1.0,0.1264,9,0.0,0.2346,2.31,0.4959,1,0.0766,2,12.0845,0.3655,208370.27,208 370 RUB,Капитальный
kitchen (223).jpg,kitchen,wet_bar,0.5669,0.2334,0.7674,0.083,5,0.0,0.1781,2.3186,0.5883,0,0.0367,0,0.0,0.4799,126186.83,126 187 RUB,Косметический
kitchen (224).jpeg,kitchen,kitchen,0.3885,0.2038,1.0,0.1263,5,0.0001,0.1934,2.3069,0.4755,0,0.1237,2,11.976,0.3302,196770.21,196 770 RUB,Капитальный
kitchen (225).jpeg,kitchen,wet_bar,0.4643,0.1705,1.0,0.0901,5,0.0,0.1748,2.3267,0.6328,1,0.0397,0,0.0,0.3677,134013.15,134 013 RUB,Косметический
kitchen (225).jpg,kitchen,wet_bar,0.5748,0.2257,0.6749,0.0696,6,0.0001,0.2074,2.3186,0.6073,1,0.0297,3,15.9999,0.5135,176473.72,176 474 RUB,Капитальный
kitchen (226).jpeg,kitchen,kitchen,0.562,0.1717,1.0,0.1204,32,0.003,0.2165,2.3186,0.6945,4,0.019,15,79.9996,0.401,234381.55,234 382 RUB,Капитальный
kitchen (226).jpg,kitchen,kitchen,0.7432,0.1757,0.8737,0.0759,16,0.0044,0.1691,2.3186,0.7635,3,0.023,9,47.9997,0.5204,208488.0,208 488 RUB,Капитальный
kitchen (227).jpeg,kitchen,kitchen,0.4122,0.1881,1.0,0.1639,19,0.0008,0.1987,2.303,0.5438,0,0.1597,4,24.4647,0.3322,219388.95,219 389 RUB,Капитальный
kitchen (227).jpg,kitchen,wet_bar,0.6092,0.2615,0.9241,0.089,6,0.0,0.1731,2.3186,0.5708,2,0.0623,5,26.6665,0.4487,195046.53,195 047 RUB,Капитальный
kitchen (228).jpeg,kitchen,kitchen,0.4405,0.1827,1.0,0.1323,16,0.0052,0.2214,2.3186,0.5853,0,0.0845,5,26.6665,0.3503,208775.38,208 775 RUB,Капитальный
kitchen (228).jpg,kitchen,kitchen,0.595,0.2734,1.0,0.0852,9,0.0025,0.1969,2.3186,0.5406,2,0.0551,4,21.3332,0.4212,200084.26,200 084 RUB,Капитальный
kitchen (229).jpeg,kitchen,wet_bar,0.655,0.1884,1.0,0.1021,5,0.0024,0.2,2.31,0.7123,1,0.0219,1,6.0423,0.4418,151384.31,151 384 RUB,Косметический
kitchen (229).jpg,kitchen,kitchen,0.447,0.2129,0.304,0.0891,10,0.001,0.2193,2.3186,0.5237,1,0.0794,1,5.3333,0.5699,175531.77,175 532 RUB,Капитальный
kitchen (23).jpeg,kitchen,wet_bar,0.5358,0.1714,1.0,0.0677,3,0.0,0.1778,2.32,0.6802,0,0.0597,0,0.0,0.4008,122418.7,122 419 RUB,Косметический
kitchen (23).jpg,kitchen,kitchen,0.5674,0.2464,1.0,0.1247,13,0.0,0.1857,2.32,0.5657,4,0.0737,3,18.0722,0.402,227432.4,227 432 RUB,Капитальный
kitchen (230).jpeg,kitchen,kitchen,0.4187,0.1888,0.9082,0.0734,15,0.0002,0.1926,2.31,0.5492,0,0.0453,2,12.0845,0.3804,188652.32,188 652 RUB,Капитальный
kitchen (230).jpg,kitchen,kitchen,0.5631,0.215,1.0,0.1082,21,0.0005,0.2079,2.3186,0.6182,3,0.0406,9,47.9997,0.4036,230370.79,230 371 RUB,Капитальный
kitchen (231).jpeg,kitchen,kitchen,0.4536,0.1832,0.1892,0.0433,1,0.0,0.1486,2.3333,0.5961,0,0.0366,0,0.0,0.616,106793.19,106 793 RUB,Косметический
kitchen (231).jpg,kitchen,kitchen,0.4901,0.264,1.0,0.1084,17,0.0002,0.1945,2.3186,0.4613,3,0.1002,4,21.3332,0.3744,242497.05,242 497 RUB,Капитальный
kitchen (232).jpeg,kitchen,wet_bar,0.4628,0.2127,1.0,0.0871,6,0.0001,0.2116,2.3186,0.5404,0,0.0446,0,0.0,0.3677,135566.23,135 566 RUB,Косметический
kitchen (232).jpg,kitchen,wet_bar,0.374,0.259,0.5903,0.0564,7,0.0067,0.1915,2.3186,0.3074,3,0.0575,1,5.3333,0.4619,193801.29,193 801 RUB,Капитальный
kitchen (233).jpeg,kitchen,kitchen,0.6896,0.1699,1.0,0.1276,3,0.0,0.1903,2.31,0.7537,3,0.0209,1,6.0423,0.4503,152163.8,152 164 RUB,Косметический
kitchen (233).jpg,kitchen,kitchen,0.3467,0.2021,0.9513,0.0988,9,0.0003,0.1931,2.3186,0.417,0,0.0785,1,5.3333,0.3336,169562.01,169 562 RUB,Косметический
kitchen (234).jpeg,kitchen,kitchen,0.5681,0.2202,1.0,0.1002,9,0.0,0.201,2.33,0.6125,2,0.0518,3,18.0179,0.4072,196535.83,196 536 RUB,Капитальный
kitchen (234).jpg,kitchen,wet_bar,0.4958,0.2655,1.0,0.0977,2,0.0006,0.1961,2.3186,0.4644,0,0.0748,1,5.3333,0.3789,158547.69,158 548 RUB,Косметический
kitchen (235).jpeg,kitchen,kitchen,0.5287,0.2108,1.0,0.136,7,0.0,0.2037,2.3186,0.6012,2,0.049,2,10.6666,0.3843,189863.71,189 864 RUB,Капитальный
kitchen (235).jpg,kitchen,wet_bar,0.6068,0.253,0.637,0.1064,4,0.0,0.2071,2.3186,0.5831,0,0.0129,0,0.0,0.5303,111710.73,111 711 RUB,Косметический
kitchen (236).jpeg,kitchen,kitchen,0.3609,0.2638,1.0,0.0817,10,0.0,0.1759,2.3186,0.269,2,0.0727,7,37.3331,0.328,226000.76,226 001 RUB,Капитальный
kitchen (236).jpg,kitchen,wet_bar,0.5157,0.2291,0.5946,0.0732,9,0.0029,0.2108,2.3186,0.5557,1,0.0621,2,10.6666,0.5135,176755.93,176 756 RUB,Капитальный
kitchen (237).jpeg,kitchen,kitchen,0.5422,0.1464,1.0,0.0856,4,0.0002,0.1803,2.3186,0.73,0,0.0177,2,10.6666,0.3998,156200.8,156 201 RUB,Косметический
kitchen (237).jpg,kitchen,kitchen,0.577,0.2453,0.6528,0.0848,3,0.0,0.1958,2.3186,0.5749,1,0.0173,1,5.3333,0.518,143699.74,143 700 RUB,Косметический
kitchen (238).jpeg,kitchen,kitchen,0.356,0.1891,0.5588,0.0873,3,0.0,0.1852,2.3186,0.4689,1,0.0105,0,0.0,0.4573,128003.77,128 004 RUB,Косметический
kitchen (238).jpg,kitchen,kitchen,0.5322,0.2571,1.0,0.1457,10,0.0011,0.2258,2.3186,0.517,1,0.0505,3,15.9999,0.3839,201246.88,201 247 RUB,Капитальный
kitchen (239).jpeg,kitchen,kitchen,0.3623,0.2009,0.3891,0.0747,0,0.0001,0.1893,2.3186,0.4455,1,0.0067,0,0.0,0.5133,121624.92,121 625 RUB,Косметический
kitchen (239).jpg,kitchen,wet_bar,0.5869,0.2383,0.4384,0.06,2,0.0,0.1984,2.3186,0.594,1,0.0067,0,0.0,0.5912,114040.62,114 041 RUB,Косметический
kitchen (24).jpeg,kitchen,kitchen,0.3972,0.2433,1.0,0.0997,9,0.0001,0.1917,2.33,0.3874,0,0.0887,4,24.0239,0.339,200072.15,200 072 RUB,Капитальный
kitchen (24).jpg,kitchen,wet_bar,0.4232,0.1835,0.4273,0.0698,7,0.0003,0.1795,2.32,0.5665,0,0.0507,2,12.0481,0.5271,177515.21,177 515 RUB,Капитальный
kitchen (240).jpeg,kitchen,kitchen,0.4955,0.1985,1.0,0.1007,21,0.0022,0.195,2.33,0.5993,2,0.0683,5,30.0298,0.3783,218834.43,218 834 RUB,Капитальный
kitchen (240).jpg,kitchen,wet_bar,0.41,0.2829,0.9706,0.0709,10,0.0001,0.2128,2.3186,0.3099,0,0.0882,4,21.3332,0.3586,212092.37,212 092 RUB,Капитальный
kitchen (241).jpeg,kitchen,kitchen,0.5752,0.2416,1.0,0.1241,10,0.002,0.2112,2.31,0.5799,2,0.0437,1,6.0423,0.4054,169994.69,169 995 RUB,Косметический
kitchen (241).jpg,kitchen,kitchen,0.3824,0.2232,0.6318,0.0892,8,0.0001,0.199,2.3186,0.4163,2,0.0682,2,10.6666,0.4456,200968.82,200 969 RUB,Капитальный
kitchen (242).jpeg,kitchen,kitchen,0.5681,0.236,1.0,0.1246,16,0.0001,0.2298,2.33,0.5845,1,0.1369,1,6.006,0.4023,201423.74,201 424 RUB,Капитальный
kitchen (242).jpg,kitchen,wet_bar,0.5759,0.1966,0.1127,0.0209,5,0.0,0.1702,2.3186,0.6585,0,0.0253,1,5.3333,0.6923,133877.7,133 878 RUB,Косметический
kitchen (243).jpeg,kitchen,kitchen,0.3863,0.2018,0.5408,0.073,8,0.0039,0.2035,2.33,0.4775,0,0.0805,4,24.0239,0.4781,185252.52,185 253 RUB,Капитальный
kitchen (243).jpg,kitchen,wet_bar,0.5423,0.2331,1.0,0.1326,4,0.0007,0.2213,2.3186,0.5701,0,0.0348,2,10.6666,0.3905,167338.71,167 339 RUB,Косметический
kitchen (244).jpeg,kitchen,kitchen,0.4299,0.2138,1.0,0.0821,13,0.0022,0.1886,2.3186,0.5027,1,0.0514,6,31.9998,0.3558,205086.96,205 087 RUB,Капитальный
kitchen (244).jpg,kitchen,kitchen,0.4482,0.2779,0.7064,0.0784,4,0.0,0.2002,2.3186,0.38,0,0.0161,2,10.6666,0.4517,171240.76,171 241 RUB,Капитальный
kitchen (245).jpeg,kitchen,wet_bar,0.4254,0.1881,0.6786,0.0936,16,0.0055,0.2031,2.3143,0.5578,1,0.0825,2,11.4942,0.4484,198479.37,198 479 RUB,Капитальный
kitchen (245).jpg,kitchen,wet_bar,0.5713,0.2481,0.7883,0.1035,4,0.0,0.1978,2.3186,0.5658,2,0.0152,1,5.3333,0.4714,153999.24,153 999 RUB,Косметический
kitchen (246).jpeg,kitchen,wet_bar,0.4617,0.2102,1.0,0.1112,19,0.011,0.1972,2.3302,0.5447,1,0.0735,9,50.9912,0.3635,225026.25,225 026 RUB,Капитальный
kitchen (246).jpg,kitchen,kitchen,0.6283,0.2066,0.515,0.0717,5,0.0,0.1812,2.3186,0.6711,0,0.0127,1,5.3333,0.5825,126010.63,126 011 RUB,Косметический
kitchen (247).jpg,kitchen,wet_bar,0.5339,0.2481,0.6958,0.0709,9,0.0,0.2178,2.3186,0.5353,1,0.0187,7,37.3331,0.4907,189202.66,189 203 RUB,Капитальный
kitchen (248).jpg,kitchen,wet_bar,0.4341,0.17,0.4401,0.0544,2,0.0001,0.1851,2.3186,0.6084,0,0.0351,0,0.0,0.5307,106942.31,106 942 RUB,Косметический
kitchen (249).jpg,kitchen,wet_bar,0.5583,0.2186,0.5162,0.0789,0,0.0003,0.1922,2.3186,0.6085,0,0.018,0,0.0,0.5527,107656.31,107 656 RUB,Косметический
kitchen (25).jpeg,kitchen,wet_bar,0.3017,0.1953,1.0,0.1293,10,0.001,0.1882,2.33,0.3528,0,0.1351,6,36.0358,0.2949,222528.34,222 528 RUB,Капитальный
kitchen (25).jpg,kitchen,wet_bar,0.4394,0.1609,0.5465,0.0551,4,0.0001,0.1706,2.33,0.6338,0,0.0164,0,0.0,0.5008,106343.66,106 344 RUB,Косметический
kitchen (250).jpg,kitchen,dining_room,0.3202,0.1748,0.615,0.0854,13,0.0008,0.1863,2.3186,0.4541,0,0.0717,7,37.3331,0.4266,209377.41,209 377 RUB,Капитальный
kitchen (251).jpg,kitchen,kitchen,0.3773,0.1847,0.7469,0.1064,15,0.0019,0.2048,2.3186,0.5103,1,0.081,4,21.3332,0.4058,213669.61,213 670 RUB,Капитальный
kitchen (252).jpg,kitchen,kitchen,0.5112,0.249,0.5737,0.0824,5,0.0,0.1774,2.3186,0.513,0,0.0191,1,5.3333,0.5159,139385.12,139 385 RUB,Косметический
kitchen (253).jpg,kitchen,kitchen,0.5977,0.1879,0.4109,0.0745,7,0.0,0.1826,2.3186,0.6856,0,0.004,1,5.3333,0.6009,125725.48,125 725 RUB,Косметический
kitchen (254).jpg,kitchen,kitchen,0.5233,0.2502,0.7818,0.1092,10,0.0009,0.2102,2.3186,0.5219,0,0.0319,3,15.9999,0.453,181691.08,181 691 RUB,Капитальный
kitchen (255).jpg,kitchen,alcove,0.5492,0.2217,0.1762,0.0445,1,0.0069,0.1927,2.3186,0.5963,1,0.0238,0,0.0,0.6586,114596.82,114 597 RUB,Косметический
kitchen (256).jpg,kitchen,kitchen,0.544,0.2662,0.9982,0.0855,6,0.0,0.205,2.3186,0.5107,0,0.0355,2,10.6666,0.401,172090.02,172 090 RUB,Капитальный
kitchen (257).jpg,kitchen,kitchen,0.5752,0.2452,0.8549,0.1061,7,0.0002,0.1945,2.3186,0.5737,1,0.0377,5,26.6665,0.4524,182932.82,182 933 RUB,Капитальный
kitchen (258).jpg,kitchen,kitchen,0.482,0.2797,0.7656,0.0955,8,0.0004,0.1862,2.3186,0.4196,0,0.0243,1,5.3333,0.4441,151113.06,151 113 RUB,Косметический
kitchen (259).jpg,kitchen,dining_room,0.5515,0.2794,0.8841,0.0969,11,0.001,0.2023,2.3186,0.4933,1,0.035,9,47.9997,0.4361,201951.16,201 951 RUB,Капитальный
kitchen (26).jpeg,kitchen,kitchen,0.4052,0.2687,1.0,0.084,7,0.0,0.1889,2.3186,0.3369,3,0.0648,2,10.6666,0.3453,209627.69,209 628 RUB,Капитальный
kitchen (26).jpg,kitchen,wet_bar,0.3975,0.1546,1.0,0.0738,3,0.0,0.1882,2.3186,0.6111,0,0.0263,0,0.0,0.3442,113855.26,113 855 RUB,Косметический
kitchen (260).jpg,kitchen,kitchen,0.5005,0.1752,0.657,0.1091,10,0.003,0.2262,2.3186,0.65,0,0.0529,2,10.6666,0.4816,180425.84,180 426 RUB,Капитальный
kitchen (261).jpg,kitchen,kitchen,0.6333,0.2237,1.0,0.133,13,0.0016,0.2072,2.3186,0.6467,1,0.0406,6,31.9998,0.4269,196583.88,196 584 RUB,Капитальный
kitchen (262).jpg,kitchen,utility_room,0.5426,0.214,0.5944,0.0635,13,0.0,0.1718,2.3186,0.6056,0,0.034,1,5.3333,0.526,146154.02,146 154 RUB,Косметический
kitchen (263).jpg,kitchen,kitchen,0.5312,0.2303,0.4485,0.049,7,0.0,0.1943,2.3186,0.5664,1,0.0166,1,5.3333,0.5681,145107.15,145 107 RUB,Косметический
kitchen (264).jpg,kitchen,wet_bar,0.5541,0.2637,1.0,0.1173,6,0.0003,0.2018,2.3186,0.5241,0,0.0484,2,10.6666,0.3982,175828.52,175 829 RUB,Капитальный
kitchen (265).jpg,kitchen,wet_bar,0.3747,0.1901,0.4067,0.0794,7,0.0001,0.1866,2.3186,0.4926,0,0.0662,5,26.6665,0.512,186036.2,186 036 RUB,Капитальный
kitchen (266).jpg,kitchen,kitchen,0.5775,0.2705,0.8305,0.0878,7,0.0,0.1881,2.3186,0.5317,0,0.0435,1,5.3333,0.4643,150312.76,150 313 RUB,Косметический
kitchen (267).jpg,kitchen,kitchen,0.6219,0.2167,0.714,0.0786,8,0.0002,0.1898,2.3186,0.6516,1,0.0352,3,15.9999,0.5189,176945.48,176 945 RUB,Капитальный
kitchen (268).jpg,kitchen,wet_bar,0.6288,0.2183,0.8457,0.0927,2,0.0,0.1856,2.3186,0.6528,1,0.0181,1,5.3333,0.4793,143663.5,143 664 RUB,Косметический
kitchen (269).jpg,kitchen,kitchen,0.5791,0.2744,0.7192,0.082,3,0.0,0.1888,2.3186,0.5261,2,0.0429,0,0.0,0.4995,136079.67,136 080 RUB,Косметический
kitchen (27).jpeg,kitchen,wet_bar,0.371,0.1799,1.0,0.0831,18,0.0,0.1796,2.3186,0.5151,1,0.0386,12,63.9997,0.3318,219996.65,219 997 RUB,Капитальный
kitchen (27).jpg,kitchen,kitchen,0.5799,0.1305,0.6282,0.0691,3,0.0034,0.1662,2.3158,0.7749,0,0.0276,2,10.582,0.53,142825.12,142 825 RUB,Косметический
kitchen (270).jpg,kitchen,kitchen,0.5005,0.2363,1.0,0.097,19,0.0011,0.2155,2.3186,0.5278,0,0.0413,1,5.3333,0.3809,156330.35,156 330 RUB,Косметический
kitchen (271).jpg,kitchen,kitchen,0.6011,0.2043,0.9946,0.1,13,0.0005,0.2029,2.3186,0.6601,0,0.0549,5,26.6665,0.4221,190519.71,190 520 RUB,Капитальный
kitchen (272).jpg,kitchen,kitchen,0.6232,0.2199,0.8267,0.0964,8,0.0001,0.1757,2.3186,0.6471,2,0.031,4,21.3332,0.482,188324.76,188 325 RUB,Капитальный
kitchen (273).jpg,kitchen,kitchen,0.3451,0.2221,0.4568,0.0833,7,0.0003,0.2003,2.3186,0.3564,0,0.0641,5,26.6665,0.4844,195626.05,195 626 RUB,Капитальный
kitchen (274).jpg,kitchen,kitchen,0.6857,0.1837,0.6052,0.0901,5,0.002,0.1928,2.3186,0.7321,2,0.0277,1,5.3333,0.5749,146862.51,146 863 RUB,Косметический
kitchen (275).jpg,kitchen,kitchen,0.4469,0.2233,0.461,0.0805,6,0.0015,0.1964,2.3186,0.5003,0,0.0645,2,10.6666,0.5245,176011.71,176 012 RUB,Капитальный
kitchen (276).jpg,kitchen,utility_room,0.4923,0.2469,1.0,0.0901,8,0.0042,0.1908,2.3186,0.4984,0,0.0635,1,5.3333,0.3793,161565.34,161 565 RUB,Косметический
kitchen (277).jpg,kitchen,kitchen,0.528,0.1593,0.5459,0.123,2,0.0002,0.1673,2.3186,0.6983,1,0.0216,0,0.0,0.5228,111858.89,111 859 RUB,Косметический
kitchen (278).jpg,kitchen,dining_room,0.5359,0.2807,0.8842,0.1084,9,0.0001,0.1911,2.3186,0.4762,1,0.0536,7,37.3331,0.4274,198549.09,198 549 RUB,Капитальный
kitchen (279).jpg,kitchen,kitchen,0.6115,0.2088,1.0,0.1203,5,0.0001,0.1798,2.3186,0.6586,1,0.0316,1,5.3333,0.4205,150255.56,150 256 RUB,Косметический
kitchen (28).jpeg,kitchen,kitchen,0.4054,0.2177,1.0,0.124,25,0.0009,0.2175,2.33,0.4631,0,0.0834,9,54.0537,0.3375,228738.12,228 738 RUB,Капитальный
kitchen (28).jpg,kitchen,kitchen,0.4348,0.2229,0.7265,0.0683,4,0.0,0.1837,2.3267,0.4874,0,0.0449,1,5.9523,0.4423,150124.01,150 124 RUB,Косметический
kitchen (280).jpg,kitchen,kitchen,0.6349,0.2311,0.6844,0.0953,10,0.0012,0.1659,2.3186,0.6361,2,0.0231,5,26.6665,0.5297,191324.76,191 325 RUB,Капитальный
kitchen (281).jpg,kitchen,kitchen,0.5762,0.2428,0.6511,0.081,4,0.0,0.1817,2.3186,0.5786,1,0.0369,1,5.3333,0.5189,146683.34,146 683 RUB,Косметический
kitchen (283).jpg,kitchen,kitchen,0.5875,0.1817,0.4858,0.0654,4,0.0003,0.1823,2.3186,0.6906,0,0.0155,0,0.0,0.5762,99080.98,99 081 RUB,Косметический
kitchen (284).jpg,kitchen,kitchen,0.6345,0.2569,0.6692,0.0772,7,0.0001,0.2097,2.3186,0.5951,1,0.0409,2,10.6666,0.5376,172334.91,172 335 RUB,Капитальный
kitchen (285).jpg,kitchen,kitchen,0.4962,0.2822,0.5994,0.0746,14,0.0011,0.2015,2.3186,0.4313,2,0.0153,8,42.6664,0.5039,216744.92,216 745 RUB,Капитальный
kitchen (286).jpg,kitchen,kitchen,0.5747,0.245,0.6506,0.0823,4,0.0007,0.1856,2.3186,0.5738,0,0.0136,0,0.0,0.5183,111687.23,111 687 RUB,Косметический
kitchen (287).jpg,kitchen,kitchen,0.6425,0.178,0.335,0.0517,10,0.0,0.1767,2.3186,0.723,1,0.0308,1,5.3333,0.6461,138469.71,138 470 RUB,Косметический
kitchen (288).jpg,kitchen,wet_bar,0.5373,0.3215,0.7338,0.072,14,0.0013,0.222,2.3186,0.4017,0,0.0383,8,42.6664,0.4805,198953.43,198 953 RUB,Капитальный
kitchen (289).jpg,kitchen,kitchen,0.568,0.2367,0.8293,0.1074,5,0.0006,0.199,2.3186,0.5832,0,0.0122,1,5.3333,0.457,135506.98,135 507 RUB,Косметический
kitchen (29).jpeg,kitchen,wet_bar,0.3762,0.2013,1.0,0.0952,12,0.004,0.1826,2.3186,0.465,0,0.0516,2,10.6666,0.3318,189766.93,189 767 RUB,Капитальный
kitchen (29).jpg,kitchen,wet_bar,0.4248,0.22,1.0,0.0873,18,0.0004,0.1744,2.3186,0.4819,0,0.0515,0,0.0,0.3525,149617.39,149 617 RUB,Косметический
kitchen (290).jpg,kitchen,dining_room,0.3665,0.2619,0.5823,0.0751,9,0.0,0.2048,2.3186,0.2854,1,0.1003,7,37.3331,0.4569,215439.49,215 439 RUB,Капитальный
kitchen (291).jpg,kitchen,kitchen,0.4179,0.1957,0.2508,0.0555,7,0.007,0.1974,2.3186,0.5318,2,0.022,2,10.6666,0.5815,177679.16,177 679 RUB,Капитальный
kitchen (292).jpg,kitchen,kitchen,0.4212,0.19,0.6127,0.1014,13,0.0096,0.2166,2.3186,0.5489,0,0.0978,3,15.9999,0.4653,199876.22,199 876 RUB,Капитальный
kitchen (293).jpg,kitchen,kitchen,0.5537,0.3006,0.6112,0.0712,4,0.0,0.2002,2.3186,0.4572,2,0.0472,1,5.3333,0.5239,162357.63,162 358 RUB,Косметический
kitchen (294).jpg,kitchen,kitchen,0.5722,0.204,0.5664,0.0775,11,0.0373,0.225,2.3186,0.6435,0,0.0193,1,5.3333,0.5472,134098.63,134 099 RUB,Косметический
kitchen (295).jpg,kitchen,reception,0.6704,0.213,0.3439,0.0565,5,0.0,0.1794,2.3186,0.6823,3,0.015,3,15.9999,0.6537,173597.98,173 598 RUB,Капитальный
kitchen (296).jpg,kitchen,kitchen,0.3795,0.1824,0.4924,0.0906,12,0.0,0.1896,2.3186,0.5193,0,0.0247,7,37.3331,0.4859,188730.28,188 730 RUB,Капитальный
kitchen (297).jpg,kitchen,kitchen,0.6197,0.2376,0.9383,0.113,8,0.0012,0.2069,2.3186,0.6165,1,0.0371,2,10.6666,0.4439,175464.95,175 465 RUB,Капитальный
kitchen (298).jpg,kitchen,kitchen,0.5409,0.2554,0.8032,0.0962,9,0.0011,0.2077,2.3186,0.5279,2,0.0227,4,21.3332,0.4563,192252.65,192 253 RUB,Капитальный
kitchen (299).jpg,kitchen,wet_bar,0.5516,0.28,0.8784,0.0816,3,0.0002,0.1973,2.3186,0.4923,2,0.0455,2,10.6666,0.4408,177421.33,177 421 RUB,Капитальный
kitchen (3).jpeg,kitchen,kitchen,0.5383,0.1966,1.0,0.0808,8,0.0,0.1971,2.33,0.6348,0,0.0576,2,12.0119,0.3992,176858.06,176 858 RUB,Капитальный
kitchen (3).jpg,kitchen,kitchen,0.347,0.2291,0.3206,0.0396,2,0.002,0.1585,2.3186,0.3398,1,0.0306,0,0.0,0.5349,123374.03,123 374 RUB,Косметический
kitchen (30).jpeg,kitchen,kitchen,0.3643,0.2173,0.9755,0.0981,9,0.0018,0.206,2.3186,0.4035,1,0.0535,2,10.6666,0.3336,194231.88,194 232 RUB,Капитальный
kitchen (30).jpg,kitchen,kitchen,0.6408,0.1822,0.4097,0.0863,5,0.0,0.2187,2.3186,0.7157,2,0.0153,2,10.6666,0.6161,162194.83,162 195 RUB,Косметический
kitchen (300).jpg,kitchen,recreation_room,0.5192,0.2743,0.7867,0.0694,4,0.0004,0.1792,2.3186,0.4717,0,0.0275,0,0.0,0.4578,124318.5,124 318 RUB,Косметический
kitchen (301).jpg,kitchen,kitchen,0.5937,0.2375,0.3974,0.0511,6,0.0048,0.2058,2.3186,0.5999,1,0.0328,2,10.6666,0.6085,161682.33,161 682 RUB,Косметический
kitchen (302).jpg,kitchen,wet_bar,0.4375,0.2609,0.8641,0.0835,12,0.0013,0.1836,2.3186,0.4037,1,0.0256,9,47.9997,0.3992,216919.82,216 920 RUB,Капитальный
kitchen (303).jpg,kitchen,kitchen,0.6689,0.226,1.0,0.1272,12,0.0061,0.2315,2.3186,0.6622,4,0.0402,10,53.333,0.4427,231081.13,231 081 RUB,Капитальный
kitchen (304).jpg,kitchen,wet_bar,0.6875,0.1734,0.2747,0.0452,7,0.0,0.1796,2.3186,0.7478,2,0.0059,0,0.0,0.6836,117576.9,117 577 RUB,Косметический
kitchen (305).jpg,kitchen,dining_room,0.5835,0.2385,0.9037,0.1006,17,0.0002,0.1995,2.3186,0.5914,1,0.044,15,79.9996,0.4422,218986.86,218 987 RUB,Капитальный
kitchen (306).jpg,kitchen,kitchen,0.5224,0.1856,0.6205,0.1081,5,0.0,0.1955,2.3186,0.6447,1,0.0411,1,5.3333,0.5012,145240.76,145 241 RUB,Косметический
kitchen (307).jpg,kitchen,kitchen,0.6234,0.1997,0.5256,0.0747,11,0.0,0.1788,2.3186,0.6797,2,0.0105,1,5.3333,0.5767,143677.25,143 677 RUB,Косметический
kitchen (308).jpg,kitchen,kitchen,0.5613,0.2375,0.6266,0.083,8,0.0018,0.1785,2.3186,0.5768,1,0.0347,2,10.6666,0.5202,170338.07,170 338 RUB,Капитальный
kitchen (309).jpg,kitchen,kitchen,0.5396,0.2634,0.8166,0.0811,12,0.0,0.1731,2.3186,0.5119,0,0.0197,2,10.6666,0.4546,175400.01,175 400 RUB,Капитальный
kitchen (31).jpeg,kitchen,wet_bar,0.4407,0.2599,0.2044,0.0507,0,0.0,0.1887,2.3186,0.4103,0,0.0596,0,0.0,0.6048,119340.0,119 340 RUB,Косметический
kitchen (31).jpg,kitchen,kitchen,0.4186,0.2396,0.6978,0.0891,6,0.0,0.1833,2.3186,0.4277,0,0.0508,1,5.3333,0.4403,158263.2,158 263 RUB,Косметический
kitchen (310).jpg,kitchen,wet_bar,0.5645,0.215,0.4862,0.0612,10,0.0,0.1964,2.3186,0.6192,0,0.0306,1,5.3333,0.5677,142993.05,142 993 RUB,Косметический
kitchen (311).jpg,kitchen,kitchen,0.419,0.1828,0.6115,0.0949,17,0.0014,0.2211,2.3186,0.5637,0,0.0601,2,10.6666,0.4653,184719.88,184 720 RUB,Капитальный
kitchen (312).jpg,kitchen,kitchen,0.6085,0.1999,0.6519,0.0948,2,0.0,0.2128,2.3186,0.6714,1,0.0604,0,0.0,0.5289,124130.65,124 131 RUB,Косметический
kitchen (313).jpg,kitchen,bathroom,0.6691,0.2049,0.4369,0.0635,4,0.0,0.1719,2.3186,0.6938,1,0.0124,1,5.3333,0.6239,129815.49,129 815 RUB,Косметический
kitchen (314).jpg,kitchen,kitchen,0.5473,0.251,0.7278,0.0821,8,0.0,0.1859,2.3186,0.5414,1,0.0375,5,26.6665,0.4841,184903.85,184 904 RUB,Капитальный
kitchen (315).jpg,kitchen,kitchen,0.5651,0.2551,0.8652,0.0879,6,0.0,0.1944,2.3186,0.5485,0,0.0749,2,10.6666,0.4489,173450.57,173 451 RUB,Капитальный
kitchen (316).jpg,kitchen,wet_bar,0.5372,0.2348,0.593,0.0787,6,0.0,0.1827,2.3186,0.5629,0,0.011,1,5.3333,0.5213,136254.93,136 255 RUB,Косметический
kitchen (317).jpg,kitchen,kitchen,0.5109,0.2653,1.0,0.1226,3,0.0001,0.2065,2.3186,0.4806,1,0.0341,2,10.6666,0.3798,172492.25,172 492 RUB,Капитальный
kitchen (318).jpg,kitchen,wet_bar,0.6422,0.3112,0.631,0.0875,5,0.0,0.1594,2.3186,0.5153,1,0.0364,1,5.3333,0.5501,153409.28,153 409 RUB,Косметический
kitchen (319).jpg,kitchen,kitchen,0.5583,0.2503,0.5453,0.0731,10,0.0255,0.2139,2.3186,0.5517,0,0.0097,2,10.6666,0.5477,167008.8,167 009 RUB,Косметический
kitchen (32).jpeg,kitchen,kitchen,0.3327,0.2012,1.0,0.1126,23,0.0001,0.1987,2.3186,0.3952,0,0.0884,1,5.3333,0.3106,180571.9,180 572 RUB,Капитальный
kitchen (32).jpg,kitchen,wet_bar,0.4749,0.2155,0.9176,0.0934,6,0.0001,0.2383,2.32,0.5463,1,0.044,4,24.0962,0.396,189241.26,189 241 RUB,Капитальный
kitchen (320).jpg,kitchen,wet_bar,0.3772,0.2783,0.8322,0.0568,10,0.0001,0.1968,2.3186,0.2622,1,0.0237,9,47.9997,0.3899,220080.09,220 080 RUB,Капитальный
kitchen (321).jpg,kitchen,galley,0.4956,0.2867,0.7555,0.0768,6,0.0002,0.2096,2.3186,0.4216,1,0.034,1,5.3333,0.4562,154005.23,154 005 RUB,Косметический
kitchen (322).jpg,kitchen,kitchen,0.604,0.1995,0.8748,0.1015,9,0.0,0.1834,2.3186,0.6696,0,0.0218,5,26.6665,0.4589,171186.84,171 187 RUB,Капитальный
kitchen (323).jpg,kitchen,kitchen,0.5247,0.2483,0.9216,0.1068,11,0.0001,0.2194,2.3186,0.5269,0,0.0315,4,21.3332,0.4121,188959.84,188 960 RUB,Капитальный
kitchen (324).jpg,kitchen,kitchen,0.5631,0.2549,0.6233,0.0791,4,0.0004,0.1762,2.3186,0.5474,2,0.0634,1,5.3333,0.5225,159416.2,159 416 RUB,Косметический
kitchen (325).jpg,kitchen,basement,0.4525,0.1432,0.2314,0.0526,8,0.0145,0.1894,2.3186,0.6835,0,0.0818,0,0.0,0.6025,127673.48,127 673 RUB,Косметический
kitchen (326).jpg,kitchen,kitchen,0.6143,0.2067,0.5489,0.0623,4,0.0006,0.1795,2.3186,0.6636,0,0.0097,0,0.0,0.5686,99384.34,99 384 RUB,Косметический
kitchen (327).jpg,kitchen,kitchen,0.5248,0.2449,0.8537,0.1042,11,0.0007,0.2182,2.3186,0.5333,1,0.0375,4,21.3332,0.4331,193439.03,193 439 RUB,Капитальный
kitchen (328).jpg,kitchen,kitchen,0.6302,0.2031,0.4798,0.0655,3,0.0,0.1629,2.3186,0.6777,1,0.0176,2,10.6666,0.595,150568.58,150 569 RUB,Косметический
kitchen (329).jpg,kitchen,kitchen,0.5422,0.2524,0.5673,0.079,12,0.0001,0.2154,2.3186,0.5345,0,0.0132,3,15.9999,0.5309,180185.49,180 185 RUB,Капитальный
kitchen (33).jpeg,kitchen,kitchen,0.3628,0.1943,1.0,0.0697,8,0.0,0.1725,2.3168,0.4644,1,0.0651,2,11.9402,0.3312,193024.28,193 024 RUB,Капитальный
kitchen (33).jpg,kitchen,kitchen,0.4527,0.1619,0.5005,0.0491,3,0.0004,0.1693,2.3186,0.6423,1,0.0231,1,5.3333,0.5211,137272.17,137 272 RUB,Косметический
kitchen (330).jpg,kitchen,kitchen,0.564,0.2305,0.8068,0.1171,8,0.001,0.1961,2.3186,0.5913,0,0.0517,2,10.6666,0.4602,172849.61,172 850 RUB,Капитальный
kitchen (331).jpg,kitchen,kitchen,0.4641,0.1854,0.3886,0.0628,3,0.0,0.1952,2.3186,0.6006,0,0.0503,1,5.3333,0.5565,143923.82,143 924 RUB,Косметический
kitchen (332).jpg,kitchen,kitchen,0.5809,0.3156,0.2711,0.0355,1,0.0,0.1671,2.3186,0.4566,1,0.0159,0,0.0,0.6439,120053.22,120 053 RUB,Косметический
kitchen (333).jpg,kitchen,wet_bar,0.5939,0.2118,0.768,0.1362,8,0.0022,0.2124,2.3186,0.6434,2,0.0971,7,37.3331,0.4801,207458.2,207 458 RUB,Капитальный
kitchen (334).jpg,kitchen,kitchen,0.5994,0.2547,1.0,0.0915,12,0.0,0.1929,2.3186,0.5751,2,0.0384,6,31.9998,0.4215,206094.39,206 094 RUB,Капитальный
kitchen (335).jpg,kitchen,kitchen,0.633,0.2266,0.9401,0.0925,8,0.0,0.1913,2.3186,0.6421,2,0.0368,1,5.3333,0.4527,160552.94,160 553 RUB,Косметический
kitchen (336).jpg,kitchen,kitchen,0.6392,0.1823,0.5827,0.0831,6,0.0,0.1632,2.3186,0.7149,0,0.0125,0,0.0,0.5643,100663.14,100 663 RUB,Косметический
kitchen (337).jpg,kitchen,kitchen,0.4577,0.2374,0.2578,0.0518,5,0.0001,0.2152,2.3186,0.4812,1,0.0483,1,5.3333,0.5954,157799.22,157 799 RUB,Косметический
kitchen (338).jpg,kitchen,kitchen,0.5715,0.2188,0.4282,0.0795,2,0.0,0.195,2.3186,0.6171,0,0.0807,1,5.3333,0.5843,147096.92,147 097 RUB,Косметический
kitchen (339).jpg,kitchen,wet_bar,0.4321,0.1818,0.1456,0.0326,4,0.0,0.1911,2.3186,0.5792,1,0.0145,0,0.0,0.6227,122967.1,122 967 RUB,Косметический
kitchen (34).jpeg,kitchen,kitchen,0.5165,0.2047,1.0,0.1319,12,0.0,0.2133,2.33,0.6036,2,0.0677,1,6.006,0.3802,180044.21,180 044 RUB,Капитальный
kitchen (34).jpg,kitchen,kitchen,0.6179,0.2271,1.0,0.1461,14,0.0036,0.2386,2.3186,0.6325,5,0.1301,2,10.6666,0.4183,246003.16,246 003 RUB,Капитальный
kitchen (340).jpg,kitchen,wet_bar,0.5784,0.2012,0.4284,0.0665,2,0.0,0.1913,2.3186,0.6522,0,0.0208,1,5.3333,0.5896,132201.91,132 202 RUB,Косметический
kitchen (341).jpg,kitchen,kitchen,0.5292,0.2264,0.4923,0.0544,6,0.0,0.1859,2.3186,0.5721,1,0.009,2,10.6666,0.5531,159318.68,159 319 RUB,Косметический
kitchen (342).jpg,kitchen,kitchen,0.6393,0.1911,0.4821,0.0778,4,0.0001,0.1997,2.3186,0.7011,2,0.0182,3,15.9999,0.5955,164351.12,164 351 RUB,Косметический
kitchen (343).jpg,kitchen,kitchen,0.6821,0.2095,0.8183,0.1039,2,0.0,0.1811,2.3186,0.6929,1,0.0228,0,0.0,0.5066,113652.26,113 652 RUB,Косметический
kitchen (344).jpg,kitchen,dining_room,0.4923,0.2259,1.0,0.1159,21,0.0,0.2132,2.3186,0.541,3,0.1181,11,58.6664,0.3737,261840.84,261 841 RUB,Капитальный
kitchen (345).jpg,kitchen,wet_bar,0.5972,0.224,0.5701,0.0653,6,0.0004,0.1868,2.3186,0.625,0,0.0238,1,5.3333,0.5549,141311.08,141 311 RUB,Косметический
kitchen (346).jpg,kitchen,wet_bar,0.5011,0.3603,0.2295,0.0347,2,0.0,0.1581,2.3186,0.281,1,0.017,0,0.0,0.6247,127485.04,127 485 RUB,Косметический
kitchen (347).jpg,kitchen,wet_bar,0.6007,0.1605,0.2197,0.0501,0,0.0,0.1596,2.3186,0.7328,1,0.0032,0,0.0,0.6643,96102.29,96 102 RUB,Косметический
kitchen (348).jpg,kitchen,kitchen,0.4907,0.2422,0.1545,0.0443,6,0.0,0.2008,2.3186,0.5064,1,0.0377,2,10.6666,0.641,167545.81,167 546 RUB,Косметический
kitchen (349).jpg,kitchen,galley,0.5999,0.2079,1.0,0.1125,12,0.0011,0.1878,2.3186,0.6534,1,0.0299,5,26.6665,0.4176,195094.45,195 094 RUB,Капитальный
kitchen (35).jpeg,kitchen,wet_bar,0.515,0.2478,0.2119,0.044,3,0.0,0.2051,2.3186,0.5187,1,0.024,1,5.3333,0.6336,142412.0,142 412 RUB,Косметический
kitchen (35).jpg,kitchen,wet_bar,0.5297,0.315,1.0,0.1105,18,0.0001,0.2005,2.33,0.4053,2,0.0737,10,60.0597,0.3898,240667.77,240 668 RUB,Капитальный
kitchen (350).jpg,kitchen,wet_bar,0.4693,0.1679,0.1492,0.033,1,0.0,0.1864,2.3186,0.6422,0,0.0138,1,5.3333,0.6363,120791.24,120 791 RUB,Косметический
kitchen (351).jpg,kitchen,dining_room,0.5021,0.2423,0.5943,0.0568,5,0.0,0.1797,2.3186,0.5176,0,0.0239,3,15.9999,0.5112,163980.56,163 981 RUB,Косметический
kitchen (352).jpg,kitchen,kitchen,0.4889,0.2955,1.0,0.1164,8,0.0033,0.2078,2.3186,0.3957,2,0.0862,3,15.9999,0.3726,215777.45,215 777 RUB,Капитальный
kitchen (353).jpg,kitchen,kitchen,0.5736,0.2746,1.0,0.1191,17,0.0005,0.2001,2.3186,0.5214,2,0.0372,4,21.3332,0.4057,215938.75,215 939 RUB,Капитальный
kitchen (354).jpg,kitchen,wet_bar,0.4105,0.2187,0.4183,0.0618,5,0.0022,0.2143,2.3186,0.4672,0,0.0724,2,10.6666,0.5266,171362.07,171 362 RUB,Капитальный
kitchen (355).jpg,kitchen,wet_bar,0.6333,0.2561,0.2486,0.0584,3,0.0,0.1873,2.3186,0.5957,1,0.0154,0,0.0,0.6671,118070.91,118 071 RUB,Косметический
kitchen (356).jpg,kitchen,kitchen,0.5797,0.1342,0.1691,0.0334,5,0.0,0.1271,2.3186,0.7685,1,0.0113,0,0.0,0.6745,105104.85,105 105 RUB,Косметический
kitchen (357).jpg,kitchen,kitchen,0.6216,0.2436,0.3819,0.0388,6,0.0001,0.1897,2.3186,0.6081,0,0.0245,1,5.3333,0.6264,138326.46,138 326 RUB,Косметический
kitchen (358).jpg,kitchen,kitchen,0.5603,0.1466,0.225,0.0435,1,0.0,0.1953,2.3186,0.7383,1,0.0084,0,0.0,0.6479,100550.9,100 551 RUB,Косметический
kitchen (359).jpg,kitchen,wet_bar,0.363,0.1565,0.3818,0.0711,8,0.0,0.1907,2.3186,0.5688,0,0.0179,3,15.9999,0.5165,175067.22,175 067 RUB,Капитальный
kitchen (36).jpeg,kitchen,kitchen,0.5065,0.1824,0.8551,0.1071,6,0.0,0.1982,2.32,0.6399,2,0.0877,1,6.0241,0.4247,175810.46,175 810 RUB,Капитальный
kitchen (36).jpg,kitchen,wet_bar,0.5428,0.1764,1.0,0.0973,5,0.0207,0.1803,2.32,0.675,2,0.0355,4,24.0962,0.3997,179231.03,179 231 RUB,Капитальный
kitchen (360).jpg,kitchen,kitchen,0.3843,0.2182,0.4776,0.0803,3,0.0,0.1959,2.3186,0.4321,1,0.0503,1,5.3333,0.4944,159264.5,159 264 RUB,Косметический
kitchen (361).jpg,kitchen,wet_bar,0.4819,0.2786,1.0,0.1033,14,0.0,0.2021,2.3186,0.4218,0,0.0457,9,47.9997,0.3721,209616.26,209 616 RUB,Капитальный
kitchen (362).jpg,kitchen,wet_bar,0.4855,0.2291,0.7265,0.0863,13,0.0,0.193,2.3186,0.5281,0,0.0097,8,42.6664,0.459,188551.19,188 551 RUB,Капитальный
kitchen (363).jpg,kitchen,wet_bar,0.6205,0.2567,0.7884,0.0953,9,0.0002,0.1954,2.3186,0.5864,2,0.0222,3,15.9999,0.4927,190992.0,190 992 RUB,Капитальный
kitchen (364).jpg,kitchen,kitchen,0.5785,0.2967,0.521,0.0578,9,0.0073,0.2106,2.3186,0.4872,2,0.0239,3,15.9999,0.5643,189416.4,189 416 RUB,Капитальный
kitchen (365).jpg,kitchen,wet_bar,0.6723,0.3568,0.3189,0.0341,2,0.0,0.1486,2.3186,0.4693,1,0.0295,0,0.0,0.6664,116192.91,116 193 RUB,Косметический
kitchen (366).jpg,kitchen,wet_bar,0.3396,0.2526,0.575,0.0736,6,0.0007,0.202,2.3186,0.2563,1,0.039,2,10.6666,0.4487,188045.97,188 046 RUB,Капитальный
kitchen (367).jpg,kitchen,kitchen,0.6509,0.3479,0.471,0.0553,8,0.0,0.1591,2.3186,0.4656,1,0.0252,1,5.3333,0.608,154002.54,154 003 RUB,Косметический
kitchen (368).jpg,kitchen,wet_bar,0.6506,0.1619,0.4183,0.0623,7,0.0006,0.1668,2.3186,0.7512,0,0.0285,2,10.6666,0.6224,151768.42,151 768 RUB,Косметический
kitchen (369).jpg,kitchen,wet_bar,0.5125,0.2871,1.0,0.1148,8,0.0012,0.1944,2.3186,0.4397,1,0.0753,5,26.6665,0.3822,204896.94,204 897 RUB,Капитальный
kitchen (37).jpeg,kitchen,utility_room,0.4509,0.2237,1.0,0.083,16,0.0057,0.215,2.3303,0.5039,1,0.0643,14,75.0666,0.3643,222592.71,222 593 RUB,Капитальный
kitchen (37).jpg,kitchen,kitchen,0.583,0.1926,1.0,0.127,7,0.002,0.2144,2.33,0.6697,0,0.0893,3,18.0179,0.408,185424.99,185 425 RUB,Капитальный
kitchen (370).jpg,kitchen,kitchen,0.3921,0.2141,0.689,0.125,7,0.0,0.2044,2.3186,0.4538,1,0.0673,1,5.3333,0.4251,170060.41,170 060 RUB,Капитальный
kitchen (371).jpg,kitchen,kitchen,0.5614,0.3317,0.9437,0.067,10,0.001,0.1907,2.3186,0.4092,1,0.0834,2,10.6666,0.4281,200768.11,200 768 RUB,Капитальный
kitchen (372).jpg,kitchen,wet_bar,0.4966,0.2981,0.6591,0.0808,5,0.0,0.1999,2.3186,0.3997,1,0.0282,1,5.3333,0.4847,155772.52,155 773 RUB,Косметический
kitchen (373).jpg,kitchen,reception,0.5117,0.2549,0.7778,0.0914,4,0.0006,0.1868,2.3186,0.5019,0,0.0453,1,5.3333,0.4531,148445.29,148 445 RUB,Косметический
kitchen (374).jpg,kitchen,wet_bar,0.6941,0.3018,0.4318,0.0539,6,0.0001,0.1581,2.3186,0.5652,0,0.0077,4,21.3332,0.6373,170197.06,170 197 RUB,Капитальный
kitchen (375).jpg,kitchen,kitchen,0.4578,0.223,0.5222,0.0777,7,0.0001,0.2148,2.3186,0.5128,2,0.0286,1,5.3333,0.5109,161682.35,161 682 RUB,Косметический
kitchen (376).jpg,kitchen,kitchen,0.5244,0.2084,1.0,0.1171,15,0.0007,0.1887,2.3186,0.6026,0,0.0461,10,53.333,0.3864,204491.3,204 491 RUB,Капитальный
kitchen (377).jpg,kitchen,kitchen,0.6227,0.232,1.0,0.1136,11,0.0015,0.1903,2.3186,0.6273,1,0.0489,9,47.9997,0.4265,204200.05,204 200 RUB,Капитальный
kitchen (378).jpg,kitchen,wet_bar,0.5519,0.2741,1.0,0.1349,11,0.0004,0.1921,2.3186,0.5033,1,0.0473,8,42.6664,0.3938,210066.17,210 066 RUB,Капитальный
kitchen (379).jpg,kitchen,kitchen,0.3948,0.1991,0.8686,0.1029,11,0.0039,0.2076,2.3186,0.4957,0,0.0571,7,37.3331,0.3772,203031.94,203 032 RUB,Капитальный
kitchen (38).jpeg,kitchen,utility_room,0.4348,0.1973,0.5541,0.0527,2,0.0,0.1976,2.3186,0.5462,1,0.0131,0,0.0,0.4971,121803.03,121 803 RUB,Косметический
kitchen (38).jpg,kitchen,kitchen,0.5352,0.1961,1.0,0.0743,5,0.0049,0.1835,2.3186,0.6336,2,0.0556,1,5.3333,0.3997,157194.4,157 194 RUB,Косметический
kitchen (380).jpg,kitchen,kitchen,0.6441,0.2057,0.3866,0.0521,4,0.0,0.1709,2.3186,0.6806,1,0.0238,1,5.3333,0.6313,134418.42,134 418 RUB,Косметический
kitchen (381).jpg,kitchen,kitchen,0.6113,0.2413,1.0,0.0996,7,0.0155,0.2156,2.3186,0.6052,2,0.0571,0,0.0,0.4262,147353.62,147 354 RUB,Косметический
kitchen (382).jpg,kitchen,kitchen,0.5679,0.1843,0.1665,0.0389,6,0.0001,0.2065,2.3186,0.6755,3,0.0055,3,15.9999,0.6694,176594.82,176 595 RUB,Капитальный
kitchen (383).jpg,kitchen,kitchen,0.5344,0.2297,0.4076,0.0907,3,0.0026,0.1873,2.3186,0.5702,2,0.0282,1,5.3333,0.5736,149400.7,149 401 RUB,Косметический
kitchen (384).jpg,kitchen,wet_bar,0.4888,0.2533,0.682,0.0484,6,0.0,0.174,2.3186,0.4818,0,0.0323,1,5.3333,0.4812,148179.67,148 180 RUB,Косметический
kitchen (385).jpg,kitchen,television_room,0.349,0.2296,0.5597,0.071,10,0.0005,0.2037,2.3186,0.3422,0,0.0735,3,15.9999,0.4575,203738.87,203 739 RUB,Капитальный
kitchen (386).jpg,kitchen,kitchen,0.4366,0.1866,0.5758,0.0704,8,0.0001,0.1775,2.3186,0.5726,0,0.0531,0,0.0,0.4878,130809.21,130 809 RUB,Косметический
kitchen (387).jpg,kitchen,wet_bar,0.5965,0.1165,0.1529,0.0359,1,0.0,0.1449,2.3186,0.8047,1,0.0037,0,0.0,0.6855,91882.23,91 882 RUB,Косметический
kitchen (388).jpg,kitchen,utility_room,0.4253,0.1781,0.2075,0.0338,4,0.0,0.1928,2.3186,0.5814,0,0.0332,1,5.3333,0.6011,138505.55,138 506 RUB,Косметический
kitchen (389).jpg,kitchen,kitchen,0.4949,0.3018,0.9434,0.0907,5,0.0001,0.1707,2.3186,0.3901,1,0.0948,1,5.3333,0.3968,178177.08,178 177 RUB,Капитальный
kitchen (39).jpeg,kitchen,kitchen,0.4059,0.2163,1.0,0.1167,9,0.0002,0.1984,2.33,0.467,1,0.0862,1,6.006,0.339,181897.81,181 898 RUB,Капитальный
kitchen (39).jpg,kitchen,wet_bar,0.4021,0.2168,0.9978,0.1358,3,0.0,0.172,2.33,0.4609,0,0.0409,0,0.0,0.3344,125113.07,125 113 RUB,Косметический
kitchen (390).jpg,kitchen,kitchen,0.355,0.2616,0.8678,0.0606,9,0.001,0.1741,2.3186,0.2631,0,0.0249,3,15.9999,0.3697,194554.87,194 555 RUB,Капитальный
kitchen (391).jpg,kitchen,kitchen,0.4939,0.1841,0.7509,0.1278,9,0.0008,0.1918,2.3186,0.6272,0,0.0705,2,10.6666,0.4468,172791.5,172 792 RUB,Капитальный
kitchen (392).jpg,kitchen,kitchen,0.5789,0.2588,0.6894,0.0898,6,0.0003,0.1799,2.3186,0.5529,1,0.045,2,10.6666,0.5068,173749.05,173 749 RUB,Капитальный
kitchen (393).jpg,kitchen,wet_bar,0.3181,0.1309,0.2477,0.0414,6,0.0,0.1533,2.3186,0.5885,0,0.0584,4,21.3332,0.5447,178648.39,178 648 RUB,Капитальный
kitchen (394).jpg,kitchen,kitchen,0.4383,0.1849,0.348,0.049,4,0.0007,0.1737,2.3186,0.5781,0,0.0363,1,5.3333,0.5612,134953.77,134 954 RUB,Косметический
kitchen (395).jpg,kitchen,wet_bar,0.4974,0.2752,0.5827,0.0514,6,0.0,0.1894,2.3186,0.4467,2,0.0194,3,15.9999,0.5138,191237.88,191 238 RUB,Капитальный
kitchen (396).jpg,kitchen,kitchen,0.5146,0.2164,0.574,0.0812,7,0.0,0.1961,2.3186,0.5794,0,0.0101,3,15.9999,0.5174,167810.74,167 811 RUB,Косметический
kitchen (397).jpg,kitchen,kitchen,0.4703,0.2261,0.4539,0.0667,8,0.0,0.1947,2.3186,0.5192,0,0.004,2,10.6666,0.5386,164362.13,164 362 RUB,Косметический
kitchen (398).jpg,kitchen,kitchen,0.3949,0.1822,0.5814,0.0995,6,0.0161,0.2122,2.3186,0.5386,0,0.0811,4,21.3332,0.4653,187856.3,187 856 RUB,Капитальный
kitchen (399).jpg,kitchen,kitchen,0.4145,0.2107,0.5611,0.0878,4,0.0002,0.2059,2.3186,0.4917,0,0.0467,2,10.6666,0.4799,171861.48,171 861 RUB,Капитальный
kitchen (4).jpeg,kitchen,kitchen,0.4537,0.1346,1.0,0.0903,5,0.0,0.1888,2.3186,0.7033,0,0.042,1,5.3333,0.3634,141389.82,141 390 RUB,Косметический
kitchen (4).jpg,kitchen,wet_bar,0.3919,0.2287,0.6593,0.0725,7,0.0,0.1864,2.3186,0.4166,0,0.0387,0,0.0,0.4445,135480.28,135 480 RUB,Косметический
kitchen (40).jpeg,kitchen,wet_bar,0.5475,0.1989,1.0,0.0863,5,0.0,0.1992,2.33,0.6367,1,0.0437,1,6.006,0.4018,152460.1,152 460 RUB,Косметический
kitchen (40).jpg,kitchen,kitchen,0.502,0.2345,0.6124,0.0725,13,0.0003,0.2034,2.32,0.5328,0,0.0717,4,24.0962,0.5026,198775.9,198 776 RUB,Капитальный
kitchen (400).jpg,kitchen,dining_room,0.6856,0.3105,1.0,0.0891,12,0.0001,0.1874,2.3186,0.5472,3,0.0766,6,31.9998,0.4564,217546.51,217 547 RUB,Капитальный
kitchen (401).jpg,kitchen,kitchen,0.4253,0.1845,0.4626,0.0721,4,0.0012,0.2112,2.3186,0.5663,0,0.0567,0,0.0,0.517,125891.29,125 891 RUB,Косметический
kitchen (402).jpg,kitchen,kitchen,0.6207,0.2403,1.0,0.0911,6,0.0,0.208,2.3186,0.6128,1,0.0389,2,10.6666,0.4301,173867.19,173 867 RUB,Капитальный
kitchen (403).jpg,kitchen,kitchen,0.3911,0.2254,0.6468,0.081,9,0.0004,0.1859,2.3186,0.4237,1,0.0555,4,21.3332,0.4462,197415.85,197 416 RUB,Капитальный
kitchen (404).jpg,kitchen,kitchen,0.503,0.3044,1.0,0.1222,8,0.0001,0.2116,2.3186,0.3948,0,0.1029,1,5.3333,0.3768,182296.3,182 296 RUB,Капитальный
kitchen (405).jpg,kitchen,kitchen,0.6219,0.224,1.0,0.0847,6,0.0016,0.1749,2.3186,0.6398,3,0.0725,2,10.6666,0.432,195258.11,195 258 RUB,Капитальный
kitchen (406).jpg,kitchen,kitchen,0.5075,0.258,0.7958,0.0569,4,0.0,0.1952,2.3186,0.4916,1,0.0283,1,5.3333,0.4529,152366.19,152 366 RUB,Косметический
kitchen (407).jpg,kitchen,kitchen,0.3764,0.2674,0.7867,0.0814,14,0.01,0.1929,2.3186,0.2896,1,0.0337,7,37.3331,0.3993,225482.69,225 483 RUB,Капитальный
kitchen (408).jpg,kitchen,kitchen,0.4165,0.279,1.0,0.1033,12,0.0199,0.2093,2.3186,0.3302,1,0.0537,3,15.9999,0.3479,213977.48,213 977 RUB,Капитальный
kitchen (409).jpg,kitchen,wet_bar,0.6255,0.2759,0.6654,0.0728,10,0.0,0.2023,2.3186,0.5589,2,0.0296,3,15.9999,0.536,192408.65,192 409 RUB,Капитальный
kitchen (41).jpeg,kitchen,kitchen,0.4164,0.1877,0.4812,0.0694,7,0.0006,0.1964,2.3186,0.5493,1,0.0527,4,21.3332,0.5084,188317.22,188 317 RUB,Капитальный
kitchen (41).jpg,kitchen,wet_bar,0.4061,0.1494,0.3622,0.0929,3,0.0003,0.2027,2.3186,0.632,0,0.0552,1,5.3333,0.5352,147887.32,147 887 RUB,Косметический
kitchen (410).jpg,kitchen,wet_bar,0.4482,0.1722,0.2882,0.0683,2,0.0,0.1986,2.3186,0.6158,0,0.0136,0,0.0,0.5791,103735.4,103 735 RUB,Косметический
kitchen (411).jpg,kitchen,kitchen,0.4138,0.2367,0.4719,0.077,9,0.0003,0.2182,2.3186,0.4281,1,0.0608,1,5.3333,0.5086,164949.35,164 949 RUB,Косметический
kitchen (412).jpg,kitchen,kitchen,0.4822,0.1996,0.7468,0.0668,7,0.0007,0.1837,2.3186,0.586,1,0.0641,0,0.0,0.4555,139670.65,139 671 RUB,Косметический
kitchen (413).jpg,kitchen,wet_bar,0.5705,0.1494,0.1705,0.0379,3,0.0,0.1681,2.3186,0.7381,0,0.0057,1,5.3333,0.6695,122822.16,122 822 RUB,Косметический
kitchen (414).jpg,kitchen,kitchen,0.3052,0.3233,1.0,0.073,8,0.0001,0.1522,2.3186,0.0,0,0.0581,4,21.3332,0.3075,217511.47,217 511 RUB,Капитальный
kitchen (415).jpg,kitchen,kitchen,0.5505,0.2277,0.7141,0.069,10,0.0002,0.2102,2.3186,0.5863,3,0.0813,4,21.3332,0.4922,213827.18,213 827 RUB,Капитальный
kitchen (416).jpg,kitchen,kitchen,0.6293,0.2155,0.9906,0.0907,2,0.003,0.1774,2.3186,0.6575,0,0.0737,1,5.3333,0.4367,149415.73,149 416 RUB,Косметический
kitchen (417).jpg,kitchen,kitchen,0.3829,0.1659,0.6578,0.0802,8,0.0026,0.2024,2.3186,0.5668,0,0.0693,3,15.9999,0.4401,184246.02,184 246 RUB,Капитальный
kitchen (418).jpg,kitchen,wet_bar,0.6011,0.2623,0.6057,0.0579,4,0.0,0.1817,2.3186,0.5636,1,0.0115,0,0.0,0.5472,125078.41,125 078 RUB,Косметический
kitchen (419).jpg,kitchen,wet_bar,0.4247,0.2344,0.2172,0.0404,3,0.0,0.185,2.3186,0.4482,1,0.0405,1,5.3333,0.5967,146532.11,146 532 RUB,Косметический
kitchen (42).jpeg,kitchen,kitchen,0.4891,0.2653,0.5902,0.128,3,0.0008,0.1995,2.3333,0.4576,2,0.0509,1,6.0241,0.4931,166192.11,166 192 RUB,Косметический
kitchen (42).jpg,kitchen,kitchen,0.4306,0.1831,0.7173,0.0573,7,0.0,0.1799,2.3186,0.5747,0,0.0678,3,15.9999,0.4456,179152.92,179 153 RUB,Капитальный
kitchen (420).jpg,kitchen,utility_room,0.5057,0.2619,0.8454,0.0679,9,0.0,0.1953,2.3186,0.4822,3,0.0442,0,0.0,0.4351,168437.28,168 437 RUB,Косметический
kitchen (421).jpg,kitchen,wet_bar,0.3679,0.2263,0.7931,0.0783,13,0.0003,0.1984,2.3186,0.3849,1,0.0498,7,37.3331,0.3936,223007.78,223 008 RUB,Капитальный
kitchen (422).jpg,kitchen,wet_bar,0.7289,0.2202,0.7365,0.0784,3,0.0,0.1913,2.3186,0.6979,1,0.0198,2,10.6666,0.5549,154225.68,154 226 RUB,Косметический
kitchen (423).jpg,kitchen,kitchen,0.6842,0.2583,1.0,0.0787,3,0.0,0.175,2.3186,0.6224,2,0.0502,2,10.6666,0.4579,175445.35,175 445 RUB,Капитальный
kitchen (424).jpg,kitchen,kitchen,0.6773,0.3328,0.9458,0.0783,6,0.0009,0.1675,2.3186,0.5087,2,0.0627,1,5.3333,0.4716,173687.96,173 688 RUB,Капитальный
kitchen (425).jpg,kitchen,kitchen,0.49,0.2289,0.889,0.1045,2,0.0,0.198,2.3186,0.5329,1,0.0462,0,0.0,0.4084,124615.36,124 615 RUB,Косметический
kitchen (426).jpg,kitchen,kitchen,0.6838,0.1925,1.0,0.1354,7,0.0018,0.2025,2.3186,0.7184,4,0.0168,2,10.6666,0.4466,189384.53,189 385 RUB,Капитальный
kitchen (427).jpg,kitchen,kitchen,0.5915,0.2072,0.6856,0.0713,10,0.0,0.2072,2.3186,0.6497,2,0.0161,2,10.6666,0.5167,182172.91,182 173 RUB,Капитальный
kitchen (428).jpg,kitchen,kitchen,0.4253,0.271,0.6847,0.0598,7,0.0,0.1927,2.3186,0.3629,0,0.0561,1,5.3333,0.4528,165159.01,165 159 RUB,Косметический
kitchen (429).jpg,kitchen,kitchen,0.551,0.2525,1.0,0.1335,2,0.0003,0.2015,2.3186,0.5417,1,0.0585,1,5.3333,0.3937,152873.93,152 874 RUB,Косметический
kitchen (43).jpeg,kitchen,kitchen,0.5059,0.2123,0.8113,0.0797,3,0.0,0.1725,2.3186,0.5805,1,0.0241,0,0.0,0.443,125015.78,125 016 RUB,Косметический
kitchen (43).jpg,kitchen,kitchen,0.3565,0.1856,0.522,0.0718,10,0.0,0.1728,2.33,0.4794,1,0.048,0,0.0,0.4717,142821.4,142 821 RUB,Косметический
kitchen (430).jpg,kitchen,kitchen,0.5889,0.206,0.5258,0.0799,5,0.0,0.1863,2.3186,0.6502,0,0.0062,2,10.6666,0.5618,152765.44,152 765 RUB,Косметический
kitchen (431).jpg,kitchen,kitchen,0.4493,0.1867,0.8749,0.1041,14,0.0037,0.2063,2.3186,0.5844,0,0.0584,4,21.3332,0.3968,192595.16,192 595 RUB,Капитальный
kitchen (432).jpg,kitchen,wet_bar,0.5195,0.3051,1.0,0.0952,6,0.0001,0.1833,2.3186,0.4127,2,0.076,3,15.9999,0.3888,205872.53,205 873 RUB,Капитальный
kitchen (433).jpg,kitchen,reception,0.5188,0.2222,0.7085,0.0526,4,0.0007,0.1872,2.3186,0.5718,0,0.0205,1,5.3333,0.4845,132651.24,132 651 RUB,Косметический
kitchen (434).jpg,kitchen,kitchen,0.5798,0.2518,1.0,0.1004,13,0.0003,0.1877,2.3186,0.5658,1,0.053,3,15.9999,0.4119,199739.03,199 739 RUB,Капитальный
kitchen (435).jpg,kitchen,kitchen,0.6091,0.2462,1.0,0.1132,5,0.0002,0.211,2.3186,0.5958,4,0.0436,1,5.3333,0.421,175120.39,175 120 RUB,Капитальный
kitchen (436).jpg,kitchen,wet_bar,0.4398,0.2593,1.0,0.0962,13,0.0015,0.2073,2.3186,0.4104,0,0.0816,9,47.9997,0.3568,220278.79,220 279 RUB,Капитальный
kitchen (437).jpg,kitchen,kitchen,0.45,0.1895,0.8775,0.0986,12,0.0002,0.1875,2.3186,0.5788,0,0.0286,1,5.3333,0.397,146086.49,146 086 RUB,Косметический
kitchen (438).jpg,kitchen,kitchen,0.519,0.2979,0.7521,0.0809,5,0.0,0.2136,2.3186,0.4261,1,0.0623,1,5.3333,0.4658,162703.23,162 703 RUB,Косметический
kitchen (439).jpg,kitchen,kitchen,0.6752,0.186,0.7283,0.0879,12,0.0128,0.1709,2.3186,0.7245,1,0.022,7,37.3331,0.5353,184163.9,184 164 RUB,Капитальный
kitchen (44).jpeg,kitchen,kitchen,0.521,0.1955,0.758,0.058,15,0.0214,0.1977,2.3333,0.6247,1,0.0331,3,15.9574,0.4715,181414.17,181 414 RUB,Капитальный
kitchen (44).jpg,kitchen,utility_room,0.4541,0.21,1.0,0.0929,2,0.0005,0.2026,2.3333,0.5377,0,0.0331,0,0.0,0.3631,119481.22,119 481 RUB,Косметический
kitchen (440).jpg,kitchen,kitchen,0.6556,0.2072,0.6329,0.0847,11,0.0003,0.171,2.3186,0.6839,1,0.0165,9,47.9997,0.5554,187441.4,187 441 RUB,Капитальный
kitchen (441).jpg,kitchen,kitchen,0.583,0.2284,0.6426,0.0843,7,0.0011,0.213,2.3186,0.6083,2,0.0177,1,5.3333,0.5237,155830.22,155 830 RUB,Косметический
kitchen (442).jpg,kitchen,kitchen,0.6318,0.2468,0.4478,0.0757,4,0.0004,0.1887,2.3186,0.6094,0,0.0031,2,10.6666,0.6033,152090.95,152 091 RUB,Косметический
kitchen (443).jpg,kitchen,kitchen,0.5061,0.2272,0.8403,0.1165,11,0.001,0.2113,2.3186,0.5511,0,0.0309,8,42.6664,0.4271,195177.76,195 178 RUB,Капитальный
kitchen (444).jpg,kitchen,kitchen,0.5488,0.2954,1.0,0.0963,14,0.0003,0.2128,2.3186,0.4616,1,0.0638,8,42.6664,0.4003,218966.77,218 967 RUB,Капитальный
kitchen (446).jpg,kitchen,wet_bar,0.5924,0.2498,0.8408,0.0723,7,0.0,0.207,2.3186,0.5783,1,0.0414,0,0.0,0.4703,136082.91,136 083 RUB,Косметический
kitchen (447).jpg,kitchen,kitchen,0.4476,0.1868,0.2989,0.0433,5,0.0,0.2032,2.3186,0.5828,0,0.0233,2,10.6666,0.5807,151621.42,151 621 RUB,Косметический
kitchen (448).jpg,kitchen,kitchen,0.5113,0.2547,1.0,0.1365,7,0.0166,0.2033,2.3186,0.502,1,0.0594,1,5.3333,0.3789,162807.07,162 807 RUB,Косметический
kitchen (449).jpg,kitchen,utility_room,0.4743,0.1923,0.6209,0.0847,7,0.0273,0.2168,2.3186,0.5944,1,0.0392,1,5.3333,0.4892,148739.3,148 739 RUB,Косметический
kitchen (45).jpeg,kitchen,kitchen,0.3285,0.2006,1.0,0.1707,10,0.0172,0.2042,2.3222,0.3895,2,0.0952,3,20.0668,0.299,220424.31,220 424 RUB,Капитальный
kitchen (45).jpg,kitchen,kitchen,0.454,0.226,1.0,0.0892,7,0.0,0.1907,2.31,0.5022,1,0.0727,4,24.169,0.3637,200854.66,200 855 RUB,Капитальный
kitchen (450).jpg,kitchen,wet_bar,0.4036,0.2738,0.2862,0.0463,7,0.0001,0.1876,2.3186,0.3215,2,0.0344,0,0.0,0.5663,146183.36,146 183 RUB,Косметический
kitchen (451).jpg,kitchen,kitchen,0.6658,0.2721,0.513,0.0742,6,0.0016,0.1895,2.3186,0.5913,1,0.0293,1,5.3333,0.5977,149567.32,149 567 RUB,Косметический
kitchen (452).jpg,kitchen,kitchen,0.3892,0.2066,0.5519,0.0942,4,0.0001,0.1972,2.3186,0.4691,0,0.0526,2,10.6666,0.4713,175088.69,175 089 RUB,Капитальный
kitchen (453).jpg,kitchen,kitchen,0.4108,0.2664,0.6452,0.0849,4,0.0,0.196,2.3186,0.3515,1,0.0623,1,5.3333,0.4538,171199.6,171 200 RUB,Капитальный
kitchen (455).jpg,kitchen,kitchen,0.6131,0.2502,0.4588,0.0613,4,0.0,0.1969,2.3186,0.5918,1,0.026,1,5.3333,0.5953,143849.47,143 849 RUB,Косметический
kitchen (456).jpg,kitchen,kitchen,0.6595,0.2837,1.0,0.1392,6,0.0002,0.2022,2.3186,0.5699,1,0.0792,1,5.3333,0.436,172612.87,172 613 RUB,Капитальный
kitchen (457).jpg,kitchen,galley,0.4794,0.267,0.4818,0.0666,11,0.0004,0.2228,2.3186,0.443,3,0.0366,7,37.3331,0.5339,211865.38,211 865 RUB,Капитальный
kitchen (459).jpg,kitchen,kitchen,0.5088,0.2825,1.0,0.1051,8,0.0007,0.2073,2.3186,0.4447,0,0.0315,1,5.3333,0.3826,156280.26,156 280 RUB,Косметический
kitchen (46).jpeg,kitchen,wet_bar,0.4071,0.1996,1.0,0.07,2,0.0005,0.1743,2.32,0.5098,0,0.0441,0,0.0,0.3489,121555.0,121 555 RUB,Косметический
kitchen (46).jpg,kitchen,dining_room,0.2554,0.2235,1.0,0.115,16,0.0231,0.1797,2.3333,0.1248,0,0.0518,11,78.2913,0.2815,239015.23,239 015 RUB,Капитальный
kitchen (460).jpg,kitchen,kitchen,0.283,0.2121,0.3642,0.0663,4,0.0001,0.1842,2.3186,0.2505,2,0.0171,2,10.6666,0.4907,193983.57,193 984 RUB,Капитальный
kitchen (461).jpg,kitchen,kitchen,0.3334,0.2578,0.5536,0.0574,7,0.0,0.1757,2.3186,0.2267,3,0.0738,1,5.3333,0.4558,208081.12,208 081 RUB,Капитальный
kitchen (462).jpg,kitchen,kitchen,0.4784,0.3316,0.7138,0.074,13,0.0003,0.1502,2.3186,0.3068,0,0.0255,1,5.3333,0.4624,157839.65,157 840 RUB,Косметический
kitchen (463).jpg,kitchen,wet_bar,0.5267,0.257,1.0,0.1062,4,0.0,0.1976,2.3186,0.5121,0,0.034,0,0.0,0.3895,129235.26,129 235 RUB,Косметический
kitchen (464).jpg,kitchen,kitchen,0.5587,0.2217,1.0,0.1388,17,0.0003,0.18,2.3186,0.6032,0,0.0742,1,5.3333,0.3958,168160.2,168 160 RUB,Косметический
kitchen (465).jpg,kitchen,kitchen,0.5366,0.302,1.0,0.1243,6,0.0003,0.2075,2.3186,0.4372,0,0.0585,2,10.6666,0.3898,181333.04,181 333 RUB,Капитальный
kitchen (466).jpg,kitchen,dining_hall,0.5592,0.2863,1.0,0.1181,10,0.0,0.2001,2.3186,0.488,2,0.0611,8,42.6664,0.4001,215906.28,215 906 RUB,Капитальный
kitchen (467).jpg,kitchen,wet_bar,0.4073,0.2289,0.3697,0.0584,2,0.0,0.1776,2.3186,0.438,0,0.0198,0,0.0,0.5403,116270.29,116 270 RUB,Косметический
kitchen (468).jpg,kitchen,kitchen,0.5757,0.2259,0.7836,0.0859,6,0.0004,0.1739,2.3186,0.6076,0,0.0326,1,5.3333,0.478,139764.04,139 764 RUB,Косметический
kitchen (469).jpg,kitchen,kitchen,0.6038,0.2752,0.9296,0.1036,9,0.0004,0.1769,2.3186,0.5441,3,0.0717,7,37.3331,0.4419,213625.87,213 626 RUB,Капитальный
kitchen (47).jpeg,kitchen,kitchen,0.5905,0.1847,1.0,0.0948,7,0.0013,0.2058,2.33,0.6872,5,0.0254,2,12.0119,0.4174,199445.41,199 445 RUB,Капитальный
kitchen (47).jpg,kitchen,wet_bar,0.3998,0.1471,0.5797,0.0773,4,0.0001,0.2007,2.3186,0.6321,0,0.034,0,0.0,0.4706,113917.59,113 918 RUB,Косметический
kitchen (470).jpg,kitchen,kitchen,0.6378,0.2037,0.6977,0.1048,8,0.0,0.1948,2.3186,0.6805,2,0.0142,1,5.3333,0.5248,153365.21,153 365 RUB,Косметический
kitchen (471).jpg,kitchen,kitchen,0.6247,0.2805,1.0,0.1173,27,0.0005,0.1919,2.3186,0.551,1,0.0431,18,95.9995,0.4265,226452.42,226 452 RUB,Капитальный
kitchen (472).jpg,kitchen,kitchen,0.4663,0.2739,0.9282,0.0868,8,0.0002,0.195,2.3186,0.4126,0,0.0406,5,26.6665,0.3907,189492.02,189 492 RUB,Капитальный
kitchen (473).jpg,kitchen,kitchen,0.5775,0.2164,0.6429,0.0831,5,0.0003,0.1865,2.3186,0.6254,0,0.0101,1,5.3333,0.5215,132455.98,132 456 RUB,Косметический
kitchen (475).jpg,kitchen,kitchen,0.5513,0.2966,1.0,0.1249,8,0.0,0.192,2.3186,0.462,0,0.0705,2,10.6666,0.3955,182486.11,182 486 RUB,Капитальный
kitchen (476).jpg,kitchen,kitchen,0.6677,0.1553,0.4074,0.0757,3,0.0061,0.1703,2.3186,0.7675,0,0.0089,1,5.3333,0.6303,116731.49,116 731 RUB,Косметический
kitchen (477).jpg,kitchen,kitchen,0.4922,0.2621,1.0,0.0829,14,0.0,0.1826,2.3186,0.4676,2,0.0846,10,53.333,0.3803,243072.16,243 072 RUB,Капитальный
kitchen (478).jpg,kitchen,dining_room,0.4591,0.23,1.0,0.1149,13,0.0031,0.1976,2.3186,0.499,0,0.0534,9,47.9997,0.361,212101.86,212 102 RUB,Капитальный
kitchen (479).jpg,kitchen,wet_bar,0.6026,0.2345,0.4441,0.0735,7,0.0,0.2188,2.3186,0.6108,2,0.0197,4,21.3332,0.5931,174691.04,174 691 RUB,Капитальный
kitchen (48).jpeg,kitchen,bathroom,0.5894,0.2653,1.0,0.1002,4,0.0,0.1805,2.3186,0.5498,2,0.0214,0,0.0,0.4157,140603.83,140 604 RUB,Косметический
kitchen (48).jpg,kitchen,kitchen,0.4955,0.2007,1.0,0.0789,7,0.0,0.1868,2.33,0.595,1,0.0598,1,6.006,0.3824,163504.6,163 505 RUB,Косметический
kitchen (480).jpg,kitchen,kitchen,0.2265,0.2012,0.3075,0.06,1,0.0,0.1575,2.3186,0.1115,1,0.0177,0,0.0,0.4863,142106.07,142 106 RUB,Косметический
kitchen (481).jpg,kitchen,kitchen,0.5808,0.3267,0.287,0.0638,10,0.0009,0.1987,2.3186,0.4374,0,0.0586,2,10.6666,0.6335,182942.07,182 942 RUB,Капитальный
kitchen (482).jpg,kitchen,wet_bar,0.5957,0.2303,0.3006,0.0388,3,0.0012,0.196,2.3186,0.6134,3,0.0212,0,0.0,0.6405,135538.9,135 539 RUB,Косметический
kitchen (483).jpg,kitchen,kitchen,0.5055,0.2148,0.7767,0.0779,6,0.0023,0.1807,2.3186,0.5752,0,0.0302,3,15.9999,0.4539,169237.59,169 238 RUB,Косметический
kitchen (484).jpg,kitchen,kitchen,0.5809,0.2584,1.0,0.1361,3,0.0,0.1943,2.3186,0.5552,2,0.0205,0,0.0,0.4051,134467.73,134 468 RUB,Косметический
kitchen (485).jpg,kitchen,wet_bar,0.5053,0.268,0.7761,0.1168,13,0.0,0.1927,2.3186,0.4696,0,0.0238,1,5.3333,0.4459,158400.3,158 400 RUB,Косметический
kitchen (486).jpg,kitchen,wet_bar,0.523,0.2087,0.6437,0.0777,5,0.0001,0.1786,2.3186,0.601,0,0.0237,3,15.9999,0.5006,161997.97,161 998 RUB,Косметический
kitchen (487).jpg,kitchen,wet_bar,0.6105,0.2148,1.0,0.1396,8,0.0,0.2221,2.3186,0.6482,1,0.0628,8,42.6664,0.4163,194849.4,194 849 RUB,Капитальный
kitchen (488).jpg,kitchen,wet_bar,0.5213,0.2318,0.6395,0.0822,2,0.0103,0.2048,2.3186,0.5553,0,0.0197,0,0.0,0.5013,110509.01,110 509 RUB,Косметический
kitchen (489).jpg,kitchen,kitchen,0.5409,0.26,1.0,0.111,9,0.0027,0.1996,2.3186,0.5194,1,0.0441,2,10.6666,0.3945,185362.05,185 362 RUB,Капитальный
kitchen (49).jpeg,kitchen,kitchen,0.6313,0.2466,0.8901,0.0893,4,0.0002,0.1772,2.3186,0.6094,2,0.0247,3,15.9999,0.4676,178802.34,178 802 RUB,Капитальный
kitchen (49).jpg,kitchen,kitchen,0.4864,0.2636,1.0,0.1002,7,0.0,0.2114,2.33,0.4581,1,0.0933,6,36.0358,0.3745,209220.5,209 220 RUB,Капитальный
kitchen (490).jpg,kitchen,kitchen,0.523,0.2779,1.0,0.1451,5,0.0033,0.1924,2.3186,0.4687,1,0.0891,2,10.6666,0.3805,181856.83,181 857 RUB,Капитальный
kitchen (491).jpg,kitchen,kitchen,0.4604,0.2463,0.8452,0.0996,12,0.0005,0.2243,2.3186,0.4651,3,0.0473,5,26.6665,0.4107,218391.19,218 391 RUB,Капитальный
kitchen (492).jpg,kitchen,wet_bar,0.5825,0.207,0.3609,0.0633,4,0.0,0.1908,2.3186,0.6447,0,0.0087,0,0.0,0.6121,103660.84,103 661 RUB,Косметический
kitchen (493).jpg,kitchen,wet_bar,0.5965,0.2523,1.0,0.0915,8,0.0036,0.2064,2.3186,0.5771,2,0.0619,5,26.6665,0.4207,198241.05,198 241 RUB,Капитальный
kitchen (494).jpg,kitchen,kitchen,0.5991,0.2147,1.0,0.1345,7,0.004,0.237,2.3186,0.6417,0,0.0581,2,10.6666,0.4131,177790.73,177 791 RUB,Капитальный
kitchen (495).jpg,kitchen,kitchen,0.7017,0.1911,0.9797,0.096,3,0.0,0.1755,2.3186,0.7277,2,0.0138,0,0.0,0.4676,125361.55,125 362 RUB,Косметический
kitchen (496).jpg,kitchen,wet_bar,0.4207,0.2031,0.497,0.0863,8,0.0004,0.1808,2.3186,0.5173,0,0.0391,2,10.6666,0.5019,170409.89,170 410 RUB,Капитальный
kitchen (497).jpg,kitchen,kitchen,0.4649,0.2287,0.8299,0.0673,3,0.0033,0.192,2.3186,0.5082,0,0.0619,1,5.3333,0.4239,146413.84,146 414 RUB,Косметический
kitchen (498).jpg,kitchen,kitchen,0.5307,0.2224,0.4629,0.0711,7,0.0036,0.2011,2.3186,0.581,1,0.06,0,0.0,0.5596,138813.32,138 813 RUB,Косметический
kitchen (499).jpg,kitchen,utility_room,0.4219,0.1897,0.5676,0.0718,5,0.0,0.1905,2.3186,0.5503,0,0.0576,1,5.3333,0.4841,150050.95,150 051 RUB,Косметический
kitchen (5).jpeg,kitchen,wet_bar,0.4026,0.1813,1.0,0.1018,4,0.0004,0.1937,2.3186,0.5497,1,0.0347,1,5.3333,0.3407,152032.48,152 032 RUB,Косметический
kitchen (5).jpg,kitchen,kitchen,0.4724,0.257,1.0,0.0936,14,0.0,0.1918,2.33,0.456,1,0.0652,9,54.0537,0.3702,224948.02,224 948 RUB,Капитальный
kitchen (50).jpeg,kitchen,kitchen,0.3312,0.2184,1.0,0.0861,12,0.0005,0.1799,2.33,0.3404,1,0.0444,3,18.0179,0.3153,213118.39,213 118 RUB,Капитальный
kitchen (50).jpg,kitchen,wet_bar,0.6108,0.2399,1.0,0.105,21,0.0016,0.2018,2.31,0.6071,1,0.1393,16,96.6762,0.4235,242321.69,242 322 RUB,Капитальный
kitchen (500).jpg,kitchen,kitchen,0.4372,0.3052,0.565,0.089,10,0.0003,0.203,2.3186,0.3018,3,0.0373,2,10.6666,0.4876,212312.03,212 312 RUB,Капитальный
kitchen (501).jpg,kitchen,kitchen,0.5922,0.2422,0.6568,0.0732,10,0.0,0.1872,2.3186,0.5911,1,0.034,2,10.6666,0.5252,174739.27,174 739 RUB,Капитальный
kitchen (502).jpg,kitchen,kitchen,0.5879,0.2085,0.4615,0.0646,3,0.0,0.176,2.3186,0.6455,1,0.0066,1,5.3333,0.5838,135805.48,135 805 RUB,Косметический
kitchen (503).jpg,kitchen,garage/indoor,0.6362,0.2239,0.6383,0.0792,2,0.0016,0.1906,2.3186,0.6481,4,0.0247,0,0.0,0.5473,143322.93,143 323 RUB,Косметический
kitchen (504).jpg,kitchen,kitchen,0.4752,0.2507,0.635,0.0753,3,0.0,0.1866,2.3186,0.4723,0,0.0074,2,10.6666,0.4845,152405.31,152 405 RUB,Косметический
kitchen (505).jpg,kitchen,kitchen,0.4968,0.2994,1.0,0.1057,4,0.0,0.2059,2.3186,0.3973,0,0.0532,2,10.6666,0.3776,183166.13,183 166 RUB,Капитальный
kitchen (506).jpg,kitchen,wet_bar,0.4918,0.2522,0.6629,0.0666,6,0.0002,0.1953,2.3186,0.4873,2,0.0617,2,10.6666,0.4846,189915.29,189 915 RUB,Капитальный
kitchen (507).jpg,kitchen,dining_room,0.5648,0.2369,0.5716,0.1092,13,0.0013,0.2109,2.3186,0.5806,2,0.0441,7,37.3331,0.5328,204905.4,204 905 RUB,Капитальный
kitchen (508).jpg,kitchen,wet_bar,0.4274,0.1876,0.3005,0.0474,6,0.0,0.1931,2.3186,0.5612,1,0.0501,1,5.3333,0.5714,157395.99,157 396 RUB,Косметический
kitchen (509).jpg,kitchen,bow_window/indoor,0.513,0.2268,0.1742,0.0474,2,0.0,0.1831,2.3186,0.5579,3,0.0115,1,5.3333,0.6435,142878.63,142 879 RUB,Косметический
kitchen (51).jpeg,kitchen,kitchen,0.4651,0.2092,1.0,0.1669,13,0.0002,0.2194,2.3186,0.5502,0,0.0678,2,10.6666,0.3527,198018.53,198 019 RUB,Капитальный
kitchen (51).jpg,kitchen,kitchen,0.4606,0.253,0.5668,0.1047,14,0.0,0.21,2.3186,0.4507,1,0.0523,3,15.9999,0.4933,203124.23,203 124 RUB,Капитальный
kitchen (510).jpg,kitchen,wet_bar,0.5617,0.2923,0.8486,0.0778,12,0.0004,0.2246,2.3186,0.4795,2,0.0275,9,47.9997,0.4546,207649.0,207 649 RUB,Капитальный
kitchen (511).jpg,kitchen,kitchen,0.3016,0.1411,0.2418,0.0437,9,0.0003,0.1585,2.3186,0.5322,0,0.0589,2,10.6666,0.5394,172576.57,172 577 RUB,Капитальный
kitchen (512).jpg,kitchen,dining_room,0.416,0.199,0.3823,0.0632,10,0.0003,0.1825,2.3186,0.5217,1,0.0355,5,26.6665,0.5391,186113.44,186 113 RUB,Капитальный
kitchen (513).jpg,kitchen,kitchen,0.5536,0.2542,0.5766,0.0783,4,0.0,0.1702,2.3186,0.5408,1,0.0096,1,5.3333,0.5328,142272.04,142 272 RUB,Косметический
kitchen (514).jpg,kitchen,wet_bar,0.4691,0.2469,0.3878,0.0525,8,0.0014,0.2085,2.3186,0.4737,0,0.0452,5,26.6665,0.5609,182161.86,182 162 RUB,Капитальный
kitchen (515).jpg,kitchen,entrance_hall,0.5313,0.2511,0.1346,0.0395,1,0.0,0.1876,2.3186,0.5273,0,0.0326,1,5.3333,0.6642,129076.53,129 077 RUB,Косметический
kitchen (516).jpg,kitchen,wet_bar,0.4674,0.199,0.3025,0.056,4,0.0,0.1946,2.3186,0.5742,0,0.0574,1,5.3333,0.585,147812.15,147 812 RUB,Косметический
kitchen (517).jpg,kitchen,utility_room,0.6512,0.1938,0.4287,0.0606,10,0.0,0.2063,2.3186,0.7024,3,0.0112,2,10.6666,0.6198,184523.27,184 523 RUB,Капитальный
kitchen (518).jpg,kitchen,kitchen,0.6591,0.1967,0.5979,0.0768,3,0.0,0.1889,2.3186,0.7015,0,0.0083,1,5.3333,0.5689,118926.32,118 926 RUB,Косметический
kitchen (519).jpg,kitchen,kitchen,0.6123,0.297,1.0,0.0855,14,0.0012,0.1951,2.3186,0.5149,3,0.0378,9,47.9997,0.4279,223646.04,223 646 RUB,Капитальный
kitchen (52).jpeg,kitchen,utility_room,0.3857,0.2343,1.0,0.0871,7,0.0,0.1831,2.32,0.3924,2,0.0644,1,6.0241,0.3369,187529.93,187 530 RUB,Капитальный
kitchen (52).jpg,kitchen,wet_bar,0.4472,0.1564,1.0,0.1348,12,0.0019,0.1664,2.3069,0.6504,0,0.1029,3,17.964,0.3521,199410.39,199 410 RUB,Капитальный
kitchen (520).jpg,kitchen,kitchen,0.3903,0.2618,0.4255,0.071,7,0.0,0.2069,2.3186,0.3292,3,0.0624,2,10.6666,0.5143,203778.33,203 778 RUB,Капитальный
kitchen (521).jpg,kitchen,kitchen,0.5403,0.2384,1.0,0.1539,17,0.0,0.2149,2.3186,0.5587,1,0.0535,9,47.9997,0.3853,221028.82,221 029 RUB,Капитальный
kitchen (522).jpg,kitchen,wet_bar,0.6661,0.2802,0.3302,0.0539,4,0.0,0.1741,2.3186,0.5794,1,0.0066,2,10.6666,0.6566,157774.58,157 775 RUB,Косметический
kitchen (523).jpg,kitchen,kitchen,0.5976,0.2227,0.6296,0.0743,10,0.0091,0.1889,2.3186,0.6273,1,0.0126,4,21.3332,0.5362,177868.47,177 868 RUB,Капитальный
kitchen (524).jpg,kitchen,wet_bar,0.4874,0.2412,0.4293,0.0512,6,0.0017,0.1753,2.3186,0.5051,1,0.0082,2,10.6666,0.5561,163641.41,163 641 RUB,Косметический
kitchen (525).jpg,kitchen,kitchen,0.4709,0.2166,0.4413,0.0747,3,0.0001,0.2,2.3186,0.5401,1,0.0402,1,5.3333,0.5411,147285.87,147 286 RUB,Косметический
kitchen (526).jpg,kitchen,wet_bar,0.6061,0.2247,0.608,0.0941,11,0.0002,0.1884,2.3186,0.6292,2,0.0367,6,31.9998,0.5412,198846.89,198 847 RUB,Капитальный
kitchen (527).jpg,kitchen,kitchen,0.5019,0.1812,0.3323,0.0637,12,0.0012,0.2037,2.3186,0.6389,3,0.046,7,37.3331,0.5885,207087.36,207 087 RUB,Капитальный
kitchen (528).jpg,kitchen,kitchen,0.4938,0.2274,0.3683,0.0623,2,0.0,0.1702,2.3186,0.5395,0,0.0164,0,0.0,0.5745,107800.07,107 800 RUB,Косметический
kitchen (529).jpg,kitchen,kitchen,0.6599,0.2307,0.7098,0.0755,5,0.0,0.2255,2.3186,0.6504,3,0.0183,3,15.9999,0.5359,181497.97,181 498 RUB,Капитальный
kitchen (53).jpeg,kitchen,utility_room,0.721,0.1668,1.0,0.1089,9,0.0006,0.1612,2.33,0.7686,1,0.0214,3,18.0179,0.4667,177315.4,177 315 RUB,Капитальный
kitchen (53).jpg,kitchen,television_room,0.3405,0.2796,0.5317,0.0591,10,0.0001,0.1635,2.3186,0.1788,1,0.0518,6,31.9998,0.4649,214819.32,214 819 RUB,Капитальный
kitchen (530).jpg,kitchen,kitchen,0.5187,0.2149,0.3414,0.0506,3,0.0,0.2062,2.3186,0.5857,4,0.0169,0,0.0,0.5949,144904.09,144 904 RUB,Косметический
kitchen (531).jpg,kitchen,kitchen,0.4088,0.1976,0.4281,0.0857,8,0.0023,0.1784,2.3186,0.5165,0,0.0389,6,31.9998,0.5182,178256.18,178 256 RUB,Капитальный
kitchen (532).jpg,kitchen,kitchen,0.6591,0.2348,0.8792,0.093,11,0.0001,0.2015,2.3186,0.6438,5,0.029,8,42.6664,0.4813,217614.63,217 615 RUB,Капитальный
kitchen (533).jpg,kitchen,dining_room,0.6721,0.2124,0.5112,0.0721,14,0.0258,0.2035,2.3186,0.684,1,0.011,9,47.9997,0.6036,181184.66,181 185 RUB,Капитальный
kitchen (534).jpg,kitchen,wet_bar,0.4811,0.1655,0.3026,0.0461,18,0.0,0.1746,2.3186,0.656,1,0.0455,2,10.6666,0.5924,179720.2,179 720 RUB,Капитальный
kitchen (535).jpg,kitchen,wet_bar,0.5797,0.1904,0.4602,0.0796,2,0.0,0.1853,2.3186,0.6715,0,0.0045,1,5.3333,0.5779,130036.42,130 036 RUB,Косметический
kitchen (536).jpg,kitchen,kitchen,0.4538,0.1585,0.3236,0.0563,9,0.0017,0.1677,2.3186,0.6507,0,0.0422,0,0.0,0.5733,120443.18,120 443 RUB,Косметический
kitchen (538).jpg,kitchen,kitchen,0.4383,0.2992,1.0,0.1089,10,0.0002,0.195,2.3186,0.3174,2,0.0402,5,26.6665,0.3536,216635.67,216 636 RUB,Капитальный
kitchen (539).jpg,kitchen,kitchen,0.3869,0.1601,0.3303,0.0647,3,0.0023,0.1937,2.3186,0.5861,0,0.0392,2,10.6666,0.5429,157696.57,157 697 RUB,Косметический
kitchen (54).jpeg,kitchen,kitchen,0.4617,0.2358,1.0,0.123,8,0.0026,0.2146,2.3097,0.4892,1,0.0499,3,16.0427,0.3603,195246.95,195 247 RUB,Капитальный
kitchen (54).jpg,kitchen,wet_bar,0.3564,0.2658,1.0,0.082,0,0.0,0.1862,2.3333,0.2544,2,0.0387,0,0.0,0.3262,153990.06,153 990 RUB,Косметический
kitchen (540).jpg,kitchen,wet_bar,0.4813,0.2153,0.3748,0.0565,4,0.0,0.1945,2.3186,0.5526,1,0.0657,1,5.3333,0.5688,158013.15,158 013 RUB,Косметический
kitchen (541).jpg,kitchen,kitchen,0.7553,0.1751,0.7009,0.0941,12,0.0011,0.1657,2.3186,0.7682,2,0.0227,4,21.3332,0.5731,187939.69,187 940 RUB,Капитальный
kitchen (542).jpg,kitchen,kitchen,0.5788,0.2876,0.941,0.0862,7,0.0015,0.1996,2.3186,0.5032,2,0.049,2,10.6666,0.4321,190354.52,190 355 RUB,Капитальный
kitchen (543).jpg,kitchen,kitchen,0.4494,0.2648,0.2916,0.0481,6,0.0,0.2083,2.3186,0.4108,0,0.0705,1,5.3333,0.5826,161637.24,161 637 RUB,Косметический
kitchen (544).jpg,kitchen,kitchen,0.4504,0.1955,0.2094,0.0473,7,0.0003,0.2028,2.3186,0.5659,1,0.0299,0,0.0,0.6079,129607.16,129 607 RUB,Косметический
kitchen (545).jpg,kitchen,kitchen,0.6411,0.2093,0.4382,0.0682,8,0.0,0.1987,2.3186,0.6736,2,0.0192,2,10.6666,0.6113,170554.08,170 554 RUB,Капитальный
kitchen (546).jpg,kitchen,kitchen,0.6225,0.264,0.5878,0.0788,10,0.0106,0.2006,2.3186,0.576,1,0.0202,5,26.6665,0.558,181889.09,181 889 RUB,Капитальный
kitchen (547).jpg,kitchen,kitchen,0.5728,0.2423,0.8085,0.1052,7,0.0081,0.2297,2.3186,0.577,2,0.0174,0,0.0,0.4664,143961.45,143 961 RUB,Косметический
kitchen (548).jpg,kitchen,kitchen,0.6605,0.2034,0.7994,0.1048,7,0.0,0.2129,2.3186,0.692,2,0.0188,6,31.9998,0.5034,184421.44,184 421 RUB,Капитальный
kitchen (549).jpg,kitchen,kitchen,0.5786,0.2308,1.0,0.1478,2,0.0,0.2081,2.3186,0.6011,0,0.0463,1,5.3333,0.4019,143163.13,143 163 RUB,Косметический
kitchen (55).jpeg,kitchen,dining_room,0.3584,0.2344,1.0,0.0828,13,0.0002,0.1858,2.3186,0.3461,1,0.0666,10,53.333,0.3268,233159.11,233 159 RUB,Капитальный
kitchen (55).jpg,kitchen,dining_room,0.5469,0.2286,1.0,0.0877,16,0.0,0.2254,2.3186,0.582,0,0.0839,12,63.9997,0.4012,214295.74,214 296 RUB,Капитальный
kitchen (550).jpg,kitchen,wet_bar,0.6563,0.2108,0.6456,0.109,13,0.0,0.1928,2.3186,0.6788,3,0.0071,5,26.6665,0.5471,196663.48,196 663 RUB,Капитальный
kitchen (551).jpg,kitchen,wet_bar,0.5253,0.2294,0.3596,0.0537,2,0.0,0.2024,2.3186,0.5632,3,0.0444,0,0.0,0.5915,140843.17,140 843 RUB,Косметический
kitchen (552).jpg,kitchen,wet_bar,0.6152,0.2143,0.5038,0.0819,4,0.0001,0.2112,2.3186,0.6517,0,0.0677,1,5.3333,0.5786,147153.19,147 153 RUB,Косметический
kitchen (553).jpg,kitchen,kitchen,0.4119,0.2244,0.6214,0.1187,8,0.0001,0.1972,2.3186,0.4552,2,0.0541,1,5.3333,0.4546,172072.92,172 073 RUB,Капитальный
kitchen (554).jpg,kitchen,kitchen,0.4637,0.298,0.7994,0.0987,9,0.0035,0.2142,2.3186,0.3573,1,0.0281,3,15.9999,0.4262,194303.05,194 303 RUB,Капитальный
kitchen (555).jpg,kitchen,kitchen,0.6176,0.2403,0.6106,0.0844,10,0.0,0.2227,2.3186,0.6109,1,0.0397,2,10.6666,0.547,179912.11,179 912 RUB,Капитальный
kitchen (556).jpg,kitchen,kitchen,0.5218,0.2535,1.0,0.1332,6,0.0,0.1964,2.3186,0.5142,1,0.0236,1,5.3333,0.3821,158566.52,158 567 RUB,Косметический
kitchen (557).jpg,kitchen,kitchen,0.3325,0.2019,0.272,0.0405,9,0.0,0.1643,2.3186,0.3928,1,0.0216,2,10.6666,0.5433,170232.34,170 232 RUB,Капитальный
kitchen (558).jpg,kitchen,kitchen,0.6353,0.2422,0.9154,0.1197,5,0.0006,0.2031,2.3186,0.6188,2,0.0205,2,10.6666,0.4556,178296.2,178 296 RUB,Капитальный
kitchen (559).jpg,kitchen,wet_bar,0.5457,0.193,0.4196,0.0384,2,0.0,0.1748,2.3186,0.6464,0,0.0069,1,5.3333,0.5847,124944.33,124 944 RUB,Косметический
kitchen (56).jpeg,kitchen,kitchen,0.3754,0.2128,1.0,0.1248,20,0.0009,0.2039,2.33,0.4331,0,0.0842,5,30.0298,0.3253,216967.85,216 968 RUB,Капитальный
kitchen (56).jpg,kitchen,kitchen,0.6203,0.1478,1.0,0.0969,5,0.0043,0.1858,2.32,0.7618,3,0.0058,1,6.0241,0.4292,158624.04,158 624 RUB,Косметический
kitchen (560).jpg,kitchen,wet_bar,0.5827,0.2858,0.5591,0.0606,13,0.0001,0.1808,2.3186,0.5096,2,0.0221,9,47.9997,0.5533,209611.24,209 611 RUB,Капитальный
kitchen (561).jpg,kitchen,kitchen,0.5574,0.2534,0.6449,0.0666,11,0.0001,0.2054,2.3186,0.5454,0,0.0314,10,53.333,0.5162,185714.14,185 714 RUB,Капитальный
kitchen (562).jpg,kitchen,kitchen,0.4578,0.2396,0.6636,0.1084,16,0.0001,0.2307,2.3186,0.4767,1,0.0254,3,15.9999,0.4624,204184.89,204 185 RUB,Капитальный
kitchen (563).jpg,kitchen,bow_window/indoor,0.5319,0.2273,0.4955,0.0724,1,0.0,0.2027,2.3186,0.5727,0,0.0088,0,0.0,0.5496,103953.53,103 954 RUB,Косметический
kitchen (564).jpg,kitchen,kitchen,0.5835,0.2598,0.4847,0.0579,7,0.0,0.1911,2.3186,0.5548,1,0.0148,1,5.3333,0.5764,149124.19,149 124 RUB,Косметический
kitchen (565).jpg,kitchen,wet_bar,0.7157,0.3169,0.1709,0.0253,1,0.0,0.1405,2.3186,0.5572,1,0.0158,1,5.3333,0.7299,134511.45,134 511 RUB,Косметический
kitchen (566).jpg,kitchen,kitchen,0.3573,0.2801,0.6523,0.0418,1,0.0001,0.168,2.3186,0.2159,0,0.0137,0,0.0,0.4389,126278.67,126 279 RUB,Косметический
kitchen (567).jpg,kitchen,kitchen,0.6584,0.2279,0.7598,0.1093,5,0.0002,0.2082,2.3186,0.6538,2,0.0215,0,0.0,0.5136,131894.97,131 895 RUB,Косметический
kitchen (568).jpg,kitchen,kitchen,0.485,0.1957,0.6092,0.0971,11,0.0005,0.2262,2.3186,0.5966,0,0.0642,7,37.3331,0.4918,200441.74,200 442 RUB,Капитальный
kitchen (569).jpg,kitchen,kitchen,0.7171,0.1879,0.5473,0.0678,2,0.0,0.1877,2.3186,0.7379,4,0.0086,1,5.3333,0.6091,141451.68,141 452 RUB,Косметический
kitchen (57).jpeg,kitchen,kitchen,0.456,0.2472,1.0,0.1523,32,0.0023,0.2184,2.301,0.458,1,0.096,12,70.5878,0.3522,248742.52,248 743 RUB,Капитальный
kitchen (57).jpg,kitchen,wet_bar,0.4742,0.1925,1.0,0.0709,4,0.0004,0.183,2.3186,0.594,1,0.0333,0,0.0,0.3755,136874.51,136 875 RUB,Косметический
kitchen (570).jpg,kitchen,kitchen,0.3964,0.2073,0.1877,0.037,3,0.0001,0.1751,2.3186,0.4771,0,0.0511,1,5.3333,0.5949,148451.13,148 451 RUB,Косметический
kitchen (571).jpg,kitchen,kitchen,0.606,0.2256,0.7742,0.0835,12,0.0,0.2152,2.32,0.6277,4,0.0429,2,12.0481,0.4935,214201.07,214 201 RUB,Капитальный
kitchen (572).jpg,kitchen,galley,0.6157,0.2469,0.5986,0.0542,8,0.0,0.209,2.3186,0.599,3,0.0186,2,10.6666,0.5559,182674.55,182 675 RUB,Капитальный
kitchen (573).jpg,kitchen,kitchen,0.5672,0.1801,0.7438,0.0973,7,0.0,0.2029,2.3186,0.6825,1,0.0443,5,26.6665,0.4843,183230.49,183 230 RUB,Капитальный
kitchen (574).jpg,kitchen,wet_bar,0.4617,0.2506,1.0,0.0685,3,0.0,0.1838,2.3186,0.4571,0,0.0305,0,0.0,0.371,125528.12,125 528 RUB,Косметический
kitchen (575).jpg,kitchen,kitchen,0.549,0.1632,0.0943,0.0533,6,0.0,0.1904,2.3186,0.7027,2,0.0036,1,5.3333,0.6807,144504.32,144 504 RUB,Косметический
kitchen (576).jpg,kitchen,kitchen,0.5118,0.1895,0.4431,0.0662,10,0.0002,0.1934,2.32,0.6297,1,0.0394,6,36.1444,0.5586,185217.83,185 218 RUB,Капитальный
kitchen (577).jpg,kitchen,kitchen,0.5203,0.2361,0.7195,0.0974,13,0.0,0.2169,2.33,0.5463,0,0.0742,10,60.0597,0.4728,202078.82,202 079 RUB,Капитальный
kitchen (578).jpg,kitchen,wet_bar,0.7926,0.2078,0.2721,0.0375,7,0.0,0.1363,2.3186,0.7378,1,0.0061,0,0.0,0.7279,109922.17,109 922 RUB,Косметический
kitchen (579).jpg,kitchen,kitchen,0.5318,0.2974,1.0,0.1156,6,0.0001,0.1954,2.3186,0.4407,0,0.0513,0,0.0,0.3896,139595.41,139 595 RUB,Косметический
kitchen (58).jpeg,kitchen,kitchen,0.4081,0.2702,0.5243,0.0569,2,0.0,0.1989,2.3186,0.338,0,0.0564,1,5.3333,0.4946,166279.66,166 280 RUB,Косметический
kitchen (58).jpg,kitchen,wet_bar,0.388,0.1622,0.9787,0.088,6,0.0001,0.1729,2.3168,0.5821,0,0.0618,1,5.9701,0.344,152439.79,152 440 RUB,Косметический
kitchen (580).jpg,kitchen,wet_bar,0.4795,0.159,0.1536,0.028,5,0.0001,0.2018,2.3186,0.6684,0,0.0082,1,5.3333,0.6401,129218.18,129 218 RUB,Косметический
kitchen (581).jpg,kitchen,wet_bar,0.3175,0.2263,0.4988,0.0739,6,0.0005,0.1915,2.32,0.2872,1,0.0534,3,18.0722,0.4626,202101.4,202 101 RUB,Капитальный
kitchen (582).jpg,kitchen,wet_bar,0.5616,0.1795,0.3042,0.0489,2,0.0,0.1819,2.3186,0.6804,1,0.0123,1,5.3333,0.6236,135181.77,135 182 RUB,Косметический
kitchen (583).jpg,kitchen,wet_bar,0.4708,0.1864,0.3091,0.0388,6,0.0006,0.1645,2.3186,0.604,1,0.0317,0,0.0,0.5879,127100.57,127 101 RUB,Косметический
kitchen (584).jpg,kitchen,kitchen,0.3174,0.1866,0.4069,0.0621,5,0.0018,0.1955,2.3186,0.4121,0,0.0515,3,15.9999,0.4927,187191.91,187 192 RUB,Капитальный
kitchen (585).jpg,kitchen,kitchen,0.3043,0.2148,1.0,0.0752,5,0.0,0.1814,2.3059,0.2941,0,0.0577,1,7.1174,0.3067,180967.21,180 967 RUB,Капитальный
kitchen (586).jpg,kitchen,wet_bar,0.5325,0.2203,0.7392,0.1147,17,0.0,0.2174,2.3186,0.5864,2,0.0352,7,37.3331,0.4683,209143.59,209 144 RUB,Капитальный
kitchen (587).jpg,kitchen,kitchen,0.552,0.2019,1.0,0.1424,19,0.0018,0.227,2.31,0.6342,2,0.0671,9,54.3803,0.3925,231352.24,231 352 RUB,Капитальный
kitchen (588).jpg,kitchen,kitchen,0.5784,0.2043,1.0,0.103,9,0.0,0.2141,2.33,0.6468,2,0.0423,2,12.0119,0.4108,195112.43,195 112 RUB,Капитальный
kitchen (589).jpg,kitchen,wet_bar,0.4293,0.1485,1.0,0.0818,3,0.0,0.1904,2.3055,0.6541,0,0.0225,1,5.6022,0.3553,135136.13,135 136 RUB,Косметический
kitchen (59).jpeg,kitchen,wet_bar,0.5338,0.2396,1.0,0.0883,10,0.0,0.1835,2.33,0.5512,2,0.0628,2,12.0119,0.3959,201111.83,201 112 RUB,Капитальный
kitchen (59).jpg,kitchen,kitchen,0.4808,0.2653,1.0,0.1125,12,0.0021,0.1931,2.3333,0.4483,2,0.0408,3,15.9999,0.3701,212712.58,212 713 RUB,Капитальный
kitchen (590).jpg,kitchen,wet_bar,0.357,0.2604,0.5957,0.0574,15,0.0001,0.1708,2.3186,0.2706,0,0.0431,7,37.3331,0.4526,214528.56,214 529 RUB,Капитальный
kitchen (591).jpg,kitchen,kitchen,0.4411,0.1858,1.0,0.1272,12,0.0062,0.2114,2.33,0.5788,0,0.1003,7,42.0418,0.3516,212520.62,212 521 RUB,Капитальный
kitchen (592).jpg,kitchen,kitchen,0.4207,0.3054,0.7182,0.0714,5,0.0,0.1727,2.3333,0.2742,2,0.0474,0,0.0,0.4386,154459.36,154 459 RUB,Косметический
kitchen (593).jpg,kitchen,kitchen,0.5585,0.1859,1.0,0.1147,34,0.0016,0.2057,2.33,0.6671,0,0.1315,10,60.0597,0.4006,223003.26,223 003 RUB,Капитальный
kitchen (594).jpg,kitchen,kitchen,0.3881,0.1872,1.0,0.1075,14,0.0027,0.1931,2.3186,0.5176,1,0.0937,5,26.6665,0.334,218912.82,218 913 RUB,Капитальный
kitchen (595).jpg,kitchen,kitchen,0.2182,0.1686,0.1704,0.029,0,0.0697,0.1389,2.3186,0.2272,0,0.035,0,0.0,0.5373,128431.18,128 431 RUB,Косметический
kitchen (596).jpg,kitchen,kitchen,0.4219,0.234,0.5089,0.0746,11,0.0008,0.1479,2.3186,0.4454,0,0.0765,2,10.6666,0.5013,188409.74,188 410 RUB,Капитальный
kitchen (598).jpg,kitchen,kitchen,0.442,0.2196,1.0,0.1093,17,0.001,0.1914,2.3069,0.5031,1,0.0685,6,35.9279,0.355,222091.66,222 092 RUB,Капитальный
kitchen (599).jpg,kitchen,wet_bar,0.5782,0.1341,0.7156,0.0773,2,0.0,0.1863,2.33,0.7682,0,0.0242,0,0.0,0.5011,101283.05,101 283 RUB,Косметический
kitchen (6).jpeg,kitchen,kitchen,0.4786,0.2112,1.0,0.1335,16,0.0002,0.2294,2.3333,0.5586,0,0.0511,3,15.9999,0.3647,197494.64,197 495 RUB,Капитальный
kitchen (6).jpg,kitchen,kitchen,0.5971,0.232,1.0,0.135,5,0.0005,0.2084,2.3186,0.6115,2,0.0358,1,5.3333,0.4119,159223.1,159 223 RUB,Косметический
kitchen (60).jpeg,kitchen,kitchen,0.5589,0.2363,1.0,0.1291,8,0.0001,0.2214,2.3245,0.5773,3,0.0433,1,5.277,0.3978,172300.64,172 301 RUB,Капитальный
kitchen (60).jpg,kitchen,kitchen,0.5228,0.1953,1.0,0.105,6,0.0,0.2096,2.3214,0.6264,2,0.0786,3,16.1289,0.3881,192284.14,192 284 RUB,Капитальный
kitchen (600).jpg,kitchen,dining_room,0.379,0.2784,1.0,0.1443,21,0.1224,0.2074,2.3059,0.2653,4,0.1329,9,64.0565,0.335,261892.31,261 892 RUB,Капитальный
kitchen (601).jpg,kitchen,kitchen,0.4112,0.2656,1.0,0.1019,10,0.0065,0.2078,2.3186,0.3542,1,0.0656,5,26.6665,0.3448,218483.57,218 484 RUB,Капитальный
kitchen (602).jpg,kitchen,wet_bar,0.5391,0.1893,0.2854,0.0554,4,0.0001,0.1671,2.3186,0.6488,0,0.0199,1,5.3333,0.6189,130958.02,130 958 RUB,Косметический
kitchen (603).jpg,kitchen,wet_bar,0.4173,0.2657,1.0,0.0662,1,0.0001,0.203,2.3186,0.3632,1,0.0442,0,0.0,0.3537,137645.11,137 645 RUB,Косметический
kitchen (604).jpg,kitchen,utility_room,0.6036,0.171,1.0,0.1045,5,0.0001,0.2022,2.3301,0.7167,1,0.0587,1,5.8309,0.4205,158315.17,158 315 RUB,Косметический
kitchen (605).jpg,kitchen,wet_bar,0.4991,0.1863,1.0,0.118,11,0.0004,0.2119,2.33,0.6267,1,0.0397,4,24.0239,0.3761,193971.41,193 971 RUB,Капитальный
kitchen (606).jpg,kitchen,kitchen,0.4458,0.2219,1.0,0.0957,6,0.0002,0.2113,2.3186,0.5023,0,0.0491,2,10.6666,0.3592,177722.11,177 722 RUB,Капитальный
kitchen (607).jpg,kitchen,wet_bar,0.4881,0.2716,1.0,0.1558,9,0.0004,0.2163,2.3186,0.4436,0,0.0745,3,15.9999,0.3641,197955.47,197 955 RUB,Капитальный
kitchen (608).jpg,kitchen,kitchen,0.6433,0.254,1.0,0.0962,18,0.0016,0.1709,2.3069,0.6051,3,0.0529,7,41.9159,0.4382,224042.49,224 042 RUB,Капитальный
kitchen (609).jpg,kitchen,kitchen,0.4902,0.1828,0.8633,0.068,3,0.0,0.2012,2.3186,0.6271,0,0.0399,2,10.6666,0.4235,157833.07,157 833 RUB,Косметический
kitchen (61).jpeg,kitchen,kitchen,0.4057,0.1637,0.1693,0.0469,7,0.0,0.1786,2.3186,0.5964,1,0.0127,1,5.3333,0.6021,144378.25,144 378 RUB,Косметический
kitchen (61).jpg,kitchen,wet_bar,0.4746,0.2823,0.4681,0.0686,3,0.0,0.1932,2.3333,0.4052,3,0.0342,1,5.3619,0.5357,162520.02,162 520 RUB,Косметический
kitchen (610).jpg,kitchen,kitchen,0.5797,0.2272,0.6184,0.0874,4,0.0,0.2133,2.31,0.6082,3,0.0425,3,18.1268,0.5289,191135.05,191 135 RUB,Капитальный
kitchen (611).jpg,kitchen,kitchen,0.5092,0.2799,1.0,0.0881,11,0.0,0.1823,2.32,0.4503,3,0.1001,5,30.1203,0.3861,233425.2,233 425 RUB,Капитальный
kitchen (612).jpg,kitchen,kitchen,0.3398,0.273,1.0,0.1027,15,0.0008,0.1962,2.3186,0.1965,2,0.0523,7,37.3331,0.3155,236903.46,236 903 RUB,Капитальный
kitchen (613).jpg,kitchen,kitchen,0.4226,0.2284,1.0,0.1188,10,0.0025,0.2079,2.3107,0.4596,2,0.0481,5,29.3253,0.3455,213781.83,213 782 RUB,Капитальный
kitchen (614).jpg,kitchen,wet_bar,0.4185,0.15,1.0,0.0852,4,0.0,0.1816,2.3333,0.6416,1,0.042,0,0.0,0.3504,130426.64,130 427 RUB,Косметический
kitchen (615).jpg,kitchen,kitchen,0.5807,0.233,1.0,0.1174,8,0.0001,0.1859,2.3168,0.5988,4,0.0882,3,17.9103,0.4088,216046.3,216 046 RUB,Капитальный
kitchen (616).jpg,kitchen,kitchen,0.5154,0.2847,1.0,0.1339,4,0.0,0.2082,2.33,0.4475,1,0.0589,1,6.006,0.3794,167400.26,167 400 RUB,Косметический
kitchen (617).jpg,kitchen,wet_bar,0.5325,0.2103,1.0,0.0967,19,0.002,0.1987,2.3186,0.6052,1,0.0341,7,37.3331,0.3939,209577.41,209 577 RUB,Капитальный
kitchen (618).jpg,kitchen,kitchen,0.4623,0.2263,1.0,0.105,7,0.0,0.196,2.31,0.5105,0,0.0997,1,6.0423,0.3639,181938.07,181 938 RUB,Капитальный
kitchen (619).jpg,kitchen,wet_bar,0.5062,0.282,0.5458,0.0583,3,0.0,0.1983,2.3,0.4429,2,0.058,1,6.0606,0.5271,169473.34,169 473 RUB,Косметический
kitchen (62).jpeg,kitchen,wet_bar,0.4582,0.1696,1.0,0.1109,12,0.0,0.1901,2.33,0.6298,0,0.0612,5,30.0298,0.3611,193609.61,193 610 RUB,Капитальный
kitchen (62).jpg,kitchen,kitchen,0.6769,0.2333,1.0,0.1279,16,0.0001,0.2037,2.33,0.6552,1,0.0687,8,48.0478,0.4452,216312.41,216 312 RUB,Капитальный
kitchen (620).jpg,kitchen,kitchen,0.4528,0.2339,1.0,0.1038,21,0.0117,0.2074,2.32,0.4834,1,0.0745,2,12.0481,0.3615,221324.88,221 325 RUB,Капитальный
kitchen (621).jpg,kitchen,wet_bar,0.6082,0.1723,1.0,0.13,5,0.0006,0.1755,2.33,0.7167,1,0.0403,1,6.006,0.4173,150860.49,150 860 RUB,Косметический
kitchen (622).jpg,kitchen,kitchen,0.5788,0.2216,1.0,0.1353,14,0.003,0.2078,2.3204,0.6171,2,0.0836,8,46.7834,0.4048,230572.39,230 572 RUB,Капитальный
kitchen (623).jpg,kitchen,kitchen,0.4767,0.2897,1.0,0.1052,4,0.0,0.2193,2.33,0.3923,2,0.0539,1,6.006,0.3696,178314.16,178 314 RUB,Капитальный
kitchen (624).jpg,kitchen,kitchen,0.4914,0.269,1.0,0.0787,14,0.0001,0.1846,2.3186,0.4525,0,0.059,1,5.3333,0.3808,169998.35,169 998 RUB,Косметический
kitchen (625).jpg,kitchen,kitchen,0.4813,0.1687,1.0,0.1455,9,0.0005,0.2155,2.31,0.6495,0,0.0705,6,36.2536,0.3635,187907.99,187 908 RUB,Капитальный
kitchen (626).jpg,kitchen,kitchen,0.398,0.2096,1.0,0.0998,18,0.0061,0.204,2.33,0.4734,0,0.0589,9,54.0537,0.3399,218963.39,218 963 RUB,Капитальный
kitchen (627).jpg,kitchen,kitchen,0.3978,0.2341,1.0,0.079,4,0.0001,0.2154,2.3059,0.4114,1,0.0316,2,14.2348,0.3433,190357.95,190 358 RUB,Капитальный
kitchen (628).jpg,kitchen,kitchen,0.4651,0.187,1.0,0.2131,13,0.0001,0.2278,2.31,0.598,1,0.0679,1,6.0423,0.3434,177683.88,177 684 RUB,Капитальный
kitchen (629).jpg,kitchen,kitchen,0.3905,0.2187,1.0,0.1341,4,0.0007,0.2034,2.32,0.4401,0,0.0945,2,12.0481,0.3295,199026.39,199 026 RUB,Капитальный
kitchen (63).jpeg,kitchen,wet_bar,0.5595,0.3288,0.1489,0.034,3,0.0,0.1592,2.3186,0.4123,1,0.0091,0,0.0,0.6723,121640.21,121 640 RUB,Косметический
kitchen (63).jpg,kitchen,kitchen,0.6577,0.2175,1.0,0.1268,13,0.0,0.1772,2.33,0.6693,7,0.0844,4,24.0239,0.4377,238619.51,238 620 RUB,Капитальный
kitchen (630).jpg,kitchen,utility_room,0.4636,0.1777,0.3435,0.0734,4,0.0,0.1893,2.3186,0.6166,2,0.0175,1,5.3333,0.5677,148812.67,148 813 RUB,Косметический
kitchen (631).jpg,kitchen,wet_bar,0.4558,0.2336,0.9367,0.0933,4,0.0,0.1972,2.33,0.4875,2,0.0462,0,0.0,0.3827,150639.25,150 639 RUB,Косметический
kitchen (632).jpg,kitchen,kitchen,0.5578,0.2097,1.0,0.1093,15,0.0001,0.2026,2.32,0.6241,2,0.0772,6,36.1444,0.4013,215707.79,215 708 RUB,Капитальный
kitchen (633).jpg,kitchen,kitchen,0.6486,0.2206,1.0,0.1158,13,0.0014,0.2195,2.3186,0.6599,3,0.0323,6,31.9998,0.4365,210726.67,210 727 RUB,Капитальный
kitchen (634).jpg,kitchen,wet_bar,0.5135,0.2716,0.5391,0.0963,4,0.0002,0.1845,2.3186,0.471,1,0.0509,2,10.6666,0.5244,177279.48,177 279 RUB,Капитальный
kitchen (635).jpg,kitchen,kitchen,0.353,0.2034,0.5585,0.0863,12,0.0002,0.2077,2.3069,0.4236,0,0.0396,7,41.9159,0.4564,195240.37,195 240 RUB,Капитальный
kitchen (636).jpg,kitchen,wet_bar,0.5485,0.1993,0.6747,0.0813,0,0.0,0.1881,2.31,0.6366,0,0.053,0,0.0,0.5007,113967.8,113 968 RUB,Косметический
kitchen (637).jpg,kitchen,kitchen,0.5288,0.1661,1.0,0.1135,9,0.0005,0.1623,2.32,0.686,2,0.0572,3,18.0722,0.3888,194010.82,194 011 RUB,Капитальный
kitchen (638).jpg,kitchen,wet_bar,0.5154,0.1466,1.0,0.068,7,0.0003,0.1685,2.3186,0.7156,0,0.0552,4,21.3332,0.3926,176903.55,176 904 RUB,Капитальный
kitchen (639).jpg,kitchen,kitchen,0.6203,0.1653,1.0,0.1298,24,0.0134,0.2158,2.3069,0.7335,3,0.0258,9,53.8919,0.4235,232181.59,232 182 RUB,Капитальный
kitchen (64).jpeg,kitchen,kitchen,0.4028,0.2514,0.6125,0.0769,7,0.002,0.2225,2.3186,0.376,0,0.0485,1,5.3333,0.4622,162261.31,162 261 RUB,Косметический
kitchen (64).jpg,kitchen,kitchen,0.6071,0.1954,1.0,0.1076,2,0.0,0.1949,2.33,0.6782,1,0.0379,1,6.006,0.4213,148681.26,148 681 RUB,Косметический
kitchen (640).jpg,kitchen,wet_bar,0.4078,0.2147,0.949,0.1056,5,0.0027,0.1944,2.3186,0.4736,0,0.0473,3,15.9999,0.3576,180059.12,180 059 RUB,Капитальный
kitchen (641).jpg,kitchen,kitchen,0.4489,0.2701,1.0,0.1194,16,0.0004,0.2095,2.3186,0.3982,2,0.0612,4,21.3332,0.3557,224877.95,224 878 RUB,Капитальный
kitchen (642).jpg,kitchen,utility_room,0.4271,0.2362,0.6263,0.0788,2,0.0001,0.1813,2.3186,0.447,0,0.0467,1,5.3333,0.4672,144280.07,144 280 RUB,Косметический
kitchen (643).jpg,kitchen,kitchen,0.6229,0.237,1.0,0.0715,4,0.0,0.1979,2.303,0.6195,1,0.0419,0,0.0,0.4348,125463.43,125 463 RUB,Косметический
kitchen (644).jpg,kitchen,wet_bar,0.5842,0.1913,0.3851,0.053,4,0.001,0.2087,2.33,0.6726,1,0.015,0,0.0,0.6077,112743.13,112 743 RUB,Косметический
kitchen (645).jpg,kitchen,kitchen,0.4849,0.2007,1.0,0.1338,15,0.0005,0.21,2.3186,0.586,3,0.0377,0,0.0,0.3673,156821.93,156 822 RUB,Косметический
kitchen (646).jpg,kitchen,wet_bar,0.4749,0.1799,0.6935,0.1165,2,0.0,0.1897,2.32,0.6212,0,0.049,0,0.0,0.4586,120780.85,120 781 RUB,Косметический
kitchen (647).jpg,kitchen,wet_bar,0.7031,0.1836,1.0,0.1013,4,0.0009,0.2158,2.3186,0.7389,4,0.0496,0,0.0,0.461,146714.86,146 715 RUB,Косметический
kitchen (648).jpg,kitchen,wet_bar,0.5794,0.1488,1.0,0.0885,3,0.0002,0.1686,2.33,0.7431,2,0.0453,1,6.006,0.4141,147822.62,147 823 RUB,Косметический
kitchen (649).jpg,kitchen,utility_room,0.5924,0.2017,1.0,0.0688,6,0.0002,0.2042,2.3196,0.6594,2,0.0587,3,18.6334,0.4232,189094.72,189 095 RUB,Капитальный
kitchen (65).jpeg,kitchen,kitchen,0.4484,0.2114,1.0,0.1489,8,0.0006,0.211,2.3069,0.5285,0,0.1022,3,17.964,0.3496,203830.51,203 831 RUB,Капитальный
kitchen (65).jpg,kitchen,kitchen,0.3497,0.218,0.7541,0.0656,12,0.0001,0.1819,2.3186,0.3765,1,0.0768,7,37.3331,0.4005,223115.89,223 116 RUB,Капитальный
kitchen (650).jpg,kitchen,kitchen,0.5679,0.1912,1.0,0.0954,6,0.0006,0.1944,2.32,0.6634,3,0.0285,1,6.0241,0.4081,167107.89,167 108 RUB,Косметический
kitchen (651).jpg,kitchen,wet_bar,0.3453,0.212,1.0,0.0738,1,0.0,0.2036,2.3059,0.386,1,0.0489,0,0.0,0.3233,143278.88,143 279 RUB,Косметический
kitchen (652).jpg,kitchen,kitchen,0.4157,0.1545,1.0,0.0735,5,0.0003,0.1537,2.3069,0.6282,0,0.0647,1,5.988,0.3516,149883.97,149 884 RUB,Косметический
kitchen (653).jpg,kitchen,kitchen,0.4844,0.2137,0.9505,0.1177,5,0.0,0.2005,2.3333,0.5588,2,0.0347,1,6.006,0.385,164550.09,164 550 RUB,Косметический
kitchen (654).jpg,kitchen,kitchen,0.538,0.2739,1.0,0.1048,12,0.0021,0.201,2.33,0.4908,2,0.0698,4,24.0239,0.3945,216558.62,216 559 RUB,Капитальный
kitchen (655).jpg,kitchen,kitchen,0.439,0.1772,0.4006,0.0561,10,0.0012,0.2083,2.3186,0.5963,1,0.0351,0,0.0,0.5444,133493.58,133 494 RUB,Косметический
kitchen (656).jpg,kitchen,kitchen,0.6156,0.1993,1.0,0.0813,3,0.0021,0.1966,2.33,0.6762,2,0.0184,0,0.0,0.4302,132484.69,132 485 RUB,Косметический
kitchen (657).jpg,kitchen,kitchen,0.5347,0.2071,1.0,0.1177,14,0.0001,0.2142,2.31,0.6126,1,0.0533,5,30.2113,0.3904,200652.1,200 652 RUB,Капитальный
kitchen (658).jpg,kitchen,kitchen,0.518,0.1474,0.5938,0.0769,7,0.0,0.1767,2.32,0.7155,1,0.0304,1,6.0241,0.5137,145678.52,145 679 RUB,Косметический
kitchen (659).jpg,kitchen,kitchen,0.4741,0.2214,1.0,0.1144,12,0.0101,0.2194,2.32,0.5331,0,0.062,6,36.1444,0.3678,203894.88,203 895 RUB,Капитальный
kitchen (66).jpeg,kitchen,wet_bar,0.4943,0.1655,0.2144,0.05,1,0.0,0.1938,2.3186,0.6651,1,0.0092,1,5.3333,0.6234,128372.5,128 372 RUB,Косметический
kitchen (66).jpg,kitchen,kitchen,0.6846,0.171,1.0,0.1008,3,0.0,0.2042,2.3069,0.7503,1,0.0235,1,5.988,0.4537,142654.5,142 654 RUB,Косметический
kitchen (660).jpg,kitchen,kitchen,0.4226,0.2603,1.0,0.0895,10,0.0,0.2096,2.32,0.384,1,0.0514,1,6.0241,0.3511,180870.11,180 870 RUB,Капитальный
kitchen (661).jpg,kitchen,kitchen,0.5091,0.1591,0.4571,0.0822,7,0.0002,0.1486,2.3186,0.6875,0,0.0455,1,5.3333,0.5501,134456.08,134 456 RUB,Косметический
kitchen (662).jpg,kitchen,kitchen,0.4823,0.1222,1.0,0.074,21,0.0,0.1887,2.3333,0.7466,0,0.0359,2,10.5263,0.3781,172116.49,172 116 RUB,Капитальный
kitchen (663).jpg,kitchen,kitchen,0.52,0.2131,0.2007,0.0733,3,0.0004,0.2138,2.3235,0.5901,1,0.0389,0,0.0,0.6332,118946.52,118 947 RUB,Косметический
kitchen (664).jpg,kitchen,wet_bar,0.3248,0.2184,0.3164,0.0767,5,0.0,0.1771,2.3186,0.3275,1,0.1014,3,15.9999,0.5196,206380.07,206 380 RUB,Капитальный
kitchen (665).jpg,kitchen,wet_bar,0.5193,0.1822,0.6445,0.074,1,0.0001,0.1794,2.3265,0.6491,0,0.0154,1,6.1349,0.4996,131728.03,131 728 RUB,Косметический
kitchen (666).jpg,kitchen,wet_bar,0.3305,0.1737,0.6065,0.0713,25,0.0,0.1789,2.3186,0.4743,0,0.0616,13,69.333,0.436,212863.07,212 863 RUB,Капитальный
kitchen (667).jpg,kitchen,kitchen,0.4148,0.2066,0.6308,0.0753,9,0.0,0.2038,2.3333,0.5018,0,0.0224,5,26.6665,0.4616,173996.73,173 997 RUB,Капитальный
kitchen (668).jpg,kitchen,wet_bar,0.3009,0.2758,0.7479,0.0618,29,0.0015,0.1572,2.3186,0.0834,2,0.0297,13,69.333,0.3838,250023.57,250 024 RUB,Капитальный
kitchen (669).jpg,kitchen,kitchen,0.582,0.1679,1.0,0.0857,7,0.0157,0.2064,2.32,0.7115,0,0.0399,6,36.1444,0.4172,171198.59,171 199 RUB,Капитальный
kitchen (67).jpeg,kitchen,kitchen,0.384,0.2514,1.0,0.1325,16,0.0125,0.219,2.3186,0.3454,1,0.1024,7,37.3331,0.3284,245455.86,245 456 RUB,Капитальный
kitchen (67).jpg,kitchen,wet_bar,0.4506,0.2469,0.9294,0.0862,6,0.0,0.2012,2.3186,0.4521,1,0.0639,3,15.9999,0.3842,197115.19,197 115 RUB,Капитальный
kitchen (670).jpg,kitchen,wet_bar,0.4756,0.1412,0.4564,0.0756,9,0.0023,0.1732,2.33,0.7031,0,0.0952,4,24.0239,0.5384,174530.21,174 530 RUB,Капитальный
kitchen (671).jpg,kitchen,wet_bar,0.5129,0.2791,1.0,0.0927,17,0.0,0.1944,2.33,0.4558,2,0.0603,13,78.0776,0.3866,231581.0,231 581 RUB,Капитальный
kitchen (672).jpg,kitchen,kitchen,0.5827,0.1966,1.0,0.0814,10,0.0005,0.1969,2.33,0.6626,2,0.048,1,6.006,0.4168,166812.23,166 812 RUB,Косметический
kitchen (673).jpg,kitchen,kitchen,0.5488,0.2143,1.0,0.1218,9,0.0012,0.2082,2.3333,0.6095,1,0.0855,6,42.8568,0.3953,204301.68,204 302 RUB,Капитальный
kitchen (674).jpg,kitchen,wet_bar,0.4708,0.2659,1.0,0.1349,10,0.0009,0.2325,2.3333,0.4352,1,0.0664,1,7.4074,0.3614,196449.63,196 450 RUB,Капитальный
kitchen (675).jpg,kitchen,kitchen,0.3828,0.2456,1.0,0.1078,7,0.0031,0.2067,2.3097,0.3585,1,0.0956,3,16.0427,0.3319,212159.65,212 160 RUB,Капитальный
kitchen (676).jpg,kitchen,kitchen,0.421,0.1907,1.0,0.1441,7,0.0,0.1874,2.3059,0.5471,0,0.0645,2,14.2348,0.3396,186221.08,186 221 RUB,Капитальный
kitchen (677).jpg,kitchen,wet_bar,0.5538,0.1914,0.4874,0.0488,4,0.0001,0.1588,2.3186,0.6544,0,0.0268,1,5.3333,0.5655,128555.36,128 555 RUB,Косметический
kitchen (678).jpg,kitchen,dining_room,0.4055,0.2882,0.967,0.0733,13,0.0,0.1667,2.33,0.2892,0,0.0468,4,24.0239,0.3574,207902.13,207 902 RUB,Капитальный
kitchen (679).jpg,kitchen,kitchen,0.4456,0.1837,1.0,0.1067,11,0.003,0.1828,2.32,0.5878,0,0.0772,9,54.2165,0.3572,213287.75,213 288 RUB,Капитальный
kitchen (68).jpeg,kitchen,kitchen,0.4405,0.2273,1.0,0.1066,19,0.0,0.2127,2.32,0.484,0,0.0659,4,24.0962,0.3549,206689.72,206 690 RUB,Капитальный
kitchen (68).jpg,kitchen,wet_bar,0.2912,0.2055,0.4922,0.0711,5,0.0012,0.1932,2.3186,0.2943,0,0.0613,3,15.9999,0.4547,193061.31,193 061 RUB,Капитальный
kitchen (680).jpg,kitchen,kitchen,0.6152,0.1629,0.9987,0.1028,9,0.0,0.1802,2.33,0.7352,4,0.0052,1,6.006,0.4259,173120.66,173 121 RUB,Капитальный
kitchen (681).jpg,kitchen,kitchen,0.4765,0.1611,1.0,0.0904,7,0.0003,0.1746,2.3186,0.6618,0,0.0439,1,5.3333,0.3725,145499.74,145 500 RUB,Косметический
kitchen (682).jpg,kitchen,wet_bar,0.4737,0.2516,1.0,0.0748,3,0.0,0.1814,2.33,0.4689,1,0.0377,0,0.0,0.3745,135514.64,135 515 RUB,Косметический
kitchen (683).jpg,kitchen,wet_bar,0.4847,0.159,1.0,0.1171,11,0.0001,0.1987,2.33,0.6719,1,0.0608,11,66.0657,0.3705,208585.53,208 586 RUB,Капитальный
kitchen (684).jpg,kitchen,wet_bar,0.462,0.2075,0.5506,0.0692,13,0.0517,0.2108,2.3186,0.5508,1,0.0288,12,63.9997,0.5109,198768.08,198 768 RUB,Капитальный
kitchen (685).jpg,kitchen,wet_bar,0.5787,0.197,1.0,0.0858,14,0.0,0.1963,2.3069,0.6595,4,0.0603,7,41.9159,0.4143,225855.88,225 856 RUB,Капитальный
kitchen (687).jpg,kitchen,kitchen,0.6031,0.2392,1.0,0.1258,17,0.0086,0.1982,2.32,0.6033,3,0.0666,6,36.1444,0.4169,232497.31,232 497 RUB,Капитальный
kitchen (688).jpg,kitchen,kitchen,0.525,0.2377,1.0,0.1377,10,0.0023,0.2303,2.33,0.5472,0,0.1385,7,42.0418,0.3827,216385.05,216 385 RUB,Капитальный
kitchen (689).jpg,kitchen,kitchen,0.3553,0.2638,1.0,0.0923,13,0.0001,0.1725,2.3059,0.2576,2,0.0711,5,35.5869,0.3237,227068.21,227 068 RUB,Капитальный
kitchen (69).jpeg,kitchen,wet_bar,0.4716,0.279,1.0,0.1052,12,0.0098,0.1709,2.3186,0.4083,4,0.0685,7,37.3331,0.3686,234468.46,234 468 RUB,Капитальный
kitchen (69).jpg,kitchen,kitchen,0.5782,0.1931,1.0,0.1208,25,0.0001,0.2164,2.33,0.6661,1,0.0473,12,72.0716,0.4071,224553.1,224 553 RUB,Капитальный
kitchen (690).jpg,kitchen,kitchen,0.4465,0.194,0.947,0.0785,2,0.0,0.2025,2.3186,0.5655,1,0.0369,0,0.0,0.3788,127509.69,127 510 RUB,Косметический
kitchen (691).jpg,kitchen,kitchen,0.5625,0.2279,1.0,0.0699,2,0.0,0.1894,2.3186,0.5948,0,0.0397,1,5.3333,0.411,137908.14,137 908 RUB,Косметический
kitchen (692).jpg,kitchen,alcove,0.5369,0.215,1.0,0.0959,7,0.0002,0.1961,2.3186,0.5994,2,0.0542,4,21.3332,0.3956,198131.7,198 132 RUB,Капитальный
kitchen (693).jpg,kitchen,kitchen,0.5228,0.1844,1.0,0.1279,11,0.0003,0.1892,2.33,0.6473,1,0.1033,8,48.0478,0.3836,218443.73,218 444 RUB,Капитальный
kitchen (694).jpg,kitchen,wet_bar,0.5526,0.2713,1.0,0.0763,2,0.0,0.2001,2.3333,0.5092,0,0.0637,1,5.3333,0.4058,147109.46,147 109 RUB,Косметический
kitchen (695).jpg,kitchen,kitchen,0.4485,0.1796,0.4483,0.069,14,0.0033,0.1839,2.3186,0.5995,0,0.0331,2,10.6666,0.5315,172396.18,172 396 RUB,Капитальный
kitchen (696).jpg,kitchen,kitchen,0.6269,0.2238,0.7759,0.0807,7,0.0001,0.2059,2.31,0.643,1,0.027,3,18.1268,0.5018,179498.34,179 498 RUB,Капитальный
kitchen (697).jpg,kitchen,kitchen,0.4961,0.1883,1.0,0.0922,15,0.0029,0.2207,2.33,0.6205,0,0.1007,4,24.0239,0.3803,200378.89,200 379 RUB,Капитальный
kitchen (698).jpg,kitchen,kitchen,0.4648,0.2075,0.5684,0.0679,8,0.0002,0.2114,2.3333,0.5536,1,0.0329,1,5.3333,0.5018,149688.96,149 689 RUB,Косметический
kitchen (699).jpg,kitchen,kitchen,0.5689,0.2327,1.0,0.1116,7,0.0003,0.213,2.3333,0.5909,0,0.0497,3,18.0179,0.4053,184438.12,184 438 RUB,Капитальный
kitchen (7).jpeg,kitchen,kitchen,0.4709,0.2146,1.0,0.1243,3,0.0,0.2078,2.3186,0.5442,2,0.0256,1,5.3333,0.3635,157648.57,157 649 RUB,Косметический
kitchen (7).jpg,kitchen,kitchen,0.3581,0.2114,1.0,0.1105,11,0.0001,0.1876,2.32,0.4095,1,0.046,3,18.0722,0.3212,205623.28,205 623 RUB,Капитальный
kitchen (70).jpeg,kitchen,kitchen,0.635,0.1573,1.0,0.1195,4,0.0003,0.1738,2.33,0.7523,4,0.0394,1,6.006,0.4301,166425.25,166 425 RUB,Косметический
kitchen (70).jpg,kitchen,wet_bar,0.4854,0.2749,1.0,0.0936,13,0.003,0.1898,2.3186,0.4337,3,0.0474,4,21.3332,0.3757,220849.5,220 850 RUB,Капитальный
kitchen (700).jpg,kitchen,wet_bar,0.6385,0.2246,1.0,0.0806,10,0.0,0.2193,2.31,0.6483,3,0.06,9,54.3803,0.4393,219465.63,219 466 RUB,Капитальный
kitchen (701).jpg,kitchen,kitchen,0.5381,0.2061,0.3081,0.0697,10,0.005,0.1954,2.3168,0.617,1,0.0121,4,23.8805,0.6094,170309.72,170 310 RUB,Капитальный
kitchen (702).jpg,kitchen,kitchen,0.4489,0.2486,0.2358,0.0453,1,0.0001,0.1832,2.3186,0.4462,1,0.0359,0,0.0,0.5998,127680.25,127 680 RUB,Косметический
kitchen (703).jpg,kitchen,kitchen,0.6397,0.2451,1.0,0.1203,8,0.0019,0.2036,2.32,0.6168,3,0.0805,4,24.0962,0.432,207881.8,207 882 RUB,Капитальный
kitchen (704).jpg,kitchen,kitchen,0.5799,0.2228,1.0,0.0912,6,0.0003,0.1843,2.3186,0.6158,3,0.0609,2,10.6666,0.4138,191301.76,191 302 RUB,Капитальный
kitchen (705).jpg,kitchen,wet_bar,0.4984,0.2521,0.6159,0.079,6,0.0,0.2204,2.3333,0.4942,1,0.0591,4,16.9132,0.4988,186243.46,186 243 RUB,Капитальный
kitchen (706).jpg,kitchen,kitchen,0.5393,0.248,1.0,0.1086,3,0.0,0.2035,2.3131,0.54,2,0.0965,2,12.195,0.394,192617.96,192 618 RUB,Капитальный
kitchen (707).jpg,kitchen,kitchen,0.6564,0.1918,1.0,0.1184,28,0.0001,0.21,2.32,0.7078,2,0.0326,8,48.1925,0.4389,217480.51,217 481 RUB,Капитальный
kitchen (708).jpg,kitchen,kitchen,0.4852,0.2483,1.0,0.1252,11,0.0,0.1899,2.33,0.4882,2,0.0694,6,36.0358,0.3691,214057.56,214 058 RUB,Капитальный
kitchen (709).jpg,kitchen,wet_bar,0.4324,0.221,1.0,0.1092,6,0.0,0.2075,2.33,0.4888,0,0.0404,1,6.006,0.3511,161074.17,161 074 RUB,Косметический
kitchen (71).jpeg,kitchen,kitchen,0.385,0.2018,1.0,0.1077,10,0.0,0.1764,2.32,0.4757,0,0.0654,1,6.0241,0.3324,170999.33,170 999 RUB,Капитальный
kitchen (71).jpg,kitchen,kitchen,0.4539,0.2964,1.0,0.1135,19,0.0,0.2141,2.33,0.3469,2,0.0603,4,24.0239,0.3589,225062.96,225 063 RUB,Капитальный
kitchen (710).jpg,kitchen,kitchen,0.6007,0.2567,1.0,0.0947,4,0.0,0.2114,2.3186,0.5727,2,0.0298,1,5.3333,0.4213,156097.5,156 098 RUB,Косметический
kitchen (711).jpg,kitchen,kitchen,0.619,0.2272,1.0,0.0718,5,0.0019,0.1839,2.33,0.6329,2,0.0304,1,6.006,0.4334,157275.9,157 276 RUB,Косметический
kitchen (712).jpg,kitchen,kitchen,0.4271,0.2738,1.0,0.0761,1,0.0,0.178,2.3186,0.359,0,0.055,0,0.0,0.3556,131232.33,131 232 RUB,Косметический
kitchen (713).jpg,kitchen,kitchen,0.3276,0.2367,0.3095,0.0534,8,0.001,0.1785,2.3186,0.2774,1,0.0611,2,10.6666,0.5276,190885.5,190 886 RUB,Капитальный
kitchen (714).jpg,kitchen,kitchen,0.3873,0.1897,0.4771,0.0584,7,0.0,0.1616,2.3333,0.5102,0,0.0163,2,14.2856,0.5001,165203.58,165 204 RUB,Косметический
kitchen (715).jpg,kitchen,wet_bar,0.584,0.2114,1.0,0.1089,7,0.0,0.206,2.31,0.638,1,0.0815,5,30.2113,0.4118,196643.56,196 644 RUB,Капитальный
kitchen (716).jpg,kitchen,dining_room,0.6234,0.2232,1.0,0.1232,19,0.0,0.1809,2.33,0.642,2,0.0654,13,78.0776,0.4247,231509.07,231 509 RUB,Капитальный
kitchen (717).jpg,kitchen,kitchen,0.4279,0.2124,0.7597,0.0621,5,0.0009,0.1966,2.3186,0.5037,0,0.0574,1,5.3333,0.4309,155422.94,155 423 RUB,Косметический
kitchen (718).jpg,kitchen,kitchen,0.4017,0.1999,0.87,0.0741,7,0.0003,0.2039,2.32,0.5024,1,0.0517,3,18.0722,0.3849,196548.47,196 548 RUB,Капитальный
kitchen (719).jpg,kitchen,wet_bar,0.5193,0.1674,1.0,0.0761,3,0.0001,0.2057,2.3059,0.6776,0,0.0271,0,0.0,0.3925,111135.93,111 136 RUB,Косметический
kitchen (72).jpeg,kitchen,wet_bar,0.5834,0.1563,1.0,0.124,10,0.0022,0.1951,2.31,0.7321,0,0.0618,5,30.2113,0.4088,187002.58,187 003 RUB,Капитальный
kitchen (72).jpg,kitchen,wet_bar,0.5605,0.2505,1.0,0.0876,25,0.0002,0.1869,2.33,0.553,3,0.0947,15,90.0895,0.4067,243182.05,243 182 RUB,Капитальный
kitchen (720).jpg,kitchen,kitchen,0.5907,0.1945,1.0,0.1135,13,0.0009,0.209,2.33,0.6707,0,0.0199,6,36.0358,0.4137,185629.52,185 630 RUB,Капитальный
kitchen (721).jpg,kitchen,kitchen,0.2801,0.2346,0.4569,0.049,3,0.0,0.1562,2.3059,0.1625,0,0.0373,1,7.1174,0.4652,176982.6,176 983 RUB,Капитальный
kitchen (722).jpg,kitchen,kitchen,0.6748,0.2199,0.6629,0.0717,8,0.0002,0.1921,2.3186,0.6742,2,0.0264,1,5.3333,0.5567,150750.26,150 750 RUB,Косметический
kitchen (723).jpg,kitchen,kitchen,0.4307,0.1721,0.5733,0.0944,13,0.0,0.1983,2.32,0.6006,0,0.0731,1,6.0241,0.4814,165196.75,165 197 RUB,Косметический
kitchen (724).jpg,kitchen,kitchen,0.6143,0.2345,1.0,0.1115,11,0.0002,0.1947,2.33,0.6182,4,0.0706,3,18.0179,0.4234,222242.28,222 242 RUB,Капитальный
kitchen (725).jpg,kitchen,kitchen,0.5219,0.2139,1.0,0.1041,22,0.0009,0.2121,2.32,0.5902,1,0.0801,13,78.3128,0.388,235450.15,235 450 RUB,Капитальный
kitchen (726).jpg,kitchen,kitchen,0.458,0.1815,0.3117,0.072,3,0.0001,0.2109,2.3186,0.6037,1,0.0222,1,5.3333,0.5753,139876.03,139 876 RUB,Косметический
kitchen (727).jpg,kitchen,wet_bar,0.462,0.2261,1.0,0.0627,11,0.0,0.1934,2.3186,0.5107,2,0.0413,2,10.6666,0.3723,204413.07,204 413 RUB,Капитальный
kitchen (728).jpg,kitchen,kitchen,0.3092,0.3045,0.2871,0.0582,2,0.0007,0.1559,2.3303,0.0149,1,0.0157,1,5.3619,0.526,172751.46,172 751 RUB,Капитальный
kitchen (729).jpg,kitchen,kitchen,0.4462,0.1806,0.2947,0.0555,3,0.0,0.2052,2.3186,0.5953,1,0.0569,1,5.3333,0.5789,149963.92,149 964 RUB,Косметический
kitchen (73).jpeg,kitchen,kitchen,0.5577,0.2094,1.0,0.0932,6,0.002,0.2017,2.32,0.6245,3,0.0544,2,12.0481,0.4046,196374.06,196 374 RUB,Капитальный
kitchen (73).jpg,kitchen,bathroom,0.3674,0.2893,1.0,0.1032,3,0.0005,0.1662,2.3186,0.2125,2,0.0231,0,0.0,0.3264,164847.72,164 848 RUB,Косметический
kitchen (730).jpg,kitchen,wet_bar,0.4605,0.2816,1.0,0.1125,17,0.0,0.1958,2.3186,0.3884,2,0.0993,7,37.3331,0.3617,243483.52,243 484 RUB,Капитальный
kitchen (731).jpg,kitchen,wet_bar,0.4784,0.2922,0.5458,0.0729,0,0.0,0.174,2.3186,0.3893,2,0.061,0,0.0,0.5131,136499.09,136 499 RUB,Косметический
kitchen (732).jpg,kitchen,dining_room,0.348,0.2029,1.0,0.1486,13,0.0085,0.2028,2.3186,0.417,0,0.0888,11,58.6664,0.3103,227611.95,227 612 RUB,Капитальный
kitchen (733).jpg,kitchen,kitchen,0.5277,0.2408,1.0,0.1194,16,0.0,0.1943,2.33,0.5437,2,0.0759,3,18.0179,0.3872,219464.39,219 464 RUB,Капитальный
kitchen (734).jpg,kitchen,wet_bar,0.5634,0.2307,1.0,0.1136,8,0.0,0.2117,2.31,0.5905,1,0.0866,3,18.1268,0.4026,200441.59,200 442 RUB,Капитальный
kitchen (735).jpg,kitchen,kitchen,0.4859,0.1293,0.458,0.0716,13,0.0003,0.1846,2.33,0.7339,0,0.0532,6,36.0358,0.5427,178956.86,178 957 RUB,Капитальный
kitchen (736).jpg,kitchen,wet_bar,0.6917,0.2022,0.2318,0.0465,0,0.0,0.1575,2.3333,0.7076,2,0.0118,0,0.0,0.6978,101720.38,101 720 RUB,Косметический
kitchen (737).jpg,kitchen,utility_room,0.4592,0.2303,0.388,0.0502,1,0.0,0.1883,2.3186,0.4984,2,0.0482,0,0.0,0.5572,134075.58,134 076 RUB,Косметический
kitchen (738).jpg,kitchen,kitchen,0.3045,0.1606,1.0,0.0963,2,0.0,0.1933,2.33,0.4726,0,0.0656,1,6.006,0.3025,157626.86,157 627 RUB,Косметический
kitchen (739).jpg,kitchen,wet_bar,0.509,0.2652,0.3826,0.0292,0,0.0,0.1993,2.3303,0.4789,2,0.018,0,0.0,0.583,120146.52,120 147 RUB,Косметический
kitchen (74).jpeg,kitchen,wet_bar,0.5086,0.2343,1.0,0.0942,6,0.0001,0.1872,2.33,0.5394,1,0.0489,2,12.0119,0.3846,185275.27,185 275 RUB,Капитальный
kitchen (74).jpg,kitchen,wet_bar,0.4266,0.2405,1.0,0.0893,5,0.001,0.1974,2.3097,0.4361,0,0.0432,4,21.3903,0.3529,185818.72,185 819 RUB,Капитальный
kitchen (740).jpg,kitchen,kitchen,0.5166,0.2053,0.5891,0.09,7,0.0005,0.1979,2.3186,0.6025,3,0.0325,1,5.3333,0.512,167358.17,167 358 RUB,Косметический
kitchen (741).jpg,kitchen,kitchen,0.4155,0.2305,1.0,0.1224,20,0.0,0.1834,2.3265,0.4453,1,0.0979,14,85.889,0.3417,252444.98,252 445 RUB,Капитальный
kitchen (742).jpg,kitchen,wet_bar,0.3702,0.2634,1.0,0.0734,16,0.0001,0.188,2.3186,0.2883,2,0.0697,10,53.333,0.3334,238664.07,238 664 RUB,Капитальный
kitchen (743).jpg,kitchen,kitchen,0.4651,0.1805,1.0,0.105,28,0.0173,0.2134,2.33,0.6118,1,0.0663,3,18.0179,0.3668,208130.15,208 130 RUB,Капитальный
kitchen (744).jpg,kitchen,kitchen,0.3404,0.2146,1.0,0.1131,7,0.0,0.1742,2.3097,0.3695,1,0.052,1,5.3476,0.3136,172087.61,172 088 RUB,Капитальный
kitchen (745).jpg,kitchen,kitchen,0.503,0.2541,1.0,0.1145,14,0.0002,0.2067,2.33,0.4948,2,0.0934,5,30.0298,0.3783,227284.06,227 284 RUB,Капитальный
kitchen (746).jpg,kitchen,kitchen,0.5559,0.2274,1.0,0.1264,13,0.0,0.2029,2.3186,0.5909,4,0.0817,8,42.6664,0.3971,237932.58,237 933 RUB,Капитальный
kitchen (747).jpg,kitchen,kitchen,0.6295,0.2986,1.0,0.1058,6,0.0001,0.1905,2.3186,0.5256,2,0.0673,2,10.6666,0.4306,191802.77,191 803 RUB,Капитальный
kitchen (748).jpg,kitchen,wet_bar,0.4306,0.2555,0.3593,0.0627,1,0.0028,0.1993,2.3186,0.4066,2,0.0202,1,5.3333,0.5522,149441.59,149 442 RUB,Косметический
kitchen (749).jpg,kitchen,wet_bar,0.5985,0.1989,0.7482,0.0614,1,0.0,0.1772,2.325,0.6676,4,0.0238,0,0.0,0.5026,146093.84,146 094 RUB,Косметический
kitchen (75).jpeg,kitchen,wet_bar,0.4638,0.2462,1.0,0.0917,15,0.0043,0.1992,2.33,0.4691,2,0.0507,10,60.0597,0.3676,233185.16,233 185 RUB,Капитальный
kitchen (75).jpg,kitchen,kitchen,0.4819,0.1821,0.2478,0.0517,3,0.0,0.1729,2.3186,0.6222,1,0.011,0,0.0,0.6081,111137.23,111 137 RUB,Косметический
kitchen (750).jpg,kitchen,alcove,0.6999,0.2133,1.0,0.1536,11,0.0003,0.198,2.33,0.6952,3,0.0368,1,6.006,0.4493,171830.74,171 831 RUB,Капитальный
kitchen (751).jpg,kitchen,kitchen,0.4579,0.2875,1.0,0.0967,14,0.0,0.1957,2.3069,0.3721,3,0.059,1,5.988,0.3638,194683.76,194 684 RUB,Капитальный
kitchen (752).jpg,kitchen,kitchen,0.533,0.3046,1.0,0.0833,15,0.0109,0.2006,2.3186,0.4285,1,0.0653,3,15.9999,0.3976,214503.61,214 504 RUB,Капитальный
kitchen (753).jpg,kitchen,kitchen,0.3639,0.1978,0.6434,0.0909,6,0.0,0.1981,2.3186,0.4566,0,0.0365,2,10.6666,0.4344,176511.05,176 511 RUB,Капитальный
kitchen (754).jpg,kitchen,kitchen,0.5535,0.2693,1.0,0.1501,12,0.0291,0.2064,2.32,0.5135,4,0.0658,6,36.1444,0.3943,235044.26,235 044 RUB,Капитальный
kitchen (755).jpg,kitchen,kitchen,0.5299,0.2221,1.0,0.0861,16,0.0,0.1965,2.3069,0.5808,0,0.0571,6,35.9279,0.3947,198063.45,198 063 RUB,Капитальный
kitchen (756).jpg,kitchen,galley,0.4887,0.2108,1.0,0.1126,4,0.0001,0.2057,2.3186,0.5687,1,0.0645,1,5.3333,0.373,160304.73,160 305 RUB,Косметический
kitchen (757).jpg,kitchen,kitchen,0.523,0.1738,1.0,0.1118,13,0.0019,0.1874,2.33,0.6677,1,0.1091,5,30.0298,0.387,211361.1,211 361 RUB,Капитальный
kitchen (758).jpg,kitchen,wet_bar,0.4542,0.1544,1.0,0.1042,5,0.0011,0.1999,2.33,0.6601,1,0.0346,3,18.0179,0.3609,171334.74,171 335 RUB,Капитальный
kitchen (76).jpeg,kitchen,kitchen,0.5986,0.2218,1.0,0.1335,16,0.0,0.218,2.33,0.6295,1,0.1347,8,48.0478,0.4127,236136.37,236 136 RUB,Капитальный
kitchen (76).jpg,kitchen,wet_bar,0.4965,0.1478,1.0,0.084,9,0.0,0.2028,2.3186,0.7023,0,0.0618,3,15.9999,0.3818,183207.25,183 207 RUB,Капитальный
kitchen (77).jpeg,kitchen,wet_bar,0.4206,0.186,1.0,0.1057,7,0.0023,0.193,2.3186,0.5577,1,0.0758,4,21.3332,0.3473,196095.71,196 096 RUB,Капитальный
kitchen (77).jpg,kitchen,kitchen,0.4613,0.2054,1.0,0.0982,12,0.013,0.2331,2.3168,0.5547,1,0.0505,5,29.8506,0.3662,206342.43,206 342 RUB,Капитальный
kitchen (78).jpeg,kitchen,kitchen,0.4457,0.222,1.0,0.1121,9,0.0085,0.2063,2.3186,0.5019,1,0.0467,4,21.3332,0.3567,196638.65,196 639 RUB,Капитальный
kitchen (78).jpg,kitchen,kitchen,0.3242,0.1904,1.0,0.084,7,0.0001,0.2057,2.3186,0.4129,0,0.0649,3,15.9999,0.3129,194599.59,194 600 RUB,Капитальный
kitchen (79).jpeg,kitchen,wet_bar,0.3186,0.2381,1.0,0.0876,3,0.0015,0.1834,2.3186,0.2528,0,0.0597,0,0.0,0.3101,151044.55,151 045 RUB,Косметический
kitchen (79).jpg,kitchen,wet_bar,0.5323,0.1719,0.4945,0.0545,4,0.0,0.1888,2.3186,0.677,2,0.0309,1,5.3333,0.5537,146406.94,146 407 RUB,Косметический
kitchen (8).jpeg,kitchen,kitchen,0.4958,0.23,1.0,0.1423,17,0.0022,0.2077,2.33,0.5361,1,0.0986,14,84.0836,0.3701,240488.99,240 489 RUB,Капитальный
kitchen (8).jpg,kitchen,kitchen,0.6711,0.1819,0.7961,0.0785,16,0.0003,0.2043,2.3186,0.7289,2,0.0199,5,26.6665,0.514,190674.42,190 674 RUB,Капитальный
kitchen (80).jpeg,kitchen,kitchen,0.6164,0.3297,1.0,0.111,3,0.0,0.1792,2.3186,0.4651,2,0.043,1,5.3333,0.4244,159906.71,159 907 RUB,Косметический
kitchen (80).jpg,kitchen,wet_bar,0.4518,0.3034,1.0,0.0701,11,0.0,0.1914,2.3186,0.3284,3,0.0497,3,15.9999,0.3667,227732.51,227 733 RUB,Капитальный
kitchen (81).jpeg,kitchen,kitchen,0.6678,0.2128,1.0,0.1072,6,0.0005,0.1904,2.3186,0.6814,6,0.0727,2,10.6666,0.4457,208478.6,208 479 RUB,Капитальный
kitchen (81).jpg,kitchen,kitchen,0.3973,0.2644,0.9477,0.072,8,0.0024,0.1984,2.3186,0.3344,1,0.0522,4,21.3332,0.3605,209055.08,209 055 RUB,Капитальный
kitchen (82).jpeg,kitchen,kitchen,0.4689,0.1748,1.0,0.1795,12,0.0001,0.211,2.33,0.6272,0,0.1889,4,24.0239,0.3517,212531.37,212 531 RUB,Капитальный
kitchen (82).jpg,kitchen,kitchen,0.4736,0.2203,1.0,0.1383,16,0.0009,0.2116,2.33,0.5348,3,0.0433,8,48.0478,0.3619,230674.67,230 675 RUB,Капитальный
kitchen (83).jpeg,kitchen,kitchen,0.5381,0.2567,1.0,0.094,16,0.0029,0.2306,2.3186,0.5229,2,0.0512,8,42.6664,0.3967,220087.18,220 087 RUB,Капитальный
kitchen (83).jpg,kitchen,kitchen,0.5476,0.2909,1.0,0.1791,15,0.0023,0.2474,2.33,0.4688,3,0.1107,8,48.0478,0.3834,254604.21,254 604 RUB,Капитальный
kitchen (84).jpeg,kitchen,kitchen,0.5102,0.2796,0.463,0.0609,8,0.0103,0.1845,2.3186,0.452,0,0.0723,1,5.3333,0.554,162171.07,162 171 RUB,Косметический
kitchen (84).jpg,kitchen,wet_bar,0.242,0.2196,1.0,0.0942,9,0.0034,0.1612,2.3186,0.0922,1,0.0348,6,31.9998,0.2783,219589.69,219 590 RUB,Капитальный
kitchen (85).jpeg,kitchen,wet_bar,0.3995,0.2396,0.6586,0.0685,3,0.0,0.1753,2.3059,0.4002,1,0.047,0,0.0,0.4485,140055.42,140 055 RUB,Косметический
kitchen (85).jpg,kitchen,wet_bar,0.3217,0.1615,0.5693,0.063,1,0.0,0.1893,2.33,0.4981,0,0.0315,0,0.0,0.4453,117260.33,117 260 RUB,Косметический
kitchen (86).jpeg,kitchen,kitchen,0.379,0.2547,1.0,0.0842,13,0.0104,0.1964,2.3186,0.328,2,0.0522,8,42.6664,0.3358,225486.26,225 486 RUB,Капитальный
kitchen (86).jpg,kitchen,kitchen,0.4653,0.2681,1.0,0.1576,5,0.0006,0.243,2.3186,0.4239,2,0.1077,2,10.6666,0.3547,211525.21,211 525 RUB,Капитальный
kitchen (87).jpeg,kitchen,kitchen,0.5778,0.2021,1.0,0.1476,19,0.0031,0.2061,2.32,0.6501,3,0.0836,13,78.3128,0.4019,246637.16,246 637 RUB,Капитальный
kitchen (87).jpg,kitchen,kitchen,0.3321,0.2346,1.0,0.0766,5,0.0,0.1732,2.33,0.2937,0,0.0662,2,12.0119,0.3175,184104.02,184 104 RUB,Капитальный
kitchen (88).jpeg,kitchen,wet_bar,0.4216,0.257,0.5602,0.0647,8,0.0001,0.1875,2.3186,0.3904,0,0.0313,1,5.3333,0.4877,152498.26,152 498 RUB,Косметический
kitchen (88).jpg,kitchen,kitchen,0.2348,0.1394,0.2693,0.0494,5,0.0,0.166,2.3186,0.4063,0,0.0239,1,5.3333,0.5033,146309.65,146 310 RUB,Косметический
kitchen (89).jpeg,kitchen,kitchen,0.506,0.2226,0.4747,0.0613,7,0.0001,0.1919,2.3214,0.5601,1,0.0295,1,4.3011,0.5477,135157.7,135 158 RUB,Косметический
kitchen (89).jpg,kitchen,wet_bar,0.4217,0.1939,0.6781,0.0603,2,0.07,0.2047,2.3333,0.5402,1,0.0345,0,0.0,0.4602,123244.16,123 244 RUB,Косметический
kitchen (9).jpeg,kitchen,kitchen,0.3774,0.2741,1.0,0.1006,18,0.0005,0.1852,2.33,0.2737,3,0.0863,6,36.0358,0.3309,240248.86,240 249 RUB,Капитальный
kitchen (9).jpg,kitchen,kitchen,0.5516,0.2608,1.0,0.1325,9,0.0,0.1869,2.3061,0.5272,3,0.1177,8,49.3824,0.3941,239851.4,239 851 RUB,Капитальный
kitchen (90).jpeg,kitchen,kitchen,0.4407,0.1598,1.0,0.1084,7,0.0001,0.1799,2.33,0.6373,0,0.0595,2,12.0119,0.3546,175385.39,175 385 RUB,Капитальный
kitchen (90).jpg,kitchen,kitchen,0.4066,0.2667,1.0,0.1627,16,0.0002,0.2229,2.32,0.344,1,0.1637,9,54.2165,0.3301,259228.65,259 229 RUB,Капитальный
kitchen (91).jpeg,kitchen,wet_bar,0.5102,0.1952,1.0,0.0976,13,0.0006,0.216,2.3186,0.6174,1,0.045,4,21.3332,0.3846,198228.33,198 228 RUB,Капитальный
kitchen (91).jpg,kitchen,kitchen,0.6198,0.1542,1.0,0.077,6,0.0001,0.2048,2.3069,0.7512,2,0.039,4,23.952,0.4325,183614.82,183 615 RUB,Капитальный
kitchen (92).jpeg,kitchen,kitchen,0.4705,0.1799,1.0,0.0774,6,0.0021,0.1786,2.3097,0.6177,2,0.049,0,0.0,0.3729,142296.45,142 296 RUB,Косметический
kitchen (92).jpg,kitchen,kitchen,0.4759,0.1985,1.0,0.1239,10,0.0001,0.2391,2.3186,0.5829,1,0.053,1,5.3333,0.3656,169378.48,169 378 RUB,Косметический
kitchen (93).jpeg,kitchen,kitchen,0.5059,0.1801,0.8946,0.0941,5,0.0,0.1735,2.33,0.644,0,0.0769,0,0.0,0.4151,129091.5,129 092 RUB,Косметический
kitchen (93).jpg,kitchen,wet_bar,0.4577,0.1956,0.499,0.0476,1,0.0,0.1672,2.33,0.5726,0,0.0786,0,0.0,0.5239,117767.03,117 767 RUB,Косметический
kitchen (94).jpeg,kitchen,wet_bar,0.3354,0.2189,1.0,0.0849,18,0.0016,0.1952,2.3186,0.3473,0,0.06,8,42.6664,0.3173,223806.88,223 807 RUB,Капитальный
kitchen (94).jpg,kitchen,kitchen,0.4383,0.1623,1.0,0.1289,6,0.0005,0.1951,2.33,0.6297,1,0.0366,2,12.0119,0.3496,176065.62,176 066 RUB,Капитальный
kitchen (95).jpeg,kitchen,kitchen,0.53,0.2126,0.9773,0.1011,5,0.0,0.2023,2.3186,0.599,0,0.0602,1,5.3333,0.3986,154672.17,154 672 RUB,Косметический
kitchen (95).jpg,kitchen,kitchen,0.3816,0.2313,0.8555,0.0663,18,0.0005,0.1851,2.3186,0.3939,1,0.0491,12,63.9997,0.3828,234524.89,234 525 RUB,Капитальный
kitchen (96).jpeg,kitchen,wet_bar,0.4083,0.2378,1.0,0.0972,8,0.0004,0.2168,2.32,0.4175,0,0.0632,0,0.0,0.3439,143009.64,143 010 RUB,Косметический
kitchen (96).jpg,kitchen,kitchen,0.513,0.2061,1.0,0.0806,6,0.0,0.1753,2.33,0.5983,1,0.0608,0,0.0,0.3891,139128.0,139 128 RUB,Косметический
kitchen (97).jpeg,kitchen,wet_bar,0.5645,0.255,1.0,0.1049,4,0.0007,0.1917,2.3097,0.5483,2,0.0444,1,5.3476,0.4049,158966.35,158 966 RUB,Косметический
kitchen (97).jpg,kitchen,utility_room,0.5477,0.1984,1.0,0.0836,4,0.0014,0.1852,2.3186,0.6378,2,0.0217,1,5.3333,0.4025,150367.19,150 367 RUB,Косметический
kitchen (98).jpeg,kitchen,wet_bar,0.5813,0.2273,0.2303,0.0525,0,0.0,0.1827,2.3186,0.6091,1,0.0157,0,0.0,0.6529,112143.54,112 144 RUB,Косметический
kitchen (98).jpg,kitchen,wet_bar,0.5941,0.2045,0.0959,0.0336,2,0.0,0.1799,2.3186,0.6558,3,0.0023,1,5.3333,0.7022,141521.24,141 521 RUB,Косметический
kitchen (99).jpeg,kitchen,wet_bar,0.426,0.1652,0.4454,0.0377,4,0.0,0.1557,2.3186,0.6122,0,0.0287,0,0.0,0.5293,105273.18,105 273 RUB,Косметический
kitchen (99).jpg,kitchen,utility_room,0.4681,0.2084,0.569,0.063,6,0.0,0.1644,2.3186,0.5548,2,0.0366,1,5.3333,0.5039,160491.83,160 492 RUB,Косметический
living_room (1).jpeg,livingRoom,living_room,0.4015,0.263,1.0,0.0722,8,0.0003,0.1925,2.3186,0.3451,2,0.0425,8,42.6664,0.3462,195194.63,195 195 RUB,Капитальный
living_room (1).jpg,livingRoom,entrance_hall,0.5708,0.2347,0.3672,0.0513,6,0.0009,0.1854,2.3186,0.5888,1,0.0282,5,26.6665,0.608,158313.3,158 313 RUB,Косметический
living_room (10).jpeg,livingRoom,entrance_hall,0.5116,0.1802,1.0,0.0994,1,0.0045,0.1985,2.33,0.6478,1,0.0567,1,6.006,0.3852,140491.0,140 491 RUB,Косметический
living_room (10).jpg,livingRoom,entrance_hall,0.5419,0.2685,1.0,0.0935,7,0.0005,0.2233,2.3186,0.5045,2,0.0675,4,21.3332,0.3981,185009.26,185 009 RUB,Капитальный
living_room (100).jpeg,livingRoom,television_room,0.615,0.2382,1.0,0.1293,9,0.0035,0.2184,2.32,0.6128,2,0.0393,6,36.1444,0.4205,183266.54,183 267 RUB,Капитальный
living_room (100).jpg,livingRoom,television_room,0.4706,0.2067,0.7614,0.0979,15,0.0,0.2256,2.3303,0.5608,1,0.0626,13,69.7047,0.4402,196782.81,196 783 RUB,Капитальный
living_room (101).jpeg,livingRoom,wet_bar,0.4957,0.2168,1.0,0.0988,9,0.0006,0.2136,2.3186,0.5626,0,0.043,9,47.9997,0.3786,176310.79,176 311 RUB,Капитальный
living_room (101).jpg,livingRoom,nursery,0.5559,0.2239,0.8709,0.09,2,0.0032,0.1937,2.3303,0.5973,0,0.075,1,5.3619,0.4434,141988.29,141 988 RUB,Косметический
living_room (102).jpeg,livingRoom,television_room,0.6172,0.2183,0.5966,0.0433,7,0.0,0.1675,2.32,0.6463,1,0.0339,4,24.0962,0.5592,162307.7,162 308 RUB,Косметический
living_room (102).jpg,livingRoom,living_room,0.4306,0.1801,0.7332,0.0875,4,0.0001,0.1822,2.3186,0.5817,0,0.0306,4,21.3332,0.4348,157614.97,157 615 RUB,Косметический
living_room (103).jpeg,livingRoom,living_room,0.447,0.1525,1.0,0.0875,8,0.0,0.1594,2.31,0.6589,0,0.0576,7,42.2958,0.3613,169115.17,169 115 RUB,Косметический
living_room (103).jpg,livingRoom,childs_room,0.6446,0.1636,0.8433,0.0839,15,0.0007,0.1934,2.3186,0.7462,1,0.0162,6,31.9998,0.4881,173362.95,173 363 RUB,Капитальный
living_room (104).jpeg,livingRoom,waiting_room,0.3325,0.2099,0.5728,0.0452,6,0.0013,0.1532,2.3186,0.3687,0,0.0489,6,31.9998,0.4522,178173.0,178 173 RUB,Капитальный
living_room (104).jpg,livingRoom,dining_room,0.4644,0.1932,1.0,0.1344,15,0.0003,0.2018,2.3186,0.584,0,0.0429,14,74.6663,0.3589,194113.86,194 114 RUB,Капитальный
living_room (105).jpeg,livingRoom,entrance_hall,0.6477,0.2443,1.0,0.107,14,0.0001,0.1829,2.3069,0.6228,3,0.0639,11,65.8679,0.4377,212026.99,212 027 RUB,Капитальный
living_room (105).jpg,livingRoom,living_room,0.512,0.1946,1.0,0.0875,5,0.0149,0.1806,2.32,0.62,1,0.0563,3,18.0722,0.3888,172257.94,172 258 RUB,Капитальный
living_room (106).jpeg,livingRoom,living_room,0.417,0.1857,0.4546,0.0499,7,0.0,0.1582,2.3186,0.5546,1,0.0212,3,15.9999,0.5204,157769.71,157 770 RUB,Косметический
living_room (106).jpg,livingRoom,wet_bar,0.4496,0.1324,1.0,0.0769,12,0.0018,0.1746,2.33,0.7055,0,0.0465,10,60.0597,0.3647,180937.18,180 937 RUB,Капитальный
living_room (107).jpeg,livingRoom,living_room,0.5704,0.2814,0.8807,0.0733,13,0.0003,0.1841,2.33,0.5066,5,0.0334,7,42.0418,0.4493,212266.09,212 266 RUB,Капитальный
living_room (107).jpg,livingRoom,living_room,0.4812,0.1747,1.0,0.111,6,0.0004,0.1593,2.32,0.6369,1,0.0659,4,24.0962,0.3703,172527.31,172 527 RUB,Капитальный
living_room (108).jpeg,livingRoom,television_room,0.4205,0.2519,1.0,0.0781,5,0.0,0.1848,2.3069,0.4009,1,0.0392,5,29.9399,0.3526,177908.04,177 908 RUB,Капитальный
living_room (108).jpg,livingRoom,television_room,0.5537,0.2261,1.0,0.0891,9,0.0009,0.204,2.33,0.5917,2,0.039,6,36.0358,0.4038,185340.63,185 341 RUB,Капитальный
living_room (109).jpeg,livingRoom,television_room,0.4061,0.1683,0.5132,0.0503,5,0.0056,0.2113,2.3186,0.5855,0,0.0393,4,21.3332,0.499,156709.1,156 709 RUB,Косметический
living_room (109).jpg,livingRoom,television_room,0.4067,0.1831,1.0,0.0763,8,0.0002,0.1976,2.33,0.5497,0,0.0695,7,42.0418,0.3474,175366.02,175 366 RUB,Капитальный
living_room (11).jpeg,livingRoom,living_room,0.2923,0.2557,1.0,0.088,10,0.0017,0.1541,2.32,0.1252,2,0.0527,9,54.2165,0.2995,226030.75,226 031 RUB,Капитальный
living_room (11).jpg,livingRoom,alcove,0.5786,0.2528,0.2586,0.0733,0,0.0,0.1986,2.3186,0.563,1,0.0278,0,0.0,0.6392,102630.97,102 631 RUB,Косметический
living_room (110).jpeg,livingRoom,recreation_room,0.5119,0.218,0.5111,0.0794,9,0.0108,0.2073,2.3186,0.5741,2,0.0157,6,31.9998,0.5366,171498.15,171 498 RUB,Капитальный
living_room (110).jpg,livingRoom,recreation_room,0.5853,0.1977,0.8477,0.07,9,0.0,0.2066,2.31,0.6622,1,0.0262,8,48.3381,0.4658,167894.58,167 895 RUB,Косметический
living_room (111).jpeg,livingRoom,television_room,0.5415,0.1729,1.0,0.1123,5,0.0005,0.219,2.33,0.6807,1,0.0249,3,18.0179,0.3942,169368.2,169 368 RUB,Косметический
living_room (111).jpg,livingRoom,wet_bar,0.5041,0.1623,1.0,0.0653,7,0.0,0.1758,2.33,0.678,0,0.0983,6,36.0358,0.3886,178493.28,178 493 RUB,Капитальный
living_room (112).jpeg,livingRoom,television_room,0.5354,0.237,1.0,0.0757,9,0.0,0.2062,2.31,0.5574,2,0.0515,5,30.2113,0.399,183300.49,183 300 RUB,Капитальный
living_room (112).jpg,livingRoom,living_room,0.5431,0.1688,1.0,0.0901,4,0.0,0.1989,2.32,0.6892,0,0.0541,3,18.0722,0.3992,166539.0,166 539 RUB,Косметический
living_room (113).jpeg,livingRoom,living_room,0.5436,0.2013,0.8513,0.1001,8,0.0019,0.2012,2.3186,0.6298,1,0.041,7,37.3331,0.4422,171804.53,171 805 RUB,Капитальный
living_room (113).jpg,livingRoom,wet_bar,0.4501,0.1804,0.6605,0.0444,6,0.0,0.1788,2.3186,0.5993,0,0.0542,4,21.3332,0.473,161662.22,161 662 RUB,Косметический
living_room (114).jpeg,livingRoom,living_room,0.3271,0.2023,0.7862,0.0753,3,0.0008,0.1816,2.3168,0.3817,0,0.0506,3,17.9103,0.38,168745.94,168 746 RUB,Косметический
living_room (114).jpg,livingRoom,living_room,0.3346,0.2131,1.0,0.1221,16,0.0075,0.2023,2.3186,0.363,1,0.0694,13,69.333,0.3102,222621.94,222 622 RUB,Капитальный
living_room (115).jpeg,livingRoom,waiting_room,0.2918,0.1974,1.0,0.105,9,0.0033,0.1743,2.33,0.3235,3,0.1306,6,36.0358,0.296,220819.71,220 820 RUB,Капитальный
living_room (115).jpg,livingRoom,living_room,0.5857,0.1927,0.6826,0.1185,8,0.0138,0.1875,2.33,0.6709,3,0.0112,8,48.0478,0.5072,187103.68,187 104 RUB,Капитальный
living_room (116).jpeg,livingRoom,living_room,0.5626,0.1517,1.0,0.1213,15,0.0011,0.1929,2.3186,0.7303,0,0.0644,13,69.333,0.4009,197805.04,197 805 RUB,Капитальный
living_room (116).jpg,livingRoom,wet_bar,0.4622,0.2273,1.0,0.0832,9,0.0001,0.189,2.32,0.5082,2,0.0582,8,48.1925,0.3682,193305.01,193 305 RUB,Капитальный
living_room (117).jpeg,livingRoom,television_room,0.6674,0.1935,1.0,0.0707,15,0.0018,0.1925,2.31,0.7101,3,0.0367,13,78.5494,0.453,200432.08,200 432 RUB,Капитальный
living_room (117).jpg,livingRoom,television_room,0.4191,0.1848,0.5732,0.0744,7,0.0003,0.1714,2.32,0.559,0,0.0577,6,36.1444,0.4808,168843.76,168 844 RUB,Косметический
living_room (118).jpeg,livingRoom,living_room,0.4217,0.2065,1.0,0.1325,10,0.001,0.2006,2.3229,0.5103,0,0.0977,6,37.6173,0.3423,194544.05,194 544 RUB,Капитальный
living_room (118).jpg,livingRoom,recreation_room,0.433,0.2339,0.348,0.0841,6,0.0001,0.1693,2.3186,0.4598,3,0.0488,4,21.3332,0.552,196161.63,196 162 RUB,Капитальный
living_room (119).jpeg,livingRoom,television_room,0.4987,0.2187,1.0,0.0703,6,0.0,0.1601,2.33,0.5615,1,0.0642,1,6.006,0.3854,159100.87,159 101 RUB,Косметический
living_room (119).jpg,livingRoom,television_room,0.4207,0.2206,1.0,0.099,11,0.034,0.1905,2.3229,0.4756,0,0.1158,8,50.1564,0.3519,198135.87,198 136 RUB,Капитальный
living_room (12).jpeg,livingRoom,living_room,0.2904,0.1452,0.3638,0.0506,3,0.0,0.1595,2.32,0.5,0,0.0588,2,12.0481,0.4969,165209.91,165 210 RUB,Косметический
living_room (12).jpg,livingRoom,living_room,0.6008,0.2275,0.6894,0.0736,6,0.0,0.1736,2.3186,0.6213,1,0.0276,5,26.6665,0.5188,164185.11,164 185 RUB,Косметический
living_room (120).jpeg,livingRoom,living_room,0.6262,0.2324,1.0,0.1475,5,0.0,0.1979,2.31,0.6289,5,0.084,3,18.1268,0.421,208670.59,208 671 RUB,Капитальный
living_room (120).jpg,livingRoom,television_room,0.446,0.1839,1.0,0.0972,8,0.0287,0.1992,2.33,0.5877,0,0.0613,6,36.0358,0.3618,175237.45,175 237 RUB,Капитальный
living_room (121).jpeg,livingRoom,beauty_salon,0.3597,0.2144,1.0,0.0961,11,0.0,0.1879,2.3186,0.4039,2,0.0498,11,58.6664,0.3246,209647.86,209 648 RUB,Капитальный
living_room (121).jpg,livingRoom,living_room,0.3523,0.2067,1.0,0.069,6,0.0,0.1835,2.3333,0.4133,0,0.0606,5,35.714,0.3271,173320.09,173 320 RUB,Капитальный
living_room (122).jpeg,livingRoom,living_room,0.4915,0.1641,0.7127,0.0766,4,0.0,0.195,2.33,0.6662,0,0.0474,4,24.0239,0.4675,160180.09,160 180 RUB,Косметический
living_room (122).jpg,livingRoom,wet_bar,0.5764,0.216,0.8724,0.0902,13,0.0005,0.2088,2.33,0.6252,1,0.0352,8,48.0478,0.4508,183623.75,183 624 RUB,Капитальный
living_room (123).jpeg,livingRoom,entrance_hall,0.4864,0.1005,0.2486,0.0445,0,0.0013,0.1457,2.3186,0.7933,0,0.0137,0,0.0,0.6112,84865.96,84 866 RUB,Без ремонта
living_room (123).jpg,livingRoom,living_room,0.2742,0.2617,1.0,0.0773,8,0.0025,0.1651,2.3303,0.0455,3,0.0414,7,37.5333,0.2945,222546.71,222 547 RUB,Капитальный
living_room (124).jpeg,livingRoom,living_room,0.5235,0.1777,1.0,0.0648,5,0.0042,0.1817,2.3186,0.6604,1,0.0285,2,10.6666,0.3969,153085.53,153 086 RUB,Косметический
living_room (124).jpg,livingRoom,living_room,0.4073,0.2503,1.0,0.1149,7,0.0019,0.1781,2.3186,0.3855,3,0.1015,4,21.3332,0.3401,208493.93,208 494 RUB,Капитальный
living_room (125).jpeg,livingRoom,alcove,0.5628,0.1706,0.1798,0.0152,2,0.0,0.1558,2.3333,0.6968,1,0.0102,1,5.3333,0.6681,117566.71,117 567 RUB,Косметический
living_room (125).jpg,livingRoom,entrance_hall,0.4773,0.2025,1.0,0.0739,2,0.0,0.1927,2.32,0.5758,0,0.0715,2,12.0481,0.3761,156239.65,156 240 RUB,Косметический
living_room (126).jpeg,livingRoom,bow_window/indoor,0.42,0.1553,0.4056,0.0419,0,0.0088,0.1689,2.32,0.6303,0,0.0209,0,0.0,0.5388,97228.26,97 228 RUB,Косметический
living_room (126).jpg,livingRoom,waiting_room,0.4687,0.1532,0.5161,0.0744,7,0.0,0.1924,2.33,0.6731,0,0.047,6,36.0358,0.5178,163340.49,163 340 RUB,Косметический
living_room (127).jpeg,livingRoom,recreation_room,0.5449,0.2039,1.0,0.0679,3,0.0001,0.1728,2.31,0.6258,3,0.0703,3,18.1268,0.4044,180520.09,180 520 RUB,Капитальный
living_room (127).jpg,livingRoom,living_room,0.3889,0.1914,0.9972,0.0921,7,0.0,0.1848,2.3069,0.5078,0,0.0949,6,35.9279,0.338,189643.73,189 644 RUB,Капитальный
living_room (128).jpeg,livingRoom,alcove,0.4469,0.2068,1.0,0.0804,2,0.0096,0.186,2.33,0.5372,2,0.0299,1,6.006,0.3636,141731.35,141 731 RUB,Косметический
living_room (128).jpg,livingRoom,living_room,0.4007,0.2423,1.0,0.0969,20,0.0024,0.1579,2.3186,0.3955,2,0.0497,16,85.3329,0.3412,218810.26,218 810 RUB,Капитальный
living_room (129).jpeg,livingRoom,alcove,0.6382,0.1695,0.4222,0.0361,1,0.0,0.1331,2.33,0.7344,2,0.0127,1,6.006,0.6214,114142.31,114 142 RUB,Косметический
living_room (129).jpg,livingRoom,television_room,0.4696,0.2527,1.0,0.0967,9,0.0,0.204,2.33,0.4619,2,0.069,6,36.0358,0.3685,196124.65,196 125 RUB,Капитальный
living_room (13).jpeg,livingRoom,bow_window/indoor,0.4191,0.2265,1.0,0.1407,15,0.0078,0.1696,2.3182,0.4595,2,0.0542,6,32.8765,0.3403,201806.36,201 806 RUB,Капитальный
living_room (13).jpg,livingRoom,dining_room,0.3831,0.2721,0.4227,0.0668,6,0.0,0.1963,2.3186,0.2896,1,0.0585,6,31.9998,0.5131,183850.56,183 851 RUB,Капитальный
living_room (130).jpeg,livingRoom,television_room,0.4596,0.2069,0.4438,0.0872,2,0.0,0.1832,2.3186,0.5497,1,0.0449,1,5.3333,0.5333,140158.01,140 158 RUB,Косметический
living_room (130).jpg,livingRoom,wet_bar,0.5968,0.1843,1.0,0.1022,11,0.0,0.2135,2.32,0.6912,2,0.0501,2,12.0481,0.4183,187473.99,187 474 RUB,Капитальный
living_room (131).jpeg,livingRoom,alcove,0.3644,0.1349,0.1979,0.036,1,0.0,0.1558,2.33,0.6298,0,0.0341,1,6.006,0.5792,115569.08,115 569 RUB,Косметический
living_room (131).jpg,livingRoom,entrance_hall,0.5913,0.1511,1.0,0.0815,1,0.0581,0.202,2.33,0.7444,0,0.0149,1,6.006,0.426,119170.72,119 171 RUB,Косметический
living_room (132).jpeg,livingRoom,television_room,0.4348,0.2929,0.5463,0.071,6,0.0005,0.2244,2.3186,0.3264,0,0.0864,4,21.3332,0.4959,177904.23,177 904 RUB,Капитальный
living_room (132).jpg,livingRoom,artists_loft,0.5451,0.132,0.4983,0.0581,1,0.0047,0.1725,2.33,0.7578,0,0.0169,0,0.0,0.5574,84945.86,84 946 RUB,Без ремонта
living_room (133).jpeg,livingRoom,television_room,0.4052,0.2184,0.4011,0.0403,5,0.0004,0.1687,2.3186,0.461,0,0.063,4,21.3332,0.5337,166644.95,166 645 RUB,Косметический
living_room (133).jpg,livingRoom,television_room,0.4957,0.2327,1.0,0.086,11,0.0,0.1944,2.33,0.5306,2,0.0599,6,36.0358,0.3811,194150.79,194 151 RUB,Капитальный
living_room (134).jpeg,livingRoom,television_room,0.5877,0.2344,1.0,0.0817,9,0.0001,0.2153,2.31,0.6012,2,0.0534,9,54.3803,0.4187,190138.23,190 138 RUB,Капитальный
living_room (134).jpg,livingRoom,living_room,0.3771,0.259,0.8173,0.0717,13,0.0,0.1919,2.3186,0.3133,3,0.0278,9,47.9997,0.3913,212611.4,212 611 RUB,Капитальный
living_room (135).jpeg,livingRoom,living_room,0.5289,0.1938,1.0,0.0919,5,0.0002,0.1869,2.3055,0.6336,0,0.072,4,22.4088,0.3932,167802.09,167 802 RUB,Косметический
living_room (135).jpg,livingRoom,television_room,0.5071,0.1616,0.8811,0.098,12,0.0004,0.1888,2.33,0.6813,0,0.044,8,48.0478,0.4189,184289.58,184 290 RUB,Капитальный
living_room (136).jpeg,livingRoom,living_room,0.4434,0.2548,1.0,0.0988,9,0.0006,0.1891,2.32,0.4252,2,0.0605,7,42.1684,0.3576,196779.27,196 779 RUB,Капитальный
living_room (136).jpg,livingRoom,entrance_hall,0.5992,0.1511,1.0,0.0986,1,0.1652,0.1971,2.3186,0.7479,0,0.0204,0,0.0,0.4365,93840.45,93 840 RUB,Косметический
living_room (137).jpeg,livingRoom,waiting_room,0.3867,0.215,0.1898,0.0498,4,0.0,0.1692,2.3333,0.444,1,0.028,3,12.0,0.5878,161026.52,161 027 RUB,Косметический
living_room (137).jpg,livingRoom,wet_bar,0.4857,0.1945,1.0,0.1,18,0.0014,0.2025,2.31,0.5996,0,0.0709,14,84.5916,0.3744,201130.6,201 131 RUB,Капитальный
living_room (138).jpeg,livingRoom,television_room,0.4832,0.2391,1.0,0.1075,3,0.0,0.1994,2.3186,0.5052,1,0.0328,3,15.9999,0.3718,167723.38,167 723 RUB,Косметический
living_room (138).jpg,livingRoom,alcove,0.4054,0.2133,0.8756,0.0822,13,0.0053,0.1803,2.3186,0.4738,1,0.0821,5,26.6665,0.3836,201496.29,201 496 RUB,Капитальный
living_room (139).jpeg,livingRoom,living_room,0.3241,0.1951,1.0,0.1288,11,0.0,0.2001,2.33,0.3982,0,0.0814,7,42.0418,0.3039,190962.12,190 962 RUB,Капитальный
living_room (139).jpg,livingRoom,home_theater,0.2385,0.1708,0.2433,0.046,3,0.0,0.1454,2.3186,0.2838,1,0.0086,3,15.9999,0.5132,176539.69,176 540 RUB,Капитальный
living_room (14).jpeg,livingRoom,television_room,0.4027,0.1965,0.6438,0.0684,6,0.0002,0.1812,2.303,0.5121,0,0.066,6,36.697,0.4543,171157.34,171 157 RUB,Капитальный
living_room (14).jpg,livingRoom,waiting_room,0.574,0.3172,0.3294,0.0571,5,0.0003,0.18,2.3186,0.4474,0,0.0332,5,26.6665,0.6194,163950.97,163 951 RUB,Косметический
living_room (140).jpeg,livingRoom,entrance_hall,0.4501,0.1777,0.646,0.0626,0,0.0001,0.1896,2.3186,0.6053,2,0.0136,0,0.0,0.4737,116974.87,116 975 RUB,Косметический
living_room (140).jpg,livingRoom,living_room,0.445,0.2893,0.5593,0.1115,2,0.0015,0.2184,2.3303,0.35,2,0.0535,2,10.7238,0.4881,179768.49,179 768 RUB,Капитальный
living_room (141).jpeg,livingRoom,entrance_hall,0.5014,0.2,1.0,0.0933,4,0.0086,0.2058,2.33,0.601,2,0.0964,3,18.0179,0.3828,183639.57,183 640 RUB,Капитальный
living_room (141).jpg,livingRoom,television_room,0.2632,0.2668,0.919,0.0511,6,0.0028,0.1461,2.33,0.0,1,0.0333,5,30.0298,0.3197,196897.53,196 898 RUB,Капитальный
living_room (142).jpeg,livingRoom,television_room,0.4188,0.3368,0.865,0.0582,6,0.0,0.1796,2.3186,0.1959,3,0.0445,6,31.9998,0.3964,211545.62,211 546 RUB,Капитальный
living_room (142).jpg,livingRoom,entrance_hall,0.5177,0.1602,0.3086,0.0503,5,0.0,0.1641,2.32,0.6906,0,0.0242,3,18.0722,0.6044,143341.2,143 341 RUB,Косметический
living_room (143).jpeg,livingRoom,television_room,0.5406,0.2393,0.7671,0.0757,3,0.0,0.1933,2.3186,0.5574,2,0.0403,3,15.9999,0.471,166083.88,166 084 RUB,Косметический
living_room (143).jpg,livingRoom,waiting_room,0.5799,0.2186,0.2805,0.0581,13,0.0,0.1925,2.3186,0.6231,1,0.0522,5,26.6665,0.6362,175962.79,175 963 RUB,Капитальный
living_room (144).jpeg,livingRoom,alcove,0.4525,0.1622,0.3418,0.047,1,0.0,0.1376,2.3333,0.6417,1,0.0265,1,5.3333,0.5691,118711.74,118 712 RUB,Косметический
living_room (144).jpg,livingRoom,television_room,0.616,0.1916,1.0,0.1366,13,0.0002,0.1937,2.3186,0.689,3,0.0502,6,31.9998,0.4191,203274.98,203 275 RUB,Капитальный
living_room (145).jpeg,livingRoom,home_theater,0.4264,0.2739,1.0,0.1417,7,0.0,0.2171,2.3186,0.3577,2,0.0434,6,31.9998,0.3422,196178.26,196 178 RUB,Капитальный
living_room (145).jpg,livingRoom,dining_room,0.4532,0.1933,0.5261,0.0813,16,0.0001,0.1851,2.3186,0.5735,0,0.0534,12,63.9997,0.5072,196264.86,196 265 RUB,Капитальный
living_room (146).jpeg,livingRoom,living_room,0.5164,0.1627,1.0,0.1444,3,0.0007,0.1992,2.33,0.685,0,0.0991,3,18.0179,0.3778,171085.81,171 086 RUB,Капитальный
living_room (146).jpg,livingRoom,living_room,0.4476,0.2439,1.0,0.1242,15,0.0,0.2089,2.32,0.4551,2,0.1205,11,66.2647,0.3542,230159.95,230 160 RUB,Капитальный
living_room (147).jpeg,livingRoom,wet_bar,0.5037,0.2314,1.0,0.0964,8,0.0,0.2113,2.33,0.5405,1,0.0458,8,48.0478,0.3822,184308.87,184 309 RUB,Капитальный
living_room (147).jpg,livingRoom,recreation_room,0.4532,0.1801,1.0,0.1091,5,0.0003,0.1944,2.33,0.6027,0,0.0875,4,24.0239,0.3595,170438.62,170 439 RUB,Капитальный
living_room (148).jpeg,livingRoom,living_room,0.4806,0.1942,1.0,0.1386,10,0.0,0.2061,2.33,0.596,0,0.0525,5,30.0298,0.3645,183249.24,183 249 RUB,Капитальный
living_room (148).jpg,livingRoom,elevator_lobby,0.5902,0.1809,0.3495,0.0411,2,0.0,0.1586,2.31,0.6936,2,0.031,1,6.0423,0.623,130452.12,130 452 RUB,Косметический
living_room (149).jpeg,livingRoom,waiting_room,0.4282,0.2803,0.7625,0.0802,15,0.0001,0.2007,2.3186,0.3454,1,0.0448,13,69.333,0.4265,212869.65,212 870 RUB,Капитальный
living_room (149).jpg,livingRoom,television_room,0.6014,0.2519,1.0,0.0873,9,0.0008,0.1739,2.32,0.5812,3,0.0657,5,30.1203,0.4232,197119.92,197 120 RUB,Капитальный
living_room (15).jpeg,livingRoom,living_room,0.2676,0.245,1.0,0.0877,12,0.0007,0.1575,2.32,0.0846,1,0.0487,11,66.2647,0.2896,223170.94,223 171 RUB,Капитальный
living_room (15).jpg,livingRoom,artists_loft,0.6211,0.2179,0.3185,0.0418,3,0.0005,0.1983,2.3186,0.6491,2,0.0199,2,10.6666,0.6446,149466.08,149 466 RUB,Косметический
living_room (150).jpeg,livingRoom,television_room,0.5003,0.2851,0.8308,0.0937,6,0.0009,0.2016,2.3186,0.4301,3,0.0772,6,31.9998,0.4323,198189.95,198 190 RUB,Капитальный
living_room (150).jpg,livingRoom,living_room,0.5105,0.2018,0.5792,0.0689,4,0.0,0.188,2.3186,0.6048,0,0.0222,3,15.9999,0.5167,149651.35,149 651 RUB,Косметический
living_room (151).jpeg,livingRoom,dining_room,0.5425,0.1543,1.0,0.0748,8,0.0017,0.1658,2.33,0.7155,0,0.0269,6,36.0358,0.4022,154992.81,154 993 RUB,Косметический
living_room (151).jpg,livingRoom,television_room,0.5441,0.219,1.0,0.1266,6,0.0014,0.1959,2.3107,0.5974,4,0.0795,5,29.3253,0.3925,207656.62,207 657 RUB,Капитальный
living_room (152).jpeg,livingRoom,living_room,0.4686,0.2255,1.0,0.0677,10,0.0,0.1813,2.33,0.5188,0,0.0672,4,24.0239,0.3739,175857.01,175 857 RUB,Капитальный
living_room (152).jpg,livingRoom,wet_bar,0.5711,0.1788,0.9366,0.0878,18,0.0006,0.1993,2.33,0.687,3,0.0412,10,60.0597,0.43,210955.43,210 955 RUB,Капитальный
living_room (153).jpeg,livingRoom,attic,0.3772,0.2054,0.5113,0.0392,5,0.0005,0.1694,2.3186,0.4556,1,0.0231,2,10.6666,0.4897,161805.1,161 805 RUB,Косметический
living_room (153).jpg,livingRoom,television_room,0.534,0.1786,0.634,0.0474,12,0.0005,0.1697,2.3186,0.6656,2,0.0421,4,21.3332,0.514,181680.2,181 680 RUB,Капитальный
living_room (154).jpeg,livingRoom,living_room,0.581,0.241,1.0,0.0791,13,0.0048,0.1813,2.3097,0.5853,3,0.0485,13,69.5183,0.4171,210582.32,210 582 RUB,Капитальный
living_room (154).jpg,livingRoom,living_room,0.5734,0.2648,1.0,0.1299,6,0.0008,0.1878,2.33,0.5383,3,0.0567,3,18.0179,0.4035,190594.74,190 595 RUB,Капитальный
living_room (155).jpeg,livingRoom,alcove,0.4897,0.1801,1.0,0.0768,8,0.0,0.1734,2.3186,0.6322,0,0.0944,5,26.6665,0.3805,177324.49,177 324 RUB,Капитальный
living_room (155).jpg,livingRoom,reception,0.4515,0.2362,0.779,0.0411,0,0.0,0.1939,2.3186,0.4768,2,0.0366,0,0.0,0.4387,121761.68,121 762 RUB,Косметический
living_room (156).jpeg,livingRoom,dining_room,0.3821,0.2534,1.0,0.073,10,0.0,0.1894,2.3186,0.337,1,0.04,9,47.9997,0.3383,196549.48,196 549 RUB,Капитальный
living_room (156).jpg,livingRoom,waiting_room,0.5568,0.2118,1.0,0.1122,5,0.0,0.2166,2.31,0.6196,0,0.0634,4,24.169,0.4003,166667.41,166 667 RUB,Косметический
living_room (157).jpeg,livingRoom,television_room,0.6169,0.1923,1.0,0.1036,7,0.0,0.2268,2.31,0.6882,2,0.055,7,42.2958,0.426,184932.57,184 933 RUB,Капитальный
living_room (157).jpg,livingRoom,television_room,0.5606,0.2861,0.8872,0.0751,5,0.0006,0.2041,2.33,0.4896,5,0.046,5,30.0298,0.4431,199198.13,199 198 RUB,Капитальный
living_room (158).jpeg,livingRoom,living_room,0.4612,0.2376,0.5076,0.0873,9,0.0006,0.1799,2.3186,0.4847,2,0.0175,7,37.3331,0.5148,182311.83,182 312 RUB,Капитальный
living_room (158).jpg,livingRoom,television_room,0.4129,0.3007,0.5192,0.0939,12,0.0,0.1963,2.3303,0.2716,1,0.0944,6,32.1714,0.4906,201385.39,201 385 RUB,Капитальный
living_room (159).jpeg,livingRoom,living_room,0.479,0.3064,1.0,0.0879,5,0.0011,0.1828,2.33,0.3602,1,0.1076,4,24.0239,0.3741,194875.0,194 875 RUB,Капитальный
living_room (159).jpg,livingRoom,television_room,0.4496,0.1922,0.5754,0.072,14,0.0,0.1941,2.31,0.5725,1,0.0635,13,78.5494,0.4928,199585.25,199 585 RUB,Капитальный
living_room (16).jpeg,livingRoom,television_room,0.5553,0.2413,1.0,0.1352,22,0.0002,0.2159,2.33,0.5655,2,0.1166,9,54.0537,0.3951,227038.55,227 039 RUB,Капитальный
living_room (16).jpg,livingRoom,attic,0.3474,0.1558,0.1977,0.0402,0,0.0,0.1687,2.3186,0.5516,0,0.028,0,0.0,0.5716,101993.42,101 993 RUB,Косметический
living_room (160).jpeg,livingRoom,television_room,0.5643,0.2254,1.0,0.1113,8,0.0,0.2091,2.3069,0.6006,1,0.0425,7,41.9159,0.4035,177723.09,177 723 RUB,Капитальный
living_room (160).jpg,livingRoom,television_room,0.3762,0.1989,0.4322,0.0612,4,0.0004,0.1847,2.31,0.4712,1,0.0272,4,24.169,0.5086,168091.11,168 091 RUB,Косметический
living_room (161).jpeg,livingRoom,recreation_room,0.485,0.1501,1.0,0.0552,4,0.0,0.1567,2.33,0.6904,0,0.0615,4,24.0239,0.3829,159138.92,159 139 RUB,Косметический
living_room (161).jpg,livingRoom,television_room,0.4692,0.2318,0.7333,0.0568,5,0.0021,0.1885,2.3186,0.5059,1,0.0389,4,21.3332,0.4565,168395.17,168 395 RUB,Косметический
living_room (162).jpeg,livingRoom,television_room,0.4953,0.2278,0.1972,0.0566,1,0.0013,0.2037,2.3186,0.5401,0,0.0451,1,5.3333,0.6278,126908.2,126 908 RUB,Косметический
living_room (162).jpg,livingRoom,recreation_room,0.4444,0.2823,0.7872,0.0727,7,0.0068,0.1992,2.3333,0.3648,1,0.0797,4,21.3332,0.4278,184201.2,184 201 RUB,Капитальный
living_room (163).jpeg,livingRoom,artists_loft,0.6683,0.1524,0.3835,0.0331,0,0.0,0.1638,2.32,0.772,1,0.0043,0,0.0,0.6457,88047.06,88 047 RUB,Без ремонта
living_room (163).jpg,livingRoom,television_room,0.4617,0.2311,1.0,0.124,10,0.0001,0.2179,2.32,0.4995,2,0.0907,8,48.1925,0.3599,202622.88,202 623 RUB,Капитальный
living_room (164).jpeg,livingRoom,waiting_room,0.4285,0.2095,0.2418,0.0626,4,0.0,0.1883,2.3333,0.5112,1,0.0252,3,15.9999,0.5863,154115.29,154 115 RUB,Косметический
living_room (164).jpg,livingRoom,waiting_room,0.4599,0.1638,1.0,0.1131,3,0.0004,0.191,2.33,0.6439,0,0.0623,3,18.0179,0.3614,162524.91,162 525 RUB,Косметический
living_room (165).jpeg,livingRoom,television_room,0.4465,0.1884,1.0,0.0852,10,0.0145,0.1895,2.32,0.578,1,0.0626,9,54.2165,0.363,193360.37,193 360 RUB,Капитальный
living_room (165).jpg,livingRoom,living_room,0.4486,0.2279,1.0,0.0624,12,0.0001,0.196,2.33,0.492,0,0.0452,7,42.0418,0.367,180246.7,180 247 RUB,Капитальный
living_room (166).jpeg,livingRoom,living_room,0.4962,0.2349,0.5654,0.0948,2,0.0002,0.1905,2.3186,0.5266,2,0.0156,2,10.6666,0.5099,159072.94,159 073 RUB,Косметический
living_room (166).jpg,livingRoom,recreation_room,0.5075,0.185,1.0,0.0902,13,0.0018,0.2183,2.33,0.6355,3,0.0371,10,60.0597,0.3851,209740.25,209 740 RUB,Капитальный
living_room (167).jpeg,livingRoom,television_room,0.5314,0.2042,1.0,0.1096,14,0.0031,0.2043,2.32,0.6157,0,0.1032,7,42.1684,0.3909,193694.09,193 694 RUB,Капитальный
living_room (167).jpg,livingRoom,television_room,0.6375,0.1908,1.0,0.0948,8,0.0029,0.2135,2.3186,0.7007,2,0.0472,8,42.6664,0.4363,184344.07,184 344 RUB,Капитальный
living_room (168).jpeg,livingRoom,waiting_room,0.5105,0.2082,1.0,0.0997,4,0.0,0.183,2.31,0.5922,3,0.0448,3,18.1268,0.3843,185589.41,185 589 RUB,Капитальный
living_room (168).jpg,livingRoom,living_room,0.2639,0.1236,0.6183,0.0765,11,0.0009,0.1598,2.33,0.5318,0,0.1186,5,30.0298,0.4049,189323.57,189 324 RUB,Капитальный
living_room (169).jpeg,livingRoom,television_room,0.6537,0.252,1.0,0.0808,15,0.0,0.1927,2.31,0.6145,1,0.0509,10,60.4226,0.4453,190622.54,190 623 RUB,Капитальный
living_room (169).jpg,livingRoom,alcove,0.4708,0.2139,0.245,0.0349,1,0.0,0.1607,2.3186,0.5457,4,0.0099,0,0.0,0.6079,125009.28,125 009 RUB,Косметический
living_room (17).jpeg,livingRoom,bow_window/indoor,0.3956,0.1707,0.682,0.0501,0,0.0055,0.175,2.32,0.5685,0,0.0346,0,0.0,0.4442,103495.95,103 496 RUB,Косметический
living_room (17).jpg,livingRoom,television_room,0.503,0.2643,0.7187,0.0882,5,0.0,0.2189,2.3186,0.4746,1,0.0258,5,26.6665,0.4679,171964.04,171 964 RUB,Капитальный
living_room (170).jpeg,livingRoom,television_room,0.5106,0.1887,1.0,0.0735,10,0.0023,0.1889,2.31,0.6305,0,0.0517,7,42.2958,0.3897,174900.8,174 901 RUB,Капитальный
living_room (170).jpg,livingRoom,television_room,0.4865,0.1494,0.4186,0.0504,6,0.0,0.1589,2.3186,0.6928,0,0.085,4,21.3332,0.5589,163450.08,163 450 RUB,Косметический
living_room (171).jpeg,livingRoom,living_room,0.4952,0.1776,1.0,0.0871,7,0.0,0.1926,2.32,0.6414,0,0.0584,6,36.1444,0.3807,172824.16,172 824 RUB,Капитальный
living_room (171).jpg,livingRoom,waiting_room,0.4147,0.2492,1.0,0.1216,8,0.0,0.1987,2.33,0.3991,1,0.1125,6,36.0358,0.3416,202794.95,202 795 RUB,Капитальный
living_room (172).jpeg,livingRoom,entrance_hall,0.4262,0.1894,1.0,0.0653,18,0.0002,0.1835,2.33,0.5556,0,0.0444,14,84.0836,0.3574,194338.16,194 338 RUB,Капитальный
living_room (172).jpg,livingRoom,wet_bar,0.5754,0.2209,1.0,0.0612,5,0.0008,0.1951,2.33,0.616,2,0.0464,1,6.006,0.418,147582.97,147 583 RUB,Косметический
living_room (173).jpeg,livingRoom,bedchamber,0.7381,0.1952,1.0,0.0941,6,0.0016,0.1643,2.33,0.7356,4,0.0571,3,18.0179,0.4766,191852.57,191 853 RUB,Капитальный
living_room (173).jpg,livingRoom,living_room,0.4609,0.2521,1.0,0.0801,18,0.0001,0.2034,2.33,0.4531,3,0.0686,16,96.0955,0.3683,224745.01,224 745 RUB,Капитальный
living_room (174).jpeg,livingRoom,living_room,0.5397,0.1937,1.0,0.1458,16,0.0002,0.1756,2.33,0.6411,1,0.0982,13,78.0776,0.3868,217278.55,217 279 RUB,Капитальный
living_room (174).jpg,livingRoom,living_room,0.4962,0.2671,1.0,0.1509,15,0.0001,0.2185,2.31,0.4617,1,0.0783,13,78.5494,0.3683,213019.88,213 020 RUB,Капитальный
living_room (175).jpeg,livingRoom,waiting_room,0.4575,0.2586,1.0,0.0724,12,0.0,0.1963,2.3333,0.4347,1,0.0795,11,47.2101,0.3685,198154.45,198 154 RUB,Капитальный
living_room (175).jpg,livingRoom,dining_room,0.4198,0.2235,0.34,0.0503,7,0.0003,0.1802,2.3186,0.4675,0,0.0802,7,37.3331,0.5559,182143.76,182 144 RUB,Капитальный
living_room (176).jpeg,livingRoom,living_room,0.4288,0.3207,1.0,0.1063,14,0.0001,0.1897,2.3186,0.2521,3,0.0698,10,53.333,0.3503,234535.81,234 536 RUB,Капитальный
living_room (176).jpg,livingRoom,living_room,0.5215,0.21,1.0,0.1073,16,0.0088,0.1901,2.32,0.5974,0,0.042,7,42.1684,0.388,178639.75,178 640 RUB,Капитальный
living_room (177).jpeg,livingRoom,living_room,0.481,0.1751,1.0,0.106,8,0.0008,0.1919,2.33,0.6359,0,0.0945,6,36.0358,0.3713,183033.3,183 033 RUB,Капитальный
living_room (177).jpg,livingRoom,wet_bar,0.4848,0.1965,1.0,0.0694,11,0.0022,0.1975,2.3186,0.5947,0,0.0542,4,21.3332,0.3803,170615.43,170 615 RUB,Капитальный
living_room (178).jpeg,livingRoom,living_room,0.4318,0.1573,0.7927,0.0487,4,0.0,0.1206,2.3186,0.6358,0,0.0438,4,21.3332,0.4252,157953.58,157 954 RUB,Косметический
living_room (178).jpg,livingRoom,television_room,0.5697,0.1843,1.0,0.0919,6,0.001,0.2026,2.31,0.6765,0,0.041,5,30.2113,0.4096,165867.15,165 867 RUB,Косметический
living_room (179).jpeg,livingRoom,bow_window/indoor,0.471,0.1654,0.6642,0.1139,4,0.0166,0.1857,2.33,0.6488,0,0.0305,4,24.0239,0.468,159181.73,159 182 RUB,Косметический
living_room (179).jpg,livingRoom,waiting_room,0.5426,0.2133,1.0,0.0797,9,0.0002,0.1965,2.3168,0.6068,1,0.0844,6,35.8207,0.4011,184806.33,184 806 RUB,Капитальный
living_room (18).jpeg,livingRoom,television_room,0.559,0.3225,1.0,0.0772,9,0.0005,0.174,2.3186,0.423,4,0.0864,7,37.3331,0.4082,217597.85,217 598 RUB,Капитальный
living_room (18).jpg,livingRoom,wet_bar,0.6004,0.2449,0.3756,0.0566,11,0.0,0.1958,2.3186,0.5921,2,0.0695,5,26.6665,0.6162,183495.32,183 495 RUB,Капитальный
living_room (180).jpeg,livingRoom,bow_window/indoor,0.3657,0.1854,1.0,0.0597,0,0.0245,0.1559,2.3186,0.4929,0,0.0078,0,0.0,0.3368,103710.59,103 711 RUB,Косметический
living_room (180).jpg,livingRoom,living_room,0.485,0.2804,1.0,0.1236,11,0.0,0.1846,2.3186,0.4219,3,0.0836,9,47.9997,0.3693,219120.04,219 120 RUB,Капитальный
living_room (181).jpeg,livingRoom,television_room,0.4725,0.2063,1.0,0.1082,5,0.0,0.2002,2.33,0.5635,0,0.0784,4,24.0239,0.3674,169766.35,169 766 RUB,Косметический
living_room (181).jpg,livingRoom,television_room,0.6695,0.2353,1.0,0.0739,7,0.0002,0.1855,2.33,0.6485,1,0.0626,6,36.0358,0.453,166165.2,166 165 RUB,Косметический
living_room (182).jpeg,livingRoom,mezzanine,0.5568,0.1939,1.0,0.143,20,0.0011,0.1943,2.33,0.6517,0,0.0907,14,84.0836,0.3942,210321.13,210 321 RUB,Капитальный
living_room (182).jpg,livingRoom,home_office,0.3205,0.2253,1.0,0.1042,4,0.0002,0.1681,2.3186,0.297,2,0.0353,3,15.9999,0.3074,179257.07,179 257 RUB,Капитальный
living_room (183).jpeg,livingRoom,artists_loft,0.6976,0.1627,0.8055,0.0671,1,0.0,0.1863,2.31,0.7668,3,0.0077,0,0.0,0.524,106508.78,106 509 RUB,Косметический
living_room (183).jpg,livingRoom,recreation_room,0.4389,0.1968,1.0,0.081,3,0.0,0.1807,2.33,0.5515,1,0.0457,3,18.0179,0.3594,166069.02,166 069 RUB,Косметический
living_room (184).jpeg,livingRoom,basement,0.4252,0.2098,0.6265,0.0356,2,0.0,0.1738,2.3186,0.5066,0,0.0681,2,10.6666,0.475,149580.65,149 581 RUB,Косметический
living_room (184).jpg,livingRoom,entrance_hall,0.4338,0.1881,0.3337,0.036,0,0.0002,0.1884,2.3186,0.5664,0,0.0119,0,0.0,0.5663,94759.65,94 760 RUB,Косметический
living_room (185).jpeg,livingRoom,television_room,0.5868,0.1888,1.0,0.079,7,0.0,0.1922,2.32,0.6782,0,0.0547,3,18.0722,0.4189,166022.03,166 022 RUB,Косметический
living_room (185).jpg,livingRoom,waiting_room,0.5036,0.2647,1.0,0.0863,8,0.001,0.2041,2.3186,0.4745,2,0.0476,7,37.3331,0.3843,195994.89,195 995 RUB,Капитальный
living_room (186).jpeg,livingRoom,basement,0.5052,0.1768,1.0,0.0737,19,0.0003,0.1941,2.32,0.6501,0,0.0514,17,102.409,0.3874,198360.73,198 361 RUB,Капитальный
living_room (186).jpg,livingRoom,living_room,0.4749,0.2439,1.0,0.1311,12,0.0,0.1993,2.33,0.4865,1,0.0668,10,60.0597,0.3638,206168.52,206 169 RUB,Капитальный
living_room (187).jpeg,livingRoom,recreation_room,0.45,0.2146,1.0,0.0607,17,0.0017,0.1777,2.33,0.5231,0,0.065,15,90.0895,0.368,194774.29,194 774 RUB,Капитальный
living_room (187).jpg,livingRoom,living_room,0.5109,0.2284,1.0,0.1154,2,0.0,0.2051,2.3232,0.5529,0,0.0744,2,12.158,0.3813,160886.02,160 886 RUB,Косметический
living_room (188).jpeg,livingRoom,waiting_room,0.5696,0.2228,0.9327,0.071,5,0.0004,0.1917,2.3186,0.6089,1,0.0281,5,26.6665,0.4339,164436.41,164 436 RUB,Косметический
living_room (188).jpg,livingRoom,bow_window/indoor,0.4902,0.2215,1.0,0.1732,8,0.0003,0.2052,2.33,0.5481,0,0.0306,7,42.0418,0.3615,173826.38,173 826 RUB,Капитальный
living_room (189).jpeg,livingRoom,living_room,0.6622,0.2707,1.0,0.083,15,0.0,0.1867,2.31,0.5912,2,0.058,3,18.1268,0.4483,187322.75,187 323 RUB,Капитальный
living_room (189).jpg,livingRoom,television_room,0.5606,0.2841,0.8336,0.1196,14,0.0,0.2161,2.3186,0.4933,3,0.0366,7,37.3331,0.4503,196639.37,196 639 RUB,Капитальный
living_room (19).jpeg,livingRoom,waiting_room,0.5141,0.2179,0.2945,0.0666,5,0.0001,0.209,2.3186,0.5761,2,0.0652,4,21.3332,0.604,170056.32,170 056 RUB,Капитальный
living_room (19).jpg,livingRoom,living_room,0.3978,0.214,0.4008,0.0748,3,0.0001,0.1946,2.3186,0.4619,1,0.0847,3,15.9999,0.5239,172497.63,172 498 RUB,Капитальный
living_room (190).jpeg,livingRoom,television_room,0.4785,0.2036,1.0,0.1169,5,0.0099,0.1998,2.3186,0.5745,0,0.0515,3,15.9999,0.369,167644.15,167 644 RUB,Косметический
living_room (190).jpg,livingRoom,dining_room,0.5159,0.2101,1.0,0.0824,14,0.0,0.2031,2.33,0.5928,1,0.0504,13,78.0776,0.3899,202827.63,202 828 RUB,Капитальный
living_room (191).jpeg,livingRoom,television_room,0.5517,0.2866,0.7395,0.0693,12,0.0019,0.2073,2.33,0.4805,1,0.0355,10,60.0597,0.4852,191788.66,191 789 RUB,Капитальный
living_room (191).jpg,livingRoom,living_room,0.6386,0.1382,0.5263,0.0673,12,0.0,0.158,2.33,0.7836,1,0.0384,6,36.0358,0.5841,158671.88,158 672 RUB,Косметический
living_room (192).jpeg,livingRoom,bow_window/indoor,0.5674,0.1744,0.3367,0.0553,1,0.0,0.1698,2.3186,0.6926,0,0.0398,1,5.3333,0.6149,120689.6,120 690 RUB,Косметический
living_room (192).jpg,livingRoom,bedroom,0.4385,0.1964,0.8486,0.0649,8,0.0009,0.1848,2.33,0.5521,0,0.0644,5,30.0298,0.4079,166563.13,166 563 RUB,Косметический
living_room (193).jpeg,livingRoom,television_room,0.6024,0.1435,1.0,0.1048,1,0.002,0.1884,2.3333,0.7618,1,0.0257,0,0.0,0.4202,108019.33,108 019 RUB,Косметический
living_room (193).jpg,livingRoom,bedroom,0.5925,0.2257,1.0,0.0852,4,0.0007,0.1918,2.3097,0.6192,2,0.0471,3,16.0427,0.42,171816.94,171 817 RUB,Капитальный
living_room (194).jpeg,livingRoom,wet_bar,0.4205,0.2139,1.0,0.1481,13,0.0045,0.2087,2.33,0.4912,0,0.1102,8,48.0478,0.339,206045.23,206 045 RUB,Капитальный
living_room (194).jpg,livingRoom,living_room,0.3115,0.2276,1.0,0.0903,25,0.0003,0.1559,2.3186,0.2692,1,0.0761,4,21.3332,0.3066,206341.35,206 341 RUB,Капитальный
living_room (195).jpeg,livingRoom,entrance_hall,0.4212,0.2334,1.0,0.1115,4,0.0001,0.2138,2.319,0.446,2,0.0692,4,20.7791,0.3462,176461.47,176 461 RUB,Капитальный
living_room (195).jpg,livingRoom,television_room,0.5289,0.2214,1.0,0.1108,3,0.0,0.2134,2.31,0.5814,1,0.0555,3,18.1268,0.3894,167152.88,167 153 RUB,Косметический
living_room (196).jpeg,livingRoom,television_room,0.5759,0.2603,1.0,0.0849,10,0.0014,0.1991,2.31,0.5479,1,0.0714,10,60.4226,0.4135,196925.1,196 925 RUB,Капитальный
living_room (196).jpg,livingRoom,bow_window/indoor,0.4162,0.2232,1.0,0.081,1,0.0,0.2022,2.3186,0.4637,0,0.0201,1,5.3333,0.3503,134295.86,134 296 RUB,Косметический
living_room (197).jpeg,livingRoom,television_room,0.6472,0.2325,1.0,0.0762,4,0.0,0.1979,2.33,0.6407,5,0.0558,3,18.0179,0.4436,192076.67,192 077 RUB,Капитальный
living_room (197).jpg,livingRoom,television_room,0.5796,0.2532,0.8015,0.0653,9,0.0,0.1921,2.33,0.5631,4,0.0402,6,36.0358,0.4783,196051.04,196 051 RUB,Капитальный
living_room (198).jpeg,livingRoom,entrance_hall,0.465,0.1682,0.2701,0.0618,1,0.0,0.1706,2.3186,0.6382,0,0.0124,0,0.0,0.5926,97810.2,97 810 RUB,Косметический
living_room (198).jpg,livingRoom,television_room,0.5557,0.1813,0.9444,0.0945,6,0.0,0.181,2.33,0.6738,0,0.1044,4,24.0239,0.42,177187.39,177 187 RUB,Капитальный
living_room (199).jpeg,livingRoom,living_room,0.552,0.1576,1.0,0.0876,7,0.0031,0.207,2.33,0.7145,1,0.08,6,36.0358,0.4036,184162.93,184 163 RUB,Капитальный
living_room (199).jpg,livingRoom,office,0.6249,0.2588,1.0,0.0965,9,0.0,0.1938,2.31,0.5859,3,0.0524,6,36.2536,0.4307,197063.49,197 063 RUB,Капитальный
living_room (2).jpeg,livingRoom,waiting_room,0.575,0.2301,1.0,0.0624,10,0.0005,0.1765,2.3186,0.5998,0,0.0389,7,37.3331,0.4176,169228.8,169 229 RUB,Косметический
living_room (2).jpg,livingRoom,waiting_room,0.6016,0.2072,0.5847,0.0616,11,0.0019,0.2061,2.3186,0.6556,1,0.0423,5,26.6665,0.5531,168003.62,168 004 RUB,Косметический
living_room (20).jpeg,livingRoom,television_room,0.3657,0.1968,1.0,0.0812,10,0.0086,0.1699,2.3097,0.4619,1,0.0437,6,32.0854,0.3309,190899.7,190 900 RUB,Капитальный
living_room (20).jpg,livingRoom,television_room,0.4668,0.2865,0.9556,0.0539,2,0.003,0.1968,2.3186,0.3863,1,0.0314,1,5.3333,0.3895,142028.25,142 028 RUB,Косметический
living_room (200).jpeg,livingRoom,living_room,0.5691,0.2031,0.6045,0.1017,5,0.0,0.1924,2.3186,0.643,1,0.031,3,15.9999,0.5259,159781.38,159 781 RUB,Косметический
living_room (200).jpg,livingRoom,dining_room,0.4861,0.2071,1.0,0.0633,11,0.0003,0.1829,2.32,0.5738,1,0.0472,9,54.2165,0.3818,191083.95,191 084 RUB,Капитальный
living_room (201).jpeg,livingRoom,television_room,0.4989,0.2025,1.0,0.1126,5,0.0014,0.1792,2.3333,0.5941,2,0.076,4,21.0525,0.3772,175077.49,175 077 RUB,Капитальный
living_room (201).jpg,livingRoom,living_room,0.4436,0.1808,1.0,0.07,6,0.0,0.1622,2.33,0.5925,1,0.0572,5,30.0298,0.3634,168616.42,168 616 RUB,Косметический
living_room (202).jpeg,livingRoom,television_room,0.6008,0.1769,1.0,0.0975,4,0.0,0.1809,2.3186,0.7056,2,0.044,4,21.3332,0.4208,177054.97,177 055 RUB,Капитальный
living_room (202).jpg,livingRoom,television_room,0.5773,0.2026,1.0,0.0929,5,0.0002,0.1889,2.31,0.6491,1,0.0556,4,24.169,0.4124,167680.65,167 681 RUB,Косметический
living_room (203).jpeg,livingRoom,television_room,0.416,0.2646,1.0,0.0987,2,0.0,0.1802,2.33,0.3639,2,0.0702,2,12.0119,0.3467,182807.42,182 807 RUB,Капитальный
living_room (203).jpg,livingRoom,television_room,0.5088,0.2241,0.886,0.0715,10,0.0005,0.1924,2.3186,0.5594,1,0.0427,7,37.3331,0.4234,178751.69,178 752 RUB,Капитальный
living_room (204).jpeg,livingRoom,living_room,0.49,0.2542,0.9707,0.0834,6,0.0,0.1989,2.3186,0.4814,1,0.0909,4,21.3332,0.3881,185281.69,185 282 RUB,Капитальный
living_room (204).jpg,livingRoom,television_room,0.5077,0.2468,1.0,0.083,13,0.0,0.1834,2.31,0.5138,2,0.0798,8,48.3381,0.3865,207926.05,207 926 RUB,Капитальный
living_room (205).jpeg,livingRoom,living_room,0.4903,0.201,1.0,0.0951,16,0.0002,0.2056,2.33,0.59,1,0.0751,4,24.0239,0.3771,192879.1,192 879 RUB,Капитальный
living_room (205).jpg,livingRoom,waiting_room,0.5056,0.2442,1.0,0.0775,42,0.0,0.1994,2.3097,0.5169,1,0.0595,4,21.3903,0.3867,190389.71,190 390 RUB,Капитальный
living_room (206).jpeg,livingRoom,home_theater,0.5292,0.2628,1.0,0.0736,13,0.0,0.1973,2.3069,0.5035,1,0.0423,5,29.9399,0.3969,186485.89,186 486 RUB,Капитальный
living_room (206).jpg,livingRoom,living_room,0.4177,0.2551,0.7129,0.0674,7,0.0,0.2153,2.3303,0.3893,3,0.0276,5,26.8095,0.4397,186012.63,186 013 RUB,Капитальный
living_room (207).jpeg,livingRoom,television_room,0.5214,0.1824,0.889,0.0686,13,0.0002,0.2014,2.3303,0.6502,1,0.0799,7,37.5333,0.4281,191458.48,191 458 RUB,Капитальный
living_room (207).jpg,livingRoom,recreation_room,0.4687,0.2103,1.0,0.0741,3,0.0,0.1819,2.3186,0.5514,1,0.0636,3,15.9999,0.3727,167290.4,167 290 RUB,Косметический
living_room (208).jpeg,livingRoom,entrance_hall,0.3605,0.1689,0.4142,0.0324,0,0.0,0.1322,2.3186,0.5314,1,0.007,0,0.0,0.5135,105924.31,105 924 RUB,Косметический
living_room (208).jpg,livingRoom,porch,0.4216,0.2462,0.9728,0.1093,9,0.011,0.2011,2.33,0.4159,1,0.1214,7,42.0418,0.356,209298.57,209 299 RUB,Капитальный
living_room (209).jpeg,livingRoom,alcove,0.4822,0.1844,0.2472,0.0465,0,0.0002,0.1669,2.3186,0.6175,0,0.0229,0,0.0,0.6094,92173.01,92 173 RUB,Косметический
living_room (209).jpg,livingRoom,television_room,0.6584,0.2562,0.3295,0.0459,25,0.0001,0.1922,2.3055,0.6109,4,0.0444,6,33.6133,0.6554,196500.09,196 500 RUB,Капитальный
living_room (21).jpeg,livingRoom,living_room,0.423,0.2012,1.0,0.1469,7,0.0,0.2142,2.33,0.5243,0,0.1334,5,30.0298,0.3398,193009.99,193 010 RUB,Капитальный
living_room (21).jpg,livingRoom,entrance_hall,0.5125,0.2423,0.9167,0.1029,9,0.0016,0.2007,2.3186,0.5272,0,0.0144,6,31.9998,0.4096,170872.54,170 873 RUB,Капитальный
living_room (210).jpeg,livingRoom,living_room,0.5137,0.1689,1.0,0.1118,5,0.0,0.2094,2.33,0.6713,1,0.0477,3,18.0179,0.3831,170615.89,170 616 RUB,Капитальный
living_room (210).jpg,livingRoom,living_room,0.4506,0.1173,0.6513,0.0896,10,0.0001,0.1671,2.33,0.7396,0,0.0529,4,24.0239,0.4669,173160.83,173 161 RUB,Капитальный
living_room (211).jpeg,livingRoom,playroom,0.4691,0.2558,1.0,0.0817,13,0.0041,0.1884,2.3186,0.4546,1,0.0341,2,10.6666,0.3717,188922.68,188 923 RUB,Капитальный
living_room (211).jpg,livingRoom,dining_room,0.5955,0.2735,1.0,0.1217,9,0.0,0.1903,2.33,0.5408,1,0.0538,8,48.0478,0.4139,182518.3,182 518 RUB,Капитальный
living_room (212).jpeg,livingRoom,bedroom,0.6262,0.2275,1.0,0.0906,5,0.0,0.1654,2.3186,0.6367,1,0.0631,4,21.3332,0.4324,167645.42,167 645 RUB,Косметический
living_room (212).jpg,livingRoom,television_room,0.6435,0.18,1.0,0.0742,9,0.0,0.2057,2.33,0.7203,1,0.0377,5,30.0298,0.4426,167448.64,167 449 RUB,Косметический
living_room (213).jpeg,livingRoom,waiting_room,0.673,0.2997,0.4436,0.0339,6,0.0003,0.159,2.3186,0.5547,1,0.0074,4,21.3332,0.6293,157440.7,157 441 RUB,Косметический
living_room (213).jpg,livingRoom,waiting_room,0.4666,0.2662,1.0,0.113,6,0.0062,0.1949,2.3186,0.4296,1,0.0807,3,15.9999,0.3647,188326.6,188 327 RUB,Капитальный
living_room (214).jpeg,livingRoom,television_room,0.3991,0.2767,0.6822,0.0743,8,0.0001,0.1993,2.3186,0.3067,1,0.0449,6,31.9998,0.4401,182362.26,182 362 RUB,Капитальный
living_room (214).jpg,livingRoom,living_room,0.4582,0.2919,0.9822,0.075,5,0.0,0.2067,2.3333,0.3629,5,0.0242,3,15.9999,0.3736,187787.48,187 787 RUB,Капитальный
living_room (215).jpeg,livingRoom,bow_window/indoor,0.6058,0.27,0.6544,0.0444,1,0.0002,0.1665,2.3186,0.5544,0,0.0119,1,5.3333,0.5372,120108.34,120 108 RUB,Косметический
living_room (215).jpg,livingRoom,television_room,0.5712,0.2483,1.0,0.1236,14,0.0,0.2207,2.31,0.5653,1,0.059,4,24.169,0.4037,187424.84,187 425 RUB,Капитальный
living_room (216).jpeg,livingRoom,living_room,0.6197,0.2936,0.8291,0.0709,16,0.0,0.1805,2.3186,0.5262,2,0.0222,4,21.3332,0.485,186758.0,186 758 RUB,Капитальный
living_room (216).jpg,livingRoom,television_room,0.5692,0.1862,0.8557,0.0669,8,0.0008,0.1967,2.32,0.673,2,0.0312,7,42.1684,0.4577,175713.76,175 714 RUB,Капитальный
living_room (217).jpeg,livingRoom,living_room,0.407,0.2442,0.8228,0.0541,6,0.0,0.1676,2.3186,0.4,0,0.0209,6,31.9998,0.4051,165170.72,165 171 RUB,Косметический
living_room (217).jpg,livingRoom,wet_bar,0.3965,0.2256,1.0,0.0762,15,0.002,0.2119,2.3186,0.4311,2,0.0511,10,53.333,0.3436,210623.05,210 623 RUB,Капитальный
living_room (218).jpeg,livingRoom,bow_window/indoor,0.4805,0.2465,0.3206,0.0491,1,0.001,0.1856,2.3186,0.487,1,0.0264,1,5.3333,0.5863,134441.13,134 441 RUB,Косметический
living_room (218).jpg,livingRoom,television_room,0.3977,0.2547,1.0,0.1214,7,0.001,0.2067,2.33,0.3596,1,0.0826,5,30.0298,0.3349,193097.41,193 097 RUB,Капитальный
living_room (219).jpeg,livingRoom,alcove,0.7432,0.2843,0.2074,0.0596,2,0.0013,0.1422,2.3186,0.6175,1,0.0063,2,10.6666,0.7233,132558.95,132 559 RUB,Косметический
living_room (219).jpg,livingRoom,television_room,0.3409,0.2319,0.4552,0.0549,6,0.0,0.1827,2.3333,0.3197,1,0.0249,6,31.9998,0.4888,178781.05,178 781 RUB,Капитальный
living_room (22).jpeg,livingRoom,home_theater,0.4226,0.2418,0.5995,0.0513,6,0.0178,0.2077,2.301,0.4278,2,0.0318,5,29.4116,0.4807,187545.04,187 545 RUB,Капитальный
living_room (22).jpg,livingRoom,living_room,0.5514,0.2466,1.0,0.1386,9,0.0175,0.22,2.3186,0.5527,1,0.0263,8,42.6664,0.3946,180673.16,180 673 RUB,Капитальный
living_room (220).jpeg,livingRoom,alcove,0.7525,0.253,0.3229,0.0236,1,0.0,0.121,2.3186,0.6638,0,0.0166,1,5.3333,0.6994,111277.53,111 278 RUB,Косметический
living_room (220).jpg,livingRoom,artists_loft,0.4734,0.2247,1.0,0.1135,10,0.0001,0.1887,2.3097,0.5254,1,0.0663,8,42.7805,0.3667,189721.45,189 721 RUB,Капитальный
living_room (221).jpeg,livingRoom,living_room,0.5212,0.223,0.263,0.0295,4,0.0,0.1255,2.3186,0.5721,0,0.0158,1,5.3333,0.6237,127434.69,127 435 RUB,Косметический
living_room (221).jpg,livingRoom,television_room,0.4828,0.1688,0.5417,0.0976,7,0.0,0.2038,2.33,0.6505,0,0.0716,4,24.0239,0.5111,171046.45,171 046 RUB,Капитальный
living_room (222).jpeg,livingRoom,artists_loft,0.5218,0.2092,0.7268,0.077,2,0.0,0.2008,2.3186,0.599,0,0.0205,0,0.0,0.4753,100362.02,100 362 RUB,Косметический
living_room (222).jpg,livingRoom,living_room,0.4635,0.2119,1.0,0.0785,9,0.0,0.1866,2.3186,0.5429,0,0.0594,8,42.6664,0.3697,176498.06,176 498 RUB,Капитальный
living_room (223).jpeg,livingRoom,alcove,0.7183,0.2558,0.7791,0.102,0,0.0,0.1556,2.3186,0.6439,1,0.0056,0,0.0,0.5332,93868.83,93 869 RUB,Косметический
living_room (223).jpg,livingRoom,dining_room,0.1899,0.2402,0.9669,0.0595,14,0.0,0.1251,2.3186,0.0,1,0.024,12,63.9997,0.274,229155.5,229 156 RUB,Капитальный
living_room (224).jpeg,livingRoom,waiting_room,0.5076,0.2875,1.0,0.0775,4,0.0,0.1844,2.3186,0.4336,3,0.0171,4,21.3332,0.3875,183214.76,183 215 RUB,Капитальный
living_room (224).jpg,livingRoom,living_room,0.6639,0.259,1.0,0.0616,4,0.0,0.1662,2.33,0.6099,4,0.0332,3,18.0179,0.4532,179144.52,179 145 RUB,Капитальный
living_room (225).jpeg,livingRoom,artists_loft,0.3087,0.1925,0.3836,0.0241,0,0.0,0.1395,2.3186,0.3764,0,0.0129,0,0.0,0.5036,101099.91,101 100 RUB,Косметический
living_room (225).jpg,livingRoom,television_room,0.3797,0.2162,1.0,0.0717,5,0.0002,0.1822,2.3168,0.4306,1,0.047,4,23.8805,0.3376,174491.41,174 491 RUB,Капитальный
living_room (226).jpeg,livingRoom,recreation_room,0.6375,0.1991,0.5747,0.0508,8,0.0012,0.1894,2.3186,0.6877,1,0.0369,3,15.9999,0.5726,157667.61,157 668 RUB,Косметический
living_room (226).jpg,livingRoom,television_room,0.5025,0.1683,1.0,0.0707,4,0.0026,0.2029,2.33,0.665,0,0.0552,3,18.0179,0.3871,158636.58,158 637 RUB,Косметический
living_room (227).jpeg,livingRoom,recreation_room,0.564,0.2281,0.8079,0.0854,4,0.0002,0.1922,2.3186,0.5956,0,0.0423,3,15.9999,0.4662,158808.52,158 809 RUB,Косметический
living_room (227).jpg,livingRoom,living_room,0.5828,0.2029,0.9979,0.1198,3,0.0315,0.2116,2.3069,0.6519,2,0.0382,3,17.964,0.4129,168461.49,168 461 RUB,Косметический
living_room (228).jpeg,livingRoom,television_room,0.5219,0.2511,1.0,0.1068,3,0.0002,0.1975,2.3186,0.5188,1,0.0472,3,15.9999,0.3874,166984.05,166 984 RUB,Косметический
living_room (228).jpg,livingRoom,living_room,0.4894,0.2622,1.0,0.116,4,0.0,0.2066,2.33,0.4643,1,0.0526,3,18.0179,0.3726,173004.94,173 005 RUB,Капитальный
living_room (229).jpeg,livingRoom,television_room,0.5846,0.2514,1.0,0.0813,10,0.0184,0.1975,2.3186,0.5699,0,0.0151,7,37.3331,0.4194,170476.18,170 476 RUB,Капитальный
living_room (229).jpg,livingRoom,living_room,0.4448,0.2149,0.9249,0.0773,10,0.0006,0.1785,2.3153,0.5169,0,0.0563,8,43.478,0.3851,183068.66,183 069 RUB,Капитальный
living_room (23).jpeg,livingRoom,bedroom,0.4593,0.1866,1.0,0.1482,7,0.0068,0.1622,2.3186,0.5938,0,0.0464,6,31.9998,0.3548,175048.73,175 049 RUB,Капитальный
living_room (23).jpg,livingRoom,living_room,0.4855,0.2317,0.4165,0.0558,5,0.0,0.1784,2.3186,0.5227,0,0.0122,5,26.6665,0.5581,153647.87,153 648 RUB,Косметический
living_room (230).jpeg,livingRoom,living_room,0.4675,0.2499,0.9796,0.0667,3,0.0001,0.1576,2.3186,0.4654,0,0.0425,1,5.3333,0.3798,133723.68,133 724 RUB,Косметический
living_room (230).jpg,livingRoom,childs_room,0.5322,0.1745,1.0,0.1218,3,0.0127,0.1953,2.3186,0.672,1,0.0304,3,15.9999,0.3898,164672.57,164 673 RUB,Косметический
living_room (231).jpeg,livingRoom,living_room,0.3527,0.2354,0.5984,0.071,11,0.0001,0.1798,2.3186,0.3325,1,0.0397,7,37.3331,0.4473,190621.15,190 621 RUB,Капитальный
living_room (231).jpg,livingRoom,lobby,0.4258,0.1974,1.0,0.1116,18,0.0114,0.1911,2.32,0.5365,0,0.0385,14,84.3368,0.3491,197918.71,197 919 RUB,Капитальный
living_room (232).jpeg,livingRoom,living_room,0.4962,0.1858,1.0,0.1014,7,0.0016,0.2183,2.3186,0.6257,1,0.096,6,31.9998,0.3784,187469.65,187 470 RUB,Капитальный
living_room (232).jpg,livingRoom,television_room,0.5974,0.1786,0.6856,0.0603,6,0.0,0.208,2.3069,0.7011,2,0.0343,6,35.9279,0.5212,167733.08,167 733 RUB,Косметический
living_room (233).jpeg,livingRoom,recreation_room,0.6538,0.2901,1.0,0.0945,10,0.0001,0.1835,2.3186,0.5563,1,0.0823,5,26.6665,0.4426,182299.52,182 300 RUB,Капитальный
living_room (233).jpg,livingRoom,television_room,0.4982,0.282,1.0,0.1501,27,0.001,0.2204,2.31,0.4338,2,0.1312,6,36.2536,0.3693,222188.03,222 188 RUB,Капитальный
living_room (234).jpeg,livingRoom,bedchamber,0.5728,0.2035,1.0,0.1737,10,0.0104,0.2068,2.3186,0.6447,1,0.1257,6,31.9998,0.3954,199580.43,199 580 RUB,Капитальный
living_room (234).jpg,livingRoom,living_room,0.3419,0.2447,0.5417,0.0711,7,0.0029,0.1885,2.3274,0.2843,1,0.0188,7,37.2338,0.4603,182386.16,182 386 RUB,Капитальный
living_room (235).jpeg,livingRoom,television_room,0.4539,0.1896,1.0,0.0981,16,0.0062,0.1718,2.3186,0.5823,0,0.0484,9,47.9997,0.3626,188366.76,188 367 RUB,Капитальный
living_room (235).jpg,livingRoom,living_room,0.3514,0.2746,0.549,0.0555,4,0.0,0.1626,2.3186,0.2186,1,0.0168,3,15.9999,0.4648,182222.57,182 223 RUB,Капитальный
living_room (236).jpeg,livingRoom,wet_bar,0.359,0.1979,0.7803,0.1048,0,0.0,0.1699,2.3186,0.4487,0,0.0297,0,0.0,0.3886,117509.11,117 509 RUB,Косметический
living_room (236).jpg,livingRoom,waiting_room,0.5644,0.2134,1.0,0.0899,9,0.0165,0.205,2.3271,0.6219,2,0.0585,4,22.4718,0.4094,185031.98,185 032 RUB,Капитальный
living_room (237).jpeg,livingRoom,garage/indoor,0.6582,0.1938,1.0,0.0619,0,0.0,0.1931,2.3186,0.7056,4,0.0185,0,0.0,0.4509,127546.66,127 547 RUB,Косметический
living_room (237).jpg,livingRoom,television_room,0.4992,0.2506,1.0,0.1027,9,0.0064,0.1771,2.32,0.4979,1,0.0827,4,24.0962,0.3798,191605.1,191 605 RUB,Капитальный
living_room (238).jpeg,livingRoom,living_room,0.5843,0.164,0.5862,0.0748,5,0.0,0.1681,2.3186,0.7193,1,0.011,5,26.6665,0.5429,153491.18,153 491 RUB,Косметический
living_room (238).jpg,livingRoom,television_room,0.6284,0.2721,1.0,0.099,15,0.0001,0.2017,2.31,0.567,4,0.0935,5,30.2113,0.4316,219948.1,219 948 RUB,Капитальный
living_room (239).jpeg,livingRoom,living_room,0.3105,0.2374,0.8841,0.1228,7,0.001,0.1913,2.3186,0.2354,0,0.0407,3,15.9999,0.3345,183647.26,183 647 RUB,Капитальный
living_room (239).jpg,livingRoom,television_room,0.5125,0.2107,1.0,0.097,12,0.0006,0.2094,2.3333,0.5889,1,0.089,6,31.9998,0.3857,189741.24,189 741 RUB,Капитальный
living_room (24).jpeg,livingRoom,bow_window/indoor,0.4704,0.1488,0.4552,0.0434,0,0.0221,0.1271,2.3186,0.6837,0,0.0201,0,0.0,0.5451,94342.2,94 342 RUB,Косметический
living_room (24).jpg,livingRoom,television_room,0.5512,0.2899,0.7814,0.0759,6,0.0,0.1911,2.3186,0.4742,3,0.0351,4,21.3332,0.4709,186310.72,186 311 RUB,Капитальный
living_room (240).jpeg,livingRoom,living_room,0.481,0.2139,0.5505,0.0663,2,0.0013,0.1662,2.3186,0.5554,1,0.0512,1,5.3333,0.5141,141248.29,141 248 RUB,Косметический
living_room (240).jpg,livingRoom,wet_bar,0.4372,0.181,1.0,0.0916,6,0.0,0.2039,2.31,0.5859,1,0.0516,3,18.1268,0.3566,174438.19,174 438 RUB,Капитальный
living_room (241).jpeg,livingRoom,living_room,0.6398,0.2305,1.0,0.116,8,0.0,0.2042,2.3186,0.6397,1,0.0242,5,26.6665,0.4327,166127.43,166 127 RUB,Косметический
living_room (241).jpg,livingRoom,elevator_lobby,0.4842,0.1537,1.0,0.0908,3,0.0139,0.2001,2.33,0.6826,1,0.0902,2,12.0119,0.3769,173720.08,173 720 RUB,Капитальный
living_room (242).jpeg,livingRoom,television_room,0.4862,0.3151,0.8173,0.0625,6,0.0019,0.1833,2.3186,0.3519,2,0.0306,5,26.6665,0.437,187806.6,187 807 RUB,Капитальный
living_room (242).jpg,livingRoom,entrance_hall,0.4124,0.1568,1.0,0.0784,3,0.0001,0.1754,2.33,0.6198,0,0.0641,2,12.0119,0.3493,161096.07,161 096 RUB,Косметический
living_room (243).jpeg,livingRoom,waiting_room,0.451,0.2289,1.0,0.0908,4,0.0014,0.1953,2.3186,0.4926,0,0.0847,4,21.3332,0.3624,172287.35,172 287 RUB,Капитальный
living_room (243).jpg,livingRoom,television_room,0.5915,0.2368,1.0,0.1781,15,0.0009,0.24,2.3186,0.5996,6,0.1162,7,37.3331,0.4011,235188.17,235 188 RUB,Капитальный
living_room (244).jpeg,livingRoom,entrance_hall,0.3907,0.2247,1.0,0.085,9,0.0088,0.2068,2.3186,0.4249,0,0.0476,8,42.6664,0.3401,185905.35,185 905 RUB,Капитальный
living_room (244).jpg,livingRoom,wet_bar,0.5332,0.1946,1.0,0.1079,13,0.0,0.2123,2.3333,0.635,3,0.0441,12,85.7137,0.3917,212257.14,212 257 RUB,Капитальный
living_room (245).jpeg,livingRoom,living_room,0.405,0.2306,0.9566,0.1113,9,0.0003,0.1928,2.3186,0.4307,0,0.0839,6,31.9998,0.3528,189035.47,189 035 RUB,Капитальный
living_room (245).jpg,livingRoom,living_room,0.4919,0.1704,1.0,0.1224,14,0.0049,0.2315,2.33,0.6536,0,0.0787,11,66.0657,0.3728,201403.29,201 403 RUB,Капитальный
living_room (246).jpeg,livingRoom,living_room,0.6295,0.3014,0.9854,0.0628,5,0.0002,0.1946,2.3186,0.5212,1,0.0599,5,26.6665,0.4436,173465.52,173 466 RUB,Капитальный
living_room (246).jpg,livingRoom,home_theater,0.4524,0.2878,1.0,0.0804,5,0.0,0.2102,2.33,0.3637,2,0.0741,3,18.0179,0.3649,185449.07,185 449 RUB,Капитальный
living_room (247).jpeg,livingRoom,bow_window/indoor,0.6853,0.1451,0.2119,0.0361,1,0.0,0.1423,2.3186,0.7883,1,0.0104,1,5.3333,0.7033,101326.23,101 326 RUB,Косметический
living_room (247).jpg,livingRoom,television_room,0.5634,0.2149,0.7621,0.0529,6,0.0,0.2145,2.31,0.6185,2,0.0287,4,24.169,0.4861,168283.34,168 283 RUB,Косметический
living_room (248).jpeg,livingRoom,waiting_room,0.5658,0.1891,0.8,0.0918,7,0.0001,0.2065,2.3186,0.6657,1,0.079,3,15.9999,0.468,177508.98,177 509 RUB,Капитальный
living_room (248).jpg,livingRoom,television_room,0.4307,0.2225,1.0,0.1607,10,0.0019,0.2155,2.3137,0.4833,0,0.1361,7,41.4199,0.3403,203819.22,203 819 RUB,Капитальный
living_room (249).jpeg,livingRoom,living_room,0.6088,0.1751,1.0,0.0972,8,0.0007,0.1909,2.3186,0.7124,3,0.0767,7,37.3331,0.4242,193588.83,193 589 RUB,Капитальный
living_room (249).jpg,livingRoom,wet_bar,0.5594,0.273,0.9451,0.0774,7,0.0006,0.2015,2.3186,0.512,4,0.0596,5,26.6665,0.4248,196314.75,196 315 RUB,Капитальный
living_room (25).jpeg,livingRoom,home_theater,0.2871,0.2066,0.3692,0.0498,3,0.0,0.1624,2.3186,0.2804,1,0.0602,3,15.9999,0.4941,177247.7,177 248 RUB,Капитальный
living_room (25).jpg,livingRoom,living_room,0.5016,0.1873,0.4124,0.0624,5,0.0,0.1808,2.3186,0.6265,0,0.0193,4,21.3332,0.5644,150174.16,150 174 RUB,Косметический
living_room (250).jpeg,livingRoom,television_room,0.5199,0.2579,0.906,0.0775,6,0.0,0.1959,2.3186,0.504,1,0.0231,5,26.6665,0.4207,171808.06,171 808 RUB,Капитальный
living_room (250).jpg,livingRoom,artists_loft,0.4917,0.1885,1.0,0.1048,2,0.0,0.1981,2.33,0.6167,0,0.0492,0,0.0,0.3757,112150.02,112 150 RUB,Косметический
living_room (251).jpeg,livingRoom,television_room,0.4075,0.2475,1.0,0.0945,5,0.0174,0.1969,2.3186,0.3927,2,0.1032,5,26.6665,0.3458,201756.13,201 756 RUB,Капитальный
living_room (251).jpg,livingRoom,entrance_hall,0.4922,0.1813,1.0,0.075,2,0.0,0.172,2.3097,0.6317,0,0.0309,2,10.6951,0.3819,144753.84,144 754 RUB,Косметический
living_room (252).jpeg,livingRoom,living_room,0.6932,0.2287,0.5622,0.0664,2,0.0003,0.1628,2.3186,0.6701,5,0.025,2,10.6666,0.5954,170424.27,170 424 RUB,Капитальный
living_room (252).jpg,livingRoom,wet_bar,0.4461,0.19,0.4338,0.0776,6,0.0,0.202,2.33,0.5742,0,0.0573,4,24.0239,0.5328,165330.54,165 331 RUB,Косметический
living_room (253).jpeg,livingRoom,artists_loft,0.6685,0.2035,0.3919,0.0674,4,0.0017,0.1664,2.3186,0.6955,1,0.0384,1,5.3333,0.6365,127554.44,127 554 RUB,Косметический
living_room (253).jpg,livingRoom,television_room,0.4717,0.1741,1.0,0.0974,8,0.0009,0.1949,2.3069,0.631,0,0.1151,6,35.9279,0.3693,180958.74,180 959 RUB,Капитальный
living_room (254).jpeg,livingRoom,living_room,0.554,0.2642,1.0,0.0937,18,0.0001,0.208,2.3186,0.5231,0,0.0392,11,58.6664,0.4029,195192.5,195 192 RUB,Капитальный
living_room (254).jpg,livingRoom,television_room,0.5465,0.2319,1.0,0.0654,3,0.0,0.1831,2.33,0.5757,1,0.0429,3,18.0179,0.4055,162148.49,162 148 RUB,Косметический
living_room (255).jpeg,livingRoom,television_room,0.535,0.255,1.0,0.0922,8,0.0001,0.2154,2.3186,0.5234,0,0.0605,5,26.6665,0.3956,176189.65,176 190 RUB,Капитальный
living_room (255).jpg,livingRoom,bedroom,0.4317,0.1645,1.0,0.1454,7,0.0043,0.2179,2.33,0.6189,1,0.0271,6,36.0358,0.344,174609.84,174 610 RUB,Капитальный
living_room (256).jpeg,livingRoom,television_room,0.4464,0.2846,0.3266,0.0476,4,0.0,0.1753,2.3186,0.3625,4,0.0427,4,21.3332,0.5711,202095.65,202 096 RUB,Капитальный
living_room (256).jpg,livingRoom,television_room,0.6408,0.2057,1.0,0.0967,3,0.0013,0.1726,2.31,0.679,4,0.0331,3,18.1268,0.4371,180884.91,180 885 RUB,Капитальный
living_room (257).jpeg,livingRoom,living_room,0.3886,0.2819,0.4023,0.0586,3,0.0256,0.1966,2.3186,0.2747,1,0.0298,3,15.9999,0.5256,175432.51,175 433 RUB,Капитальный
living_room (257).jpg,livingRoom,television_room,0.4733,0.188,0.6211,0.0934,11,0.0001,0.1909,2.3267,0.6029,1,0.0391,10,59.5235,0.4843,193175.53,193 176 RUB,Капитальный
living_room (258).jpeg,livingRoom,television_room,0.5467,0.21,0.2942,0.0498,4,0.0,0.205,2.3186,0.616,1,0.0296,4,21.3332,0.6204,154803.12,154 803 RUB,Косметический
living_room (258).jpg,livingRoom,living_room,0.4264,0.2121,1.0,0.0892,8,0.0023,0.1962,2.33,0.5025,0,0.0965,5,30.0298,0.353,188662.65,188 663 RUB,Капитальный
living_room (259).jpeg,livingRoom,living_room,0.4758,0.1919,0.8844,0.0619,5,0.0003,0.176,2.3186,0.5968,0,0.1048,4,21.3332,0.4126,169025.98,169 026 RUB,Косметический
living_room (259).jpg,livingRoom,waiting_room,0.4924,0.1682,1.0,0.0646,6,0.0001,0.1756,2.33,0.6584,0,0.0839,5,30.0298,0.384,167818.61,167 819 RUB,Косметический
living_room (26).jpeg,livingRoom,bow_window/indoor,0.6395,0.1067,1.0,0.0766,0,0.0,0.1482,2.31,0.8332,1,0.0144,0,0.0,0.4405,95717.01,95 717 RUB,Косметический
living_room (26).jpg,livingRoom,living_room,0.5208,0.2596,1.0,0.1011,6,0.0,0.1952,2.3186,0.5015,1,0.0243,5,26.6665,0.3881,173639.01,173 639 RUB,Капитальный
living_room (260).jpeg,livingRoom,living_room,0.6412,0.2566,0.7327,0.0871,3,0.0008,0.1957,2.3186,0.5998,3,0.0252,1,5.3333,0.5193,145255.6,145 256 RUB,Косметический
living_room (260).jpg,livingRoom,dining_room,0.4425,0.1665,0.4406,0.0771,12,0.0,0.189,2.3333,0.6238,0,0.0278,7,42.424,0.5294,170219.16,170 219 RUB,Капитальный
living_room (261).jpg,livingRoom,television_room,0.4127,0.2191,0.7458,0.0748,5,0.0003,0.1819,2.3186,0.4692,2,0.039,3,15.9999,0.4264,174660.55,174 661 RUB,Капитальный
living_room (262).jpg,livingRoom,living_room,0.4549,0.2273,1.0,0.1072,29,0.0034,0.2037,2.3115,0.5003,0,0.0986,4,19.8019,0.3609,198834.72,198 835 RUB,Капитальный
living_room (263).jpg,livingRoom,dining_room,0.6036,0.2729,1.0,0.0871,6,0.0004,0.2036,2.3069,0.5478,3,0.0774,6,35.9279,0.4241,194479.43,194 479 RUB,Капитальный
living_room (264).jpg,livingRoom,television_room,0.5361,0.2268,1.0,0.1394,7,0.0394,0.2396,2.33,0.5769,1,0.0791,5,30.0298,0.3905,183934.01,183 934 RUB,Капитальный
living_room (265).jpg,livingRoom,wet_bar,0.5695,0.1528,0.7255,0.0505,9,0.0028,0.1716,2.32,0.7317,0,0.0259,4,24.0962,0.5003,158308.75,158 309 RUB,Косметический
living_room (266).jpg,livingRoom,entrance_hall,0.4083,0.1658,1.0,0.139,6,0.0,0.1928,2.33,0.594,0,0.0721,3,18.0179,0.3355,170068.68,170 069 RUB,Капитальный
living_room (267).jpg,livingRoom,bow_window/indoor,0.4807,0.1604,1.0,0.0642,4,0.0001,0.155,2.33,0.6663,0,0.0261,2,12.0119,0.3794,146913.19,146 913 RUB,Косметический
living_room (268).jpg,livingRoom,dining_room,0.4014,0.2402,0.7902,0.0957,11,0.0003,0.1971,2.3097,0.4017,0,0.0807,8,42.7805,0.4044,192252.74,192 253 RUB,Капитальный
living_room (269).jpg,livingRoom,wet_bar,0.3449,0.1683,1.0,0.0739,12,0.0001,0.1685,2.3186,0.5122,0,0.0179,8,42.6664,0.3232,178067.16,178 067 RUB,Капитальный
living_room (27).jpeg,livingRoom,television_room,0.4329,0.2318,0.6389,0.0807,8,0.0,0.1955,2.33,0.4645,2,0.0471,6,36.0358,0.4653,190885.59,190 886 RUB,Капитальный
living_room (27).jpg,livingRoom,home_theater,0.3234,0.298,0.5581,0.0392,5,0.0003,0.1804,2.3186,0.0788,0,0.0653,5,26.6665,0.4541,190374.7,190 375 RUB,Капитальный
living_room (270).jpg,livingRoom,attic,0.3943,0.134,0.9224,0.155,8,0.0,0.2056,2.31,0.6602,0,0.0514,8,48.3381,0.35,186838.38,186 838 RUB,Капитальный
living_room (271).jpg,livingRoom,television_room,0.607,0.1984,1.0,0.113,13,0.0,0.1852,2.32,0.6731,2,0.0738,8,48.1925,0.4202,194747.93,194 748 RUB,Капитальный
living_room (272).jpg,livingRoom,home_theater,0.4576,0.2397,1.0,0.0706,10,0.0,0.2137,2.33,0.4762,2,0.0641,9,54.0537,0.3689,202471.19,202 471 RUB,Капитальный
living_room (273).jpg,livingRoom,wet_bar,0.5021,0.2541,1.0,0.1223,16,0.0,0.2227,2.32,0.494,3,0.1123,6,36.1444,0.3764,218276.05,218 276 RUB,Капитальный
living_room (274).jpg,livingRoom,television_room,0.4406,0.1941,0.6778,0.0677,3,0.0027,0.2093,2.3069,0.5595,1,0.0723,3,17.964,0.4596,164955.53,164 956 RUB,Косметический
living_room (275).jpg,livingRoom,living_room,0.4495,0.2742,1.0,0.1261,6,0.0005,0.178,2.33,0.39,2,0.0432,5,30.0298,0.3546,193462.26,193 462 RUB,Капитальный
living_room (276).jpg,livingRoom,television_room,0.4599,0.2675,1.0,0.1108,3,0.0,0.1814,2.33,0.4183,2,0.0753,3,18.0179,0.3618,181792.19,181 792 RUB,Капитальный
living_room (277).jpg,livingRoom,living_room,0.4556,0.1678,1.0,0.1667,7,0.0007,0.1826,2.33,0.6316,0,0.1357,5,30.0298,0.349,194177.44,194 177 RUB,Капитальный
living_room (278).jpg,livingRoom,living_room,0.5371,0.1256,0.7186,0.0672,8,0.0,0.1692,2.3186,0.7662,0,0.0458,7,37.3331,0.4858,165806.26,165 806 RUB,Косметический
living_room (279).jpg,livingRoom,television_room,0.4234,0.2434,1.0,0.1153,13,0.0025,0.1914,2.32,0.4251,3,0.0718,6,36.1444,0.3466,207455.19,207 455 RUB,Капитальный
living_room (28).jpeg,livingRoom,alcove,0.4317,0.2004,0.806,0.123,5,0.0,0.1742,2.33,0.5359,0,0.0468,3,18.0179,0.4063,158768.23,158 768 RUB,Косметический
living_room (28).jpg,livingRoom,dining_room,0.5967,0.2155,0.7534,0.0996,13,0.0002,0.1876,2.3186,0.6389,0,0.039,11,58.6664,0.4928,181439.74,181 440 RUB,Капитальный
living_room (280).jpg,livingRoom,living_room,0.5078,0.1595,1.0,0.1186,6,0.0015,0.2264,2.33,0.6858,0,0.0592,4,24.0239,0.3796,171245.67,171 246 RUB,Капитальный
living_room (281).jpg,livingRoom,recreation_room,0.4687,0.2264,1.0,0.0708,11,0.0,0.1753,2.3186,0.517,2,0.0332,11,58.6664,0.3733,200507.18,200 507 RUB,Капитальный
living_room (282).jpg,livingRoom,artists_loft,0.5963,0.121,0.339,0.0434,2,0.0001,0.1631,2.33,0.7971,1,0.02,0,0.0,0.6282,95717.35,95 717 RUB,Косметический
living_room (283).jpg,livingRoom,television_room,0.5486,0.1971,1.0,0.0941,11,0.0047,0.1831,2.32,0.6407,0,0.0474,8,48.1925,0.4011,180659.26,180 659 RUB,Капитальный
living_room (284).jpg,livingRoom,mezzanine,0.5902,0.2146,1.0,0.1307,9,0.0019,0.1902,2.32,0.6363,3,0.063,6,36.1444,0.4101,198705.3,198 705 RUB,Капитальный
living_room (285).jpg,livingRoom,elevator_lobby,0.5445,0.1313,0.261,0.0339,0,0.0,0.1665,2.3186,0.7588,0,0.0245,0,0.0,0.6327,89614.02,89 614 RUB,Без ремонта
living_room (286).jpg,livingRoom,television_room,0.5964,0.24,1.0,0.0831,9,0.0,0.1992,2.31,0.5977,1,0.0301,5,30.2113,0.4219,176010.01,176 010 RUB,Капитальный
living_room (287).jpg,livingRoom,wet_bar,0.4246,0.2248,1.0,0.0765,13,0.0001,0.1964,2.3303,0.4706,2,0.0555,10,53.619,0.3545,200795.88,200 796 RUB,Капитальный
living_room (288).jpg,livingRoom,living_room,0.4924,0.2488,1.0,0.1015,8,0.0344,0.2026,2.33,0.4947,1,0.0668,8,48.0478,0.3801,192741.38,192 741 RUB,Капитальный
living_room (289).jpg,livingRoom,alcove,0.5961,0.2759,1.0,0.0779,4,0.0,0.1849,2.33,0.5372,3,0.1172,3,18.0179,0.4228,191001.98,191 002 RUB,Капитальный
living_room (29).jpeg,livingRoom,wet_bar,0.4374,0.2364,1.0,0.0778,14,0.0015,0.1801,2.32,0.4595,1,0.0726,13,78.3128,0.3595,215530.04,215 530 RUB,Капитальный
living_room (29).jpg,livingRoom,recreation_room,0.4419,0.2873,0.8479,0.0545,7,0.002,0.1868,2.3186,0.3498,0,0.0243,3,15.9999,0.4117,166471.29,166 471 RUB,Косметический
living_room (290).jpg,livingRoom,television_room,0.4525,0.2356,1.0,0.1056,13,0.0046,0.1807,2.3168,0.4794,0,0.0993,9,53.731,0.3603,201940.92,201 941 RUB,Капитальный
living_room (291).jpg,livingRoom,living_room,0.2889,0.2111,0.5068,0.0675,7,0.0,0.1609,2.3186,0.2693,0,0.0449,5,26.6665,0.45,180563.82,180 564 RUB,Капитальный
living_room (292).jpg,livingRoom,living_room,0.6885,0.1835,1.0,0.0999,8,0.0004,0.1965,2.3186,0.7335,5,0.0531,6,31.9998,0.4555,207258.65,207 259 RUB,Капитальный
living_room (293).jpg,livingRoom,kitchen,0.4847,0.2445,1.0,0.1267,23,0.0,0.2156,2.33,0.4955,1,0.0816,12,72.0716,0.3685,220623.1,220 623 RUB,Капитальный
living_room (294).jpg,livingRoom,television_room,0.5576,0.2261,1.0,0.1147,7,0.0041,0.1734,2.3333,0.5945,0,0.1628,5,30.0298,0.4005,194646.43,194 646 RUB,Капитальный
living_room (295).jpg,livingRoom,living_room,0.4904,0.1543,0.9824,0.0656,6,0.0013,0.1867,2.3186,0.6853,0,0.0671,5,26.6665,0.3884,164758.57,164 759 RUB,Косметический
living_room (296).jpg,livingRoom,living_room,0.4044,0.2382,1.0,0.0869,12,0.0,0.1931,2.33,0.4109,2,0.0569,7,42.0418,0.3444,199128.76,199 129 RUB,Капитальный
living_room (297).jpg,livingRoom,living_room,0.4116,0.234,1.0,0.099,15,0.0016,0.1638,2.3069,0.4314,1,0.1146,7,41.9159,0.345,210434.85,210 435 RUB,Капитальный
living_room (298).jpg,livingRoom,waiting_room,0.4843,0.2708,0.6402,0.0703,6,0.0,0.2111,2.33,0.4409,4,0.0579,6,36.0358,0.4876,209201.6,209 202 RUB,Капитальный
living_room (299).jpg,livingRoom,living_room,0.4868,0.1569,0.5763,0.0625,4,0.0006,0.1569,2.33,0.6777,1,0.0281,3,18.0179,0.5094,153139.16,153 139 RUB,Косметический
living_room (3).jpeg,livingRoom,waiting_room,0.4401,0.1748,0.8872,0.0612,5,0.0057,0.1758,2.3186,0.6029,0,0.0434,3,15.9999,0.3982,157513.66,157 514 RUB,Косметический
living_room (3).jpg,livingRoom,recreation_room,0.514,0.2697,1.0,0.0986,3,0.0295,0.1905,2.3186,0.4753,0,0.1257,2,10.6666,0.3888,167042.54,167 043 RUB,Косметический
living_room (30).jpeg,livingRoom,home_theater,0.6007,0.2073,0.8096,0.0527,7,0.0,0.1801,2.33,0.655,1,0.0372,7,42.0418,0.4868,167184.42,167 184 RUB,Косметический
living_room (30).jpg,livingRoom,living_room,0.593,0.2156,0.7217,0.1051,6,0.0019,0.1903,2.3186,0.6365,0,0.0661,3,15.9999,0.4999,167347.36,167 347 RUB,Косметический
living_room (300).jpg,livingRoom,living_room,0.4917,0.2713,1.0,0.1183,9,0.0006,0.1937,2.33,0.4482,1,0.1115,6,36.0358,0.3731,202955.66,202 956 RUB,Капитальный
living_room (301).jpg,livingRoom,television_room,0.5395,0.2607,0.948,0.057,6,0.0005,0.1773,2.3186,0.5168,3,0.0446,5,26.6665,0.4201,187044.21,187 044 RUB,Капитальный
living_room (302).jpg,livingRoom,living_room,0.4178,0.2106,0.7345,0.0608,14,0.0016,0.1848,2.3186,0.4959,0,0.0384,6,31.9998,0.4348,175107.53,175 108 RUB,Капитальный
living_room (303).jpg,livingRoom,television_room,0.5371,0.2088,1.0,0.0919,25,0.0,0.2145,2.3186,0.6113,1,0.0555,8,42.6664,0.3965,196027.35,196 027 RUB,Капитальный
living_room (304).jpg,livingRoom,entrance_hall,0.4984,0.1035,0.3778,0.0526,11,0.0023,0.1517,2.33,0.7923,0,0.0389,8,48.0478,0.5757,160773.83,160 774 RUB,Косметический
living_room (305).jpg,livingRoom,recreation_room,0.4078,0.1851,1.0,0.0792,2,0.0244,0.208,2.32,0.5462,0,0.0769,2,12.0481,0.3497,161380.95,161 381 RUB,Косметический
living_room (306).jpg,livingRoom,artists_loft,0.6393,0.1484,1.0,0.0913,4,0.0,0.1754,2.3186,0.7679,3,0.0199,1,5.3333,0.4374,141521.62,141 522 RUB,Косметический
living_room (307).jpg,livingRoom,waiting_room,0.5442,0.1255,1.0,0.1057,9,0.0001,0.1728,2.33,0.7695,1,0.0586,6,36.0358,0.3966,180730.34,180 730 RUB,Капитальный
living_room (308).jpg,livingRoom,wet_bar,0.4329,0.1686,0.472,0.0769,14,0.0019,0.2031,2.3186,0.6106,0,0.0433,9,47.9997,0.5164,173166.09,173 166 RUB,Капитальный
living_room (309).jpg,livingRoom,living_room,0.3029,0.2699,0.9153,0.0922,10,0.0024,0.178,2.3303,0.1089,2,0.0586,8,42.8952,0.3284,222553.94,222 554 RUB,Капитальный
living_room (31).jpeg,livingRoom,television_room,0.603,0.2554,1.0,0.0784,9,0.0,0.1883,2.33,0.5765,4,0.0681,5,30.0298,0.4255,204071.45,204 071 RUB,Капитальный
living_room (31).jpg,livingRoom,television_room,0.6172,0.2204,0.4999,0.0777,3,0.0,0.1948,2.3186,0.643,2,0.0556,3,15.9999,0.5814,168308.53,168 309 RUB,Косметический
living_room (310).jpg,livingRoom,mezzanine,0.57,0.1619,1.0,0.0647,4,0.0,0.1709,2.3186,0.716,0,0.0258,4,21.3332,0.4151,152131.54,152 132 RUB,Косметический
living_room (311).jpg,livingRoom,television_room,0.5909,0.1486,0.7592,0.0629,5,0.0,0.172,2.32,0.7485,2,0.043,3,18.0722,0.496,169441.75,169 442 RUB,Косметический
living_room (312).jpg,livingRoom,television_room,0.5592,0.208,0.5851,0.0773,5,0.0,0.2117,2.32,0.6281,1,0.1024,4,24.0962,0.5327,179430.53,179 431 RUB,Капитальный
living_room (313).jpg,livingRoom,basement,0.4889,0.2197,1.0,0.1167,15,0.003,0.1809,2.33,0.5507,0,0.0721,9,54.0537,0.3725,195004.47,195 004 RUB,Капитальный
living_room (314).jpg,livingRoom,bow_window/indoor,0.5336,0.2625,1.0,0.1559,9,0.0067,0.2062,2.3186,0.508,2,0.0482,9,47.9997,0.3829,198422.65,198 423 RUB,Капитальный
living_room (315).jpg,livingRoom,television_room,0.5826,0.2225,0.9094,0.1007,10,0.0,0.1849,2.32,0.6181,1,0.0376,9,54.2165,0.4401,184070.13,184 070 RUB,Капитальный
living_room (316).jpg,livingRoom,home_office,0.4319,0.1948,1.0,0.1119,10,0.0001,0.2147,2.33,0.549,0,0.1611,5,30.0298,0.3504,202318.58,202 319 RUB,Капитальный
living_room (317).jpg,livingRoom,entrance_hall,0.4617,0.179,1.0,0.0795,5,0.0003,0.1974,2.3186,0.6124,0,0.0414,5,26.6665,0.3688,160333.19,160 333 RUB,Косметический
living_room (318).jpg,livingRoom,dining_room,0.6077,0.1815,1.0,0.1237,22,0.0016,0.1843,2.3186,0.7012,0,0.044,14,74.6663,0.4185,196617.4,196 617 RUB,Капитальный
living_room (319).jpg,livingRoom,attic,0.5169,0.1811,0.5586,0.0782,4,0.0,0.1979,2.33,0.6496,2,0.0299,4,24.0239,0.5235,168999.56,169 000 RUB,Косметический
living_room (32).jpeg,livingRoom,living_room,0.5039,0.2673,1.0,0.11,18,0.0012,0.202,2.33,0.4695,2,0.054,12,72.0716,0.3797,225978.03,225 978 RUB,Капитальный
living_room (32).jpg,livingRoom,television_room,0.6267,0.2555,0.887,0.0728,3,0.0004,0.1782,2.3186,0.5923,3,0.0481,2,10.6666,0.4701,168264.47,168 264 RUB,Косметический
living_room (320).jpg,livingRoom,living_room,0.3081,0.253,1.0,0.0959,5,0.0,0.1858,2.3333,0.1788,1,0.0463,4,21.3332,0.304,192354.99,192 355 RUB,Капитальный
living_room (321).jpg,livingRoom,entrance_hall,0.5231,0.1297,0.4082,0.0537,0,0.0017,0.1743,2.33,0.7522,0,0.0272,0,0.0,0.5762,89580.24,89 580 RUB,Без ремонта
living_room (322).jpg,livingRoom,recreation_room,0.5303,0.2689,1.0,0.0799,13,0.0006,0.2095,2.33,0.4929,1,0.0624,11,66.0657,0.3962,202379.93,202 380 RUB,Капитальный
living_room (323).jpg,livingRoom,attic,0.5157,0.1273,0.8806,0.0685,0,0.0,0.1682,2.33,0.7531,0,0.0117,0,0.0,0.4284,85157.62,85 158 RUB,Без ремонта
living_room (324).jpg,livingRoom,entrance_hall,0.4802,0.1787,1.0,0.116,8,0.0054,0.1771,2.33,0.628,1,0.0965,5,30.0298,0.3694,188152.62,188 153 RUB,Капитальный
living_room (325).jpg,livingRoom,waiting_room,0.5767,0.2686,1.0,0.1093,9,0.007,0.2118,2.32,0.5342,2,0.103,5,30.1203,0.4095,202842.64,202 843 RUB,Капитальный
living_room (326).jpg,livingRoom,entrance_hall,0.5156,0.2359,0.9718,0.0786,10,0.0024,0.1946,2.31,0.5425,3,0.0297,8,48.3381,0.3992,199196.67,199 197 RUB,Капитальный
living_room (327).jpg,livingRoom,entrance_hall,0.5808,0.1718,1.0,0.0961,9,0.0,0.1719,2.32,0.7042,1,0.0378,9,54.2165,0.4131,182008.14,182 008 RUB,Капитальный
living_room (328).jpg,livingRoom,living_room,0.3054,0.199,0.7508,0.0411,2,0.0019,0.1735,2.3186,0.3482,2,0.0193,2,10.6666,0.3889,170462.11,170 462 RUB,Капитальный
living_room (329).jpg,livingRoom,television_room,0.5959,0.2378,0.5457,0.0625,4,0.0003,0.1668,2.33,0.6009,2,0.0478,2,12.0119,0.5622,168420.81,168 421 RUB,Косметический
living_room (33).jpeg,livingRoom,television_room,0.5207,0.2117,1.0,0.1291,8,0.0001,0.2043,2.3069,0.5935,3,0.055,6,35.9279,0.3825,195281.25,195 281 RUB,Капитальный
living_room (33).jpg,livingRoom,living_room,0.5539,0.3086,0.4322,0.0561,5,0.0014,0.1828,2.3186,0.4428,0,0.0203,3,15.9999,0.5808,158138.1,158 138 RUB,Косметический
living_room (330).jpg,livingRoom,recreation_room,0.6254,0.1682,1.0,0.074,23,0.0,0.1782,2.33,0.731,1,0.0641,5,30.0298,0.4354,191524.78,191 525 RUB,Капитальный
living_room (331).jpg,livingRoom,living_room,0.5276,0.2732,0.4439,0.0813,3,0.001,0.219,2.3186,0.4822,2,0.0252,2,10.6666,0.5617,158399.2,158 399 RUB,Косметический
living_room (332).jpg,livingRoom,entrance_hall,0.5271,0.2109,1.0,0.1186,8,0.0007,0.1915,2.33,0.5998,2,0.1179,7,42.0418,0.3872,204483.54,204 484 RUB,Капитальный
living_room (333).jpg,livingRoom,television_room,0.4218,0.1897,1.0,0.0898,9,0.0002,0.1849,2.3069,0.5502,0,0.0796,5,29.9399,0.3508,184153.03,184 153 RUB,Капитальный
living_room (334).jpg,livingRoom,alcove,0.4986,0.1695,0.2963,0.0433,3,0.0002,0.1639,2.31,0.6599,1,0.027,3,18.1268,0.6019,146997.08,146 997 RUB,Косметический
living_room (335).jpg,livingRoom,dining_room,0.4629,0.2501,1.0,0.1087,20,0.0012,0.2073,2.33,0.4597,1,0.0801,11,66.0657,0.3635,223503.22,223 503 RUB,Капитальный
living_room (336).jpg,livingRoom,living_room,0.6084,0.1814,1.0,0.138,5,0.0019,0.2164,2.31,0.7018,1,0.0438,3,18.1268,0.4159,170107.26,170 107 RUB,Капитальный
living_room (337).jpg,livingRoom,living_room,0.5486,0.1733,1.0,0.0919,6,0.0004,0.1817,2.3303,0.6842,2,0.071,6,32.1714,0.4011,181853.84,181 854 RUB,Капитальный
living_room (338).jpg,livingRoom,living_room,0.5538,0.202,1.0,0.1405,10,0.0018,0.2013,2.33,0.6352,0,0.0733,10,60.0597,0.3936,193030.19,193 030 RUB,Капитальный
living_room (339).jpg,livingRoom,living_room,0.5835,0.2068,1.0,0.0975,5,0.0,0.1785,2.33,0.6456,1,0.0439,4,24.0239,0.4139,167242.28,167 242 RUB,Косметический
living_room (34).jpeg,livingRoom,artists_loft,0.6378,0.1935,1.0,0.0734,2,0.0,0.1791,2.32,0.6965,2,0.0214,0,0.0,0.4404,110641.48,110 641 RUB,Косметический
living_room (34).jpg,livingRoom,living_room,0.6847,0.219,1.0,0.1034,7,0.0,0.1984,2.3186,0.6801,3,0.0435,4,21.3332,0.4532,187391.87,187 392 RUB,Капитальный
living_room (340).jpg,livingRoom,living_room,0.2802,0.2678,0.7972,0.0647,2,0.0022,0.1667,2.3168,0.0442,1,0.0504,2,11.9402,0.3602,195132.39,195 132 RUB,Капитальный
living_room (341).jpg,livingRoom,entrance_hall,0.5358,0.1663,1.0,0.0764,0,0.0,0.191,2.33,0.6896,3,0.0399,0,0.0,0.399,119477.56,119 478 RUB,Косметический
living_room (342).jpg,livingRoom,television_room,0.4577,0.1838,0.7736,0.0802,14,0.0,0.165,2.32,0.5984,0,0.0587,6,36.1444,0.435,175504.57,175 505 RUB,Капитальный
living_room (343).jpg,livingRoom,mezzanine,0.561,0.1934,1.0,0.1323,5,0.0061,0.1936,2.32,0.6552,2,0.0985,3,18.0722,0.3986,194759.2,194 759 RUB,Капитальный
living_room (344).jpg,livingRoom,bedroom,0.5201,0.2886,1.0,0.1038,4,0.0,0.2049,2.31,0.4451,3,0.0744,3,18.1268,0.3873,183563.57,183 564 RUB,Капитальный
living_room (345).jpg,livingRoom,recreation_room,0.5084,0.2233,0.6439,0.0413,7,0.0002,0.1795,2.3186,0.5608,0,0.043,6,31.9998,0.5019,166231.58,166 232 RUB,Косметический
living_room (346).jpg,livingRoom,recreation_room,0.6382,0.2454,1.0,0.0891,8,0.0127,0.2076,2.33,0.6154,2,0.0427,5,30.0298,0.4387,184074.78,184 075 RUB,Капитальный
living_room (347).jpg,livingRoom,waiting_room,0.3927,0.2271,0.7084,0.0981,6,0.0008,0.2085,2.3,0.4218,1,0.0563,6,36.3634,0.425,186375.56,186 376 RUB,Капитальный
living_room (348).jpg,livingRoom,dining_room,0.3999,0.185,1.0,0.0998,18,0.0016,0.1986,2.33,0.5375,0,0.0817,14,84.0836,0.3402,207779.84,207 780 RUB,Капитальный
living_room (349).jpg,livingRoom,living_room,0.5333,0.1604,0.755,0.045,5,0.0081,0.1742,2.31,0.6992,0,0.0435,4,24.169,0.4786,155681.1,155 681 RUB,Косметический
living_room (35).jpeg,livingRoom,living_room,0.6142,0.1485,0.4298,0.0381,4,0.0,0.1552,2.3186,0.7582,1,0.0132,3,15.9999,0.6091,144053.72,144 054 RUB,Косметический
living_room (350).jpg,livingRoom,living_room,0.5572,0.2074,1.0,0.1276,6,0.0,0.1889,2.3186,0.6279,3,0.065,6,31.9998,0.3974,192460.16,192 460 RUB,Капитальный
living_room (351).jpg,livingRoom,living_room,0.4068,0.2446,1.0,0.0837,19,0.0019,0.2042,2.3186,0.3988,0,0.0735,4,21.3332,0.3462,194561.71,194 562 RUB,Капитальный
living_room (352).jpg,livingRoom,television_room,0.4032,0.2489,1.0,0.1017,10,0.0002,0.1805,2.33,0.3828,1,0.068,6,36.0358,0.341,195232.78,195 233 RUB,Капитальный
living_room (353).jpg,livingRoom,waiting_room,0.3665,0.1777,0.5584,0.0652,7,0.0364,0.1952,2.3186,0.5151,0,0.0259,6,31.9998,0.4697,171793.98,171 794 RUB,Капитальный
living_room (354).jpg,livingRoom,recreation_room,0.6889,0.2308,1.0,0.0677,2,0.0001,0.1844,2.3097,0.665,1,0.0443,2,10.6951,0.462,151536.37,151 536 RUB,Косметический
living_room (355).jpg,livingRoom,television_room,0.7085,0.2713,0.6948,0.0551,5,0.0187,0.1607,2.3186,0.6171,1,0.0319,4,21.3332,0.5658,158321.93,158 322 RUB,Косметический
living_room (356).jpg,livingRoom,living_room,0.3089,0.208,0.372,0.0559,2,0.0001,0.1665,2.3186,0.3267,0,0.0254,2,10.6666,0.5008,154655.88,154 656 RUB,Косметический
living_room (357).jpg,livingRoom,home_theater,0.5408,0.2953,0.9393,0.0614,3,0.0,0.1858,2.3186,0.454,1,0.0409,3,15.9999,0.4223,166026.25,166 026 RUB,Косметический
living_room (358).jpg,livingRoom,living_room,0.5136,0.1899,0.884,0.087,10,0.0015,0.1923,2.3186,0.6302,2,0.0246,9,47.9997,0.423,188737.25,188 737 RUB,Капитальный
living_room (359).jpg,livingRoom,wet_bar,0.5945,0.2113,1.0,0.1205,8,0.0,0.1947,2.3186,0.6446,1,0.0387,5,26.6665,0.4137,173883.55,173 884 RUB,Капитальный
living_room (36).jpeg,livingRoom,attic,0.4809,0.1635,0.3521,0.0317,0,0.0,0.1256,2.3186,0.6599,1,0.0037,0,0.0,0.5804,97741.02,97 741 RUB,Косметический
living_room (36).jpg,livingRoom,home_theater,0.5549,0.2336,0.2912,0.0515,4,0.0,0.1961,2.3186,0.5791,1,0.0029,3,15.9999,0.6243,151445.6,151 446 RUB,Косметический
living_room (360).jpg,livingRoom,wet_bar,0.582,0.2387,1.0,0.0982,6,0.0,0.1939,2.3186,0.5898,0,0.0498,2,10.6666,0.4131,163768.59,163 769 RUB,Косметический
living_room (361).jpg,livingRoom,living_room,0.7511,0.2618,0.8067,0.0775,13,0.0003,0.1712,2.3186,0.6515,1,0.0118,12,63.9997,0.543,182515.61,182 516 RUB,Капитальный
living_room (362).jpg,livingRoom,living_room,0.538,0.2777,0.8737,0.0818,6,0.0093,0.1697,2.3186,0.4839,2,0.0342,4,21.3332,0.4377,179375.68,179 376 RUB,Капитальный
living_room (363).jpg,livingRoom,artists_loft,0.4268,0.2621,0.8422,0.1074,11,0.0015,0.2125,2.3186,0.3858,1,0.0711,7,37.3331,0.3967,197431.19,197 431 RUB,Капитальный
living_room (365).jpg,livingRoom,living_room,0.6506,0.2283,0.9581,0.0945,2,0.0,0.1757,2.3186,0.649,2,0.0303,2,10.6666,0.4539,154757.28,154 757 RUB,Косметический
living_room (366).jpg,livingRoom,waiting_room,0.4065,0.22,0.3935,0.0784,7,0.0004,0.2081,2.3186,0.4588,0,0.0566,5,26.6665,0.5289,171737.83,171 738 RUB,Капитальный
living_room (367).jpg,livingRoom,living_room,0.5544,0.2882,1.0,0.0868,9,0.0,0.2074,2.3186,0.4801,0,0.0386,8,42.6664,0.4044,177963.73,177 964 RUB,Капитальный
living_room (368).jpg,livingRoom,waiting_room,0.5093,0.2378,0.9023,0.0611,3,0.0,0.1389,2.3186,0.5331,0,0.0459,2,10.6666,0.4208,149932.61,149 933 RUB,Косметический
living_room (369).jpg,livingRoom,artists_loft,0.6241,0.2141,0.5338,0.0793,12,0.0,0.1915,2.3186,0.6569,2,0.0501,12,63.9997,0.5736,197404.35,197 404 RUB,Капитальный
living_room (37).jpeg,livingRoom,television_room,0.5738,0.1694,0.8577,0.0769,10,0.0075,0.1869,2.3113,0.7047,0,0.0403,8,45.5838,0.4576,166789.85,166 790 RUB,Косметический
living_room (37).jpg,livingRoom,dining_room,0.5671,0.2605,0.9189,0.1196,4,0.0,0.2086,2.3186,0.5407,1,0.0173,4,21.3332,0.4273,164707.28,164 707 RUB,Косметический
living_room (370).jpg,livingRoom,living_room,0.4932,0.1969,0.2041,0.0417,6,0.0,0.1843,2.3186,0.6007,1,0.0141,6,31.9998,0.6277,155121.13,155 121 RUB,Косметический
living_room (371).jpg,livingRoom,artists_loft,0.6242,0.2245,0.5984,0.0551,5,0.0,0.1665,2.3186,0.6404,1,0.0241,3,15.9999,0.5591,149253.06,149 253 RUB,Косметический
living_room (372).jpg,livingRoom,television_room,0.4079,0.2862,0.2086,0.0498,6,0.0,0.2173,2.3186,0.2984,2,0.039,4,21.3332,0.5906,175854.03,175 854 RUB,Капитальный
living_room (373).jpg,livingRoom,bow_window/indoor,0.385,0.2359,1.0,0.1379,8,0.0002,0.1902,2.3186,0.3871,1,0.0779,7,37.3331,0.3264,194218.64,194 219 RUB,Капитальный
living_room (374).jpg,livingRoom,television_room,0.6601,0.2769,1.0,0.0744,7,0.0,0.1803,2.3186,0.5805,3,0.07,6,31.9998,0.4492,187423.25,187 423 RUB,Капитальный
living_room (375).jpg,livingRoom,living_room,0.4746,0.3422,0.5691,0.0442,6,0.0,0.1484,2.3186,0.279,0,0.0244,6,31.9998,0.5103,170474.29,170 474 RUB,Капитальный
living_room (376).jpg,livingRoom,television_room,0.3546,0.2336,0.7277,0.1045,9,0.0136,0.1996,2.3186,0.3411,0,0.0554,5,26.6665,0.404,199797.85,199 798 RUB,Капитальный
living_room (377).jpg,livingRoom,waiting_room,0.3201,0.2772,0.3637,0.0583,4,0.0,0.1643,2.3186,0.1341,2,0.031,3,15.9999,0.5073,189271.79,189 272 RUB,Капитальный
living_room (378).jpg,livingRoom,elevator_lobby,0.6813,0.2789,1.0,0.0857,12,0.0035,0.1846,2.3186,0.5907,1,0.0322,7,37.3331,0.4557,176203.17,176 203 RUB,Капитальный
living_room (379).jpg,livingRoom,living_room,0.567,0.265,1.0,0.1214,5,0.0,0.2073,2.3186,0.5327,1,0.0485,4,21.3332,0.4025,170602.73,170 603 RUB,Капитальный
living_room (38).jpeg,livingRoom,living_room,0.363,0.2403,1.0,0.1239,5,0.0043,0.1905,2.33,0.3381,2,0.0672,4,24.0239,0.3208,188989.6,188 990 RUB,Капитальный
living_room (38).jpg,livingRoom,television_room,0.504,0.2431,0.6386,0.0888,7,0.0,0.195,2.3186,0.5177,0,0.0285,4,21.3332,0.4923,165664.96,165 665 RUB,Косметический
living_room (380).jpg,livingRoom,recreation_room,0.4685,0.1778,0.252,0.036,3,0.0,0.1777,2.3186,0.6205,0,0.0298,3,15.9999,0.6046,148929.91,148 930 RUB,Косметический
living_room (381).jpg,livingRoom,recreation_room,0.6298,0.2333,0.6248,0.0515,7,0.0021,0.1864,2.3186,0.6296,2,0.0251,6,31.9998,0.5544,171829.6,171 830 RUB,Капитальный
living_room (382).jpg,livingRoom,living_room,0.6164,0.2271,1.0,0.1244,9,0.0,0.201,2.3186,0.6316,2,0.0287,7,37.3331,0.4217,180404.55,180 405 RUB,Капитальный
living_room (383).jpg,livingRoom,wet_bar,0.6729,0.2338,0.8242,0.0829,9,0.0019,0.1908,2.3186,0.6526,1,0.0484,5,26.6665,0.5055,170192.72,170 193 RUB,Капитальный
living_room (384).jpg,livingRoom,attic,0.6203,0.1957,0.6779,0.0535,2,0.0003,0.1646,2.3186,0.6844,1,0.0469,2,10.6666,0.534,150968.21,150 968 RUB,Косметический
living_room (385).jpg,livingRoom,waiting_room,0.5436,0.2852,1.0,0.0877,10,0.0,0.197,2.3186,0.4753,1,0.038,6,31.9998,0.3999,186282.36,186 282 RUB,Капитальный
living_room (386).jpg,livingRoom,living_room,0.4736,0.2644,1.0,0.1633,6,0.0004,0.2185,2.3186,0.4418,3,0.1167,5,26.6665,0.3568,211882.59,211 883 RUB,Капитальный
living_room (387).jpg,livingRoom,living_room,0.3801,0.2661,1.0,0.1014,4,0.0026,0.1638,2.3186,0.3,0,0.0263,3,15.9999,0.332,172355.17,172 355 RUB,Капитальный
living_room (388).jpg,livingRoom,reception,0.4862,0.2514,0.8407,0.0661,3,0.0009,0.1877,2.3186,0.483,0,0.0478,1,5.3333,0.4291,140900.52,140 901 RUB,Косметический
living_room (389).jpg,livingRoom,attic,0.5208,0.2168,0.616,0.0573,3,0.0,0.1815,2.3186,0.5838,1,0.0636,2,10.6666,0.5121,156093.64,156 094 RUB,Косметический
living_room (39).jpeg,livingRoom,television_room,0.5193,0.165,1.0,0.0725,8,0.0156,0.1866,2.3097,0.6823,1,0.0389,7,37.433,0.3948,176184.08,176 184 RUB,Капитальный
living_room (39).jpg,livingRoom,living_room,0.436,0.1664,0.4224,0.0554,16,0.0002,0.1784,2.3186,0.6184,0,0.0551,16,85.3329,0.5366,191973.96,191 974 RUB,Капитальный
living_room (390).jpg,livingRoom,television_room,0.6341,0.2637,0.9085,0.0947,4,0.0003,0.1906,2.3186,0.5842,1,0.0294,4,21.3332,0.4622,165211.41,165 211 RUB,Косметический
living_room (391).jpg,livingRoom,waiting_room,0.4934,0.3069,0.7648,0.0389,4,0.0004,0.1722,2.3186,0.378,0,0.0509,4,21.3332,0.4602,171879.83,171 880 RUB,Капитальный
living_room (392).jpg,livingRoom,artists_loft,0.6431,0.2282,0.6663,0.0935,8,0.0,0.1901,2.3186,0.6451,1,0.0533,8,42.6664,0.5386,173072.35,173 072 RUB,Капитальный
living_room (393).jpg,livingRoom,living_room,0.4533,0.2914,1.0,0.0792,7,0.0136,0.1841,2.3186,0.3572,0,0.0716,7,37.3331,0.3669,192317.55,192 318 RUB,Капитальный
living_room (394).jpg,livingRoom,living_room,0.4208,0.253,1.0,0.1036,12,0.0,0.1725,2.3186,0.3988,0,0.0667,10,53.333,0.3476,197912.22,197 912 RUB,Капитальный
living_room (395).jpg,livingRoom,television_room,0.6318,0.2987,1.0,0.085,7,0.0002,0.1635,2.3186,0.5272,3,0.0463,6,31.9998,0.4357,190842.84,190 843 RUB,Капитальный
living_room (396).jpg,livingRoom,television_room,0.5041,0.2346,0.816,0.0625,8,0.0,0.1875,2.3186,0.5346,0,0.0349,6,31.9998,0.4443,165613.86,165 614 RUB,Косметический
living_room (397).jpg,livingRoom,television_room,0.3317,0.2198,0.4162,0.0659,7,0.0009,0.1779,2.3186,0.3374,0,0.0616,3,15.9999,0.4947,177128.79,177 129 RUB,Капитальный
living_room (398).jpg,livingRoom,television_room,0.55,0.2341,0.8903,0.0816,7,0.0005,0.197,2.3186,0.5743,1,0.0247,5,26.6665,0.4366,169298.59,169 299 RUB,Косметический
living_room (399).jpg,livingRoom,living_room,0.5185,0.292,0.8853,0.0602,4,0.0001,0.1753,2.3186,0.4368,1,0.0457,4,21.3332,0.4298,173369.55,173 370 RUB,Капитальный
living_room (4).jpeg,livingRoom,television_room,0.4157,0.2173,0.9342,0.0724,8,0.0006,0.2024,2.3069,0.4772,1,0.07,5,29.9399,0.3716,185942.49,185 942 RUB,Капитальный
living_room (4).jpg,livingRoom,television_room,0.5297,0.2939,0.6487,0.0877,4,0.0028,0.2116,2.3186,0.4451,2,0.0323,3,15.9999,0.5,174599.81,174 600 RUB,Капитальный
living_room (40).jpeg,livingRoom,waiting_room,0.4391,0.24,0.4327,0.0295,4,0.0,0.1651,2.3303,0.4534,2,0.0212,3,16.0857,0.5399,165983.17,165 983 RUB,Косметический
living_room (40).jpg,livingRoom,living_room,0.4277,0.1402,0.2836,0.0637,3,0.0,0.1544,2.3186,0.6722,0,0.092,2,10.6666,0.5732,148769.7,148 770 RUB,Косметический
living_room (400).jpg,livingRoom,living_room,0.4896,0.2352,0.811,0.0962,5,0.0,0.2039,2.3186,0.5195,0,0.0639,4,21.3332,0.4333,166073.22,166 073 RUB,Косметический
living_room (401).jpg,livingRoom,artists_loft,0.4534,0.2829,1.0,0.0706,7,0.0,0.1895,2.3186,0.3762,0,0.0374,6,31.9998,0.3673,175875.24,175 875 RUB,Капитальный
living_room (402).jpg,livingRoom,recreation_room,0.4982,0.2189,0.8001,0.0682,9,0.0,0.1959,2.3186,0.5606,0,0.0233,5,26.6665,0.4456,160761.23,160 761 RUB,Косметический
living_room (403).jpg,livingRoom,living_room,0.5132,0.272,0.9236,0.095,11,0.0167,0.1971,2.3186,0.4701,0,0.026,7,37.3331,0.4109,175181.34,175 181 RUB,Капитальный
living_room (404).jpg,livingRoom,television_room,0.629,0.2225,0.4396,0.0658,7,0.0,0.1682,2.3186,0.6462,1,0.0301,6,31.9998,0.6066,157267.62,157 268 RUB,Косметический
living_room (405).jpg,livingRoom,dining_room,0.5677,0.221,0.4809,0.0672,10,0.0002,0.1854,2.3186,0.6107,1,0.0608,9,47.9997,0.5694,178075.49,178 075 RUB,Капитальный
living_room (406).jpg,livingRoom,artists_loft,0.619,0.2203,1.0,0.0781,7,0.0016,0.1745,2.3186,0.6441,1,0.0411,4,21.3332,0.4321,163830.31,163 830 RUB,Косметический
living_room (407).jpg,livingRoom,living_room,0.57,0.2595,1.0,0.098,4,0.0167,0.1966,2.3186,0.5447,0,0.1024,3,15.9999,0.4101,172571.25,172 571 RUB,Капитальный
living_room (408).jpg,livingRoom,television_room,0.483,0.2407,1.0,0.0917,4,0.0,0.2011,2.3186,0.5016,0,0.0424,4,21.3332,0.3749,167096.71,167 097 RUB,Косметический
living_room (409).jpg,livingRoom,television_room,0.392,0.1847,0.6166,0.0633,9,0.0001,0.1406,2.3186,0.5288,0,0.1184,7,37.3331,0.4592,181225.81,181 226 RUB,Капитальный
living_room (41).jpeg,livingRoom,alcove,0.3289,0.2138,0.9132,0.0797,5,0.0,0.1626,2.3186,0.3501,0,0.0599,4,21.3332,0.3417,179485.19,179 485 RUB,Капитальный
living_room (41).jpg,livingRoom,television_room,0.6448,0.2302,1.0,0.1146,6,0.0005,0.2251,2.3186,0.643,4,0.0428,4,21.3332,0.4351,190082.97,190 083 RUB,Капитальный
living_room (410).jpg,livingRoom,living_room,0.5037,0.2388,0.6052,0.0895,5,0.0,0.2128,2.3186,0.5258,2,0.0282,5,26.6665,0.502,175228.63,175 229 RUB,Капитальный
living_room (411).jpg,livingRoom,television_room,0.6556,0.2386,0.6269,0.086,4,0.0,0.1669,2.3186,0.6361,3,0.0475,2,10.6666,0.557,171148.36,171 148 RUB,Капитальный
living_room (412).jpg,livingRoom,wet_bar,0.4311,0.2693,1.0,0.1009,0,0.0052,0.1705,2.3186,0.3753,0,0.0328,0,0.0,0.3528,122783.99,122 784 RUB,Косметический
living_room (413).jpg,livingRoom,home_theater,0.3185,0.1988,0.39,0.0596,5,0.0,0.1871,2.3186,0.3759,1,0.0339,4,21.3332,0.4985,169716.68,169 717 RUB,Косметический
living_room (414).jpg,livingRoom,television_room,0.4162,0.2422,0.514,0.0792,2,0.0,0.1697,2.3186,0.4179,1,0.0671,2,10.6666,0.4964,168784.0,168 784 RUB,Косметический
living_room (415).jpg,livingRoom,artists_loft,0.6334,0.2462,0.7293,0.0857,2,0.0001,0.1976,2.3186,0.6113,5,0.0295,2,10.6666,0.5174,175376.12,175 376 RUB,Капитальный
living_room (416).jpg,livingRoom,artists_loft,0.5938,0.2687,1.0,0.1276,7,0.0082,0.1993,2.3186,0.5475,3,0.0316,4,21.3332,0.4128,188328.21,188 328 RUB,Капитальный
living_room (417).jpg,livingRoom,television_room,0.3972,0.2028,0.4017,0.0526,5,0.0002,0.1761,2.3186,0.4894,0,0.0852,4,21.3332,0.5279,171017.16,171 017 RUB,Капитальный
living_room (418).jpg,livingRoom,recreation_room,0.4556,0.2582,1.0,0.1325,5,0.0014,0.2067,2.3186,0.4333,0,0.1068,5,26.6665,0.3559,189589.44,189 589 RUB,Капитальный
living_room (419).jpg,livingRoom,wet_bar,0.4709,0.2862,0.9337,0.0647,14,0.0185,0.1997,2.3186,0.3921,2,0.0541,7,37.3331,0.3971,210401.57,210 402 RUB,Капитальный
living_room (42).jpeg,livingRoom,television_room,0.6222,0.1951,1.0,0.1232,13,0.0,0.2008,2.31,0.6865,1,0.0417,9,54.3803,0.4242,188817.23,188 817 RUB,Капитальный
living_room (42).jpg,livingRoom,television_room,0.4488,0.2943,0.7615,0.0505,6,0.0005,0.1722,2.3186,0.3442,2,0.0222,5,26.6665,0.441,188261.73,188 262 RUB,Капитальный
living_room (420).jpg,livingRoom,recreation_room,0.5704,0.2235,1.0,0.1119,8,0.0172,0.1896,2.3186,0.6081,0,0.0436,6,31.9998,0.4075,168875.67,168 876 RUB,Косметический
living_room (421).jpg,livingRoom,waiting_room,0.4094,0.253,0.5835,0.0632,5,0.0003,0.1769,2.3186,0.3821,2,0.0585,2,10.6666,0.4761,181540.86,181 541 RUB,Капитальный
living_room (422).jpg,livingRoom,garage/indoor,0.5497,0.2064,0.3695,0.0262,0,0.0,0.1642,2.3186,0.6245,0,0.0076,0,0.0,0.6038,94167.69,94 168 RUB,Косметический
living_room (423).jpg,livingRoom,entrance_hall,0.5808,0.2446,0.9271,0.0795,6,0.0,0.1999,2.3186,0.5788,0,0.0311,4,21.3332,0.4383,159212.72,159 213 RUB,Косметический
living_room (424).jpg,livingRoom,television_room,0.6271,0.2779,0.8158,0.0962,8,0.0013,0.1839,2.3186,0.5568,3,0.0663,7,37.3331,0.487,195161.36,195 161 RUB,Капитальный
living_room (425).jpg,livingRoom,television_room,0.5476,0.3247,1.0,0.0926,7,0.0014,0.194,2.3186,0.407,2,0.0468,5,26.6665,0.4007,192341.21,192 341 RUB,Капитальный
living_room (426).jpg,livingRoom,porch,0.6821,0.2192,1.0,0.1335,1,0.0332,0.1929,2.3186,0.6787,1,0.0268,1,5.3333,0.4495,127111.15,127 111 RUB,Косметический
living_room (427).jpg,livingRoom,waiting_room,0.4033,0.2629,0.3671,0.0366,5,0.0002,0.1652,2.3186,0.3481,0,0.0165,4,21.3332,0.5439,161919.39,161 919 RUB,Косметический
living_room (428).jpg,livingRoom,television_room,0.5276,0.2629,0.6458,0.0721,9,0.0008,0.1899,2.3186,0.5017,1,0.023,8,42.6664,0.503,179159.04,179 159 RUB,Капитальный
living_room (429).jpg,livingRoom,living_room,0.4071,0.2314,0.6435,0.074,11,0.0007,0.1969,2.3186,0.4315,0,0.0546,5,26.6665,0.455,176906.6,176 907 RUB,Капитальный
living_room (43).jpeg,livingRoom,television_room,0.5543,0.1536,0.6868,0.0534,6,0.0016,0.1644,2.3069,0.7228,0,0.0343,5,29.9399,0.5052,153383.17,153 383 RUB,Косметический
living_room (43).jpg,livingRoom,artists_loft,0.5906,0.204,0.6188,0.0805,5,0.0,0.1705,2.3186,0.6545,0,0.02,3,15.9999,0.5345,143295.57,143 296 RUB,Косметический
living_room (430).jpg,livingRoom,artists_loft,0.6197,0.2483,0.565,0.0473,1,0.0,0.1938,2.3186,0.5994,1,0.0271,1,5.3333,0.5689,126460.91,126 461 RUB,Косметический
living_room (431).jpg,livingRoom,television_room,0.502,0.2638,1.0,0.1058,6,0.0002,0.2282,2.3186,0.4745,0,0.0458,5,26.6665,0.3796,173314.93,173 315 RUB,Капитальный
living_room (432).jpg,livingRoom,living_room,0.5893,0.2919,1.0,0.0867,19,0.0,0.2022,2.3186,0.5047,2,0.0346,12,63.9997,0.4184,219610.03,219 610 RUB,Капитальный
living_room (433).jpg,livingRoom,television_room,0.452,0.2653,1.0,0.1037,13,0.0146,0.1873,2.3186,0.4131,0,0.0491,11,58.6664,0.3615,201688.53,201 689 RUB,Капитальный
living_room (434).jpg,livingRoom,mezzanine,0.4578,0.2576,1.0,0.136,15,0.0014,0.2169,2.3186,0.4373,1,0.0415,9,47.9997,0.3561,203206.78,203 207 RUB,Капитальный
living_room (435).jpg,livingRoom,wet_bar,0.4736,0.2018,0.8819,0.0828,11,0.0,0.1859,2.3186,0.5739,2,0.0967,10,53.333,0.4083,205456.99,205 457 RUB,Капитальный
living_room (436).jpg,livingRoom,living_room,0.6055,0.2374,1.0,0.0803,6,0.0029,0.1836,2.3186,0.6079,1,0.0245,6,31.9998,0.4264,168036.25,168 036 RUB,Косметический
living_room (437).jpg,livingRoom,waiting_room,0.5037,0.304,0.473,0.0489,4,0.0011,0.1728,2.3186,0.3965,1,0.025,2,10.6666,0.5499,164089.5,164 090 RUB,Косметический
living_room (438).jpg,livingRoom,recreation_room,0.5907,0.1924,0.5028,0.0465,3,0.0018,0.1694,2.3186,0.6743,0,0.0394,2,10.6666,0.5763,143871.03,143 871 RUB,Косметический
living_room (439).jpg,livingRoom,living_room,0.5731,0.2887,0.5615,0.0515,14,0.0,0.1932,2.3186,0.4962,0,0.0303,10,53.333,0.5505,181420.95,181 421 RUB,Капитальный
living_room (44).jpeg,livingRoom,waiting_room,0.4231,0.2312,1.0,0.0754,4,0.0121,0.1996,2.3186,0.4535,1,0.0839,2,10.6666,0.3554,173334.76,173 335 RUB,Капитальный
living_room (44).jpg,livingRoom,kitchen,0.6027,0.2984,0.8646,0.0726,11,0.0003,0.1965,2.3186,0.5049,2,0.0334,9,47.9997,0.4672,192073.97,192 074 RUB,Капитальный
living_room (440).jpg,livingRoom,living_room,0.396,0.2255,0.7071,0.078,7,0.0,0.1772,2.3186,0.4305,0,0.0471,5,26.6665,0.4307,174369.79,174 370 RUB,Капитальный
living_room (441).jpg,livingRoom,living_room,0.3687,0.2495,0.5167,0.0628,2,0.0,0.1777,2.3186,0.3232,0,0.04,2,10.6666,0.4799,162916.82,162 917 RUB,Косметический
living_room (442).jpg,livingRoom,living_room,0.5686,0.2812,0.6477,0.0676,6,0.0,0.1879,2.3186,0.5055,2,0.0222,2,10.6666,0.5196,167312.36,167 312 RUB,Косметический
living_room (443).jpg,livingRoom,television_room,0.576,0.3072,0.7869,0.048,6,0.0011,0.1721,2.3186,0.4667,1,0.0306,6,31.9998,0.4849,178921.95,178 922 RUB,Капитальный
living_room (444).jpg,livingRoom,hotel_room,0.4416,0.2996,0.1444,0.0252,4,0.0,0.154,2.3186,0.3217,0,0.0506,3,15.9999,0.6283,171072.34,171 072 RUB,Капитальный
living_room (445).jpg,livingRoom,reception,0.6968,0.1978,0.528,0.0546,6,0.0004,0.1646,2.3186,0.7161,0,0.0487,6,31.9998,0.6094,156635.28,156 635 RUB,Косметический
living_room (446).jpg,livingRoom,entrance_hall,0.5693,0.2476,0.7386,0.1198,3,0.0004,0.1767,2.3186,0.5651,0,0.0768,3,15.9999,0.4822,157450.73,157 451 RUB,Косметический
living_room (447).jpg,livingRoom,home_office,0.7306,0.2546,0.8731,0.0631,4,0.0077,0.1652,2.3186,0.6515,3,0.0273,4,21.3332,0.5185,170589.41,170 589 RUB,Капитальный
living_room (448).jpg,livingRoom,living_room,0.6896,0.2067,0.6096,0.0793,6,0.0,0.1772,2.3186,0.7002,5,0.0369,5,26.6665,0.5771,198677.98,198 678 RUB,Капитальный
living_room (449).jpg,livingRoom,waiting_room,0.6248,0.2672,0.5642,0.0542,11,0.0072,0.182,2.3186,0.5723,1,0.0772,7,37.3331,0.5706,186196.51,186 197 RUB,Капитальный
living_room (45).jpeg,livingRoom,living_room,0.5456,0.1629,1.0,0.1107,6,0.0,0.1935,2.33,0.7013,3,0.022,5,30.0298,0.3961,184194.65,184 195 RUB,Капитальный
living_room (45).jpg,livingRoom,living_room,0.3754,0.242,0.4451,0.0742,11,0.0007,0.1969,2.3186,0.3553,3,0.0702,11,58.6664,0.5019,218163.12,218 163 RUB,Капитальный
living_room (450).jpg,livingRoom,television_room,0.5581,0.2393,0.708,0.0733,5,0.0458,0.1788,2.3186,0.5712,0,0.022,4,21.3332,0.5008,153402.47,153 402 RUB,Косметический
living_room (451).jpg,livingRoom,television_room,0.5452,0.2776,0.8377,0.0666,9,0.0,0.1913,2.3186,0.4908,0,0.0333,7,37.3331,0.4534,171863.56,171 864 RUB,Капитальный
living_room (452).jpg,livingRoom,television_room,0.6309,0.2829,0.8284,0.0659,6,0.0002,0.2042,2.3186,0.5516,1,0.0326,3,15.9999,0.4907,162153.75,162 154 RUB,Косметический
living_room (453).jpg,livingRoom,television_room,0.5684,0.2242,0.5482,0.0578,10,0.0011,0.195,2.3186,0.6057,0,0.017,8,42.6664,0.5515,165740.94,165 741 RUB,Косметический
living_room (454).jpg,livingRoom,playroom,0.6578,0.2204,0.487,0.0592,8,0.0011,0.1718,2.3186,0.6649,3,0.0239,4,21.3332,0.6053,173802.42,173 802 RUB,Капитальный
living_room (455).jpg,livingRoom,television_room,0.4613,0.2495,0.3858,0.0489,7,0.0038,0.2011,2.3186,0.4591,1,0.0454,5,26.6665,0.5594,182032.5,182 032 RUB,Капитальный
living_room (456).jpg,livingRoom,wet_bar,0.6355,0.2189,0.5926,0.0717,13,0.0025,0.1974,2.3186,0.6555,0,0.0351,10,53.333,0.5623,173769.07,173 769 RUB,Капитальный
living_room (457).jpg,livingRoom,waiting_room,0.6896,0.1763,0.4182,0.0536,5,0.0,0.165,2.3186,0.7443,1,0.0581,5,26.6665,0.6396,156391.09,156 391 RUB,Косметический
living_room (458).jpg,livingRoom,dining_room,0.6448,0.2306,0.384,0.0684,9,0.0,0.1991,2.3186,0.6423,2,0.0293,8,42.6664,0.629,162742.49,162 742 RUB,Косметический
living_room (459).jpg,livingRoom,waiting_room,0.6042,0.229,0.5516,0.069,4,0.0,0.1914,2.3186,0.6209,1,0.0551,4,21.3332,0.5624,166802.22,166 802 RUB,Косметический
living_room (46).jpeg,livingRoom,waiting_room,0.4349,0.2131,0.7429,0.0445,6,0.0003,0.1666,2.3186,0.51,1,0.0479,5,26.6665,0.4422,174475.61,174 476 RUB,Капитальный
living_room (46).jpg,livingRoom,wet_bar,0.522,0.2375,0.5376,0.0721,9,0.0,0.1948,2.3186,0.5451,0,0.0189,4,21.3332,0.5331,163433.77,163 434 RUB,Косметический
living_room (460).jpg,livingRoom,home_office,0.3798,0.2953,0.822,0.0659,8,0.001,0.1747,2.3186,0.2225,0,0.0345,6,31.9998,0.3923,187245.3,187 245 RUB,Капитальный
living_room (461).jpg,livingRoom,television_room,0.5888,0.2682,0.478,0.0571,6,0.0001,0.1934,2.3186,0.5446,2,0.0213,3,15.9999,0.5807,170493.92,170 494 RUB,Капитальный
living_room (462).jpg,livingRoom,living_room,0.7028,0.2125,0.7839,0.1053,2,0.0,0.1889,2.3186,0.6976,4,0.0337,2,10.6666,0.5249,176887.88,176 888 RUB,Капитальный
living_room (463).jpg,livingRoom,dining_room,0.5904,0.2018,0.5113,0.0741,15,0.0001,0.1837,2.3186,0.6581,0,0.0192,13,69.333,0.5679,170580.18,170 580 RUB,Капитальный
living_room (464).jpg,livingRoom,artists_loft,0.5859,0.2519,0.6171,0.076,8,0.0,0.2012,2.3186,0.5701,4,0.0293,7,37.3331,0.534,195036.58,195 037 RUB,Капитальный
living_room (465).jpg,livingRoom,living_room,0.5622,0.2741,0.4961,0.0765,7,0.0,0.2117,2.3186,0.5124,0,0.0145,5,26.6665,0.5607,156562.07,156 562 RUB,Косметический
living_room (466).jpg,livingRoom,living_room,0.6383,0.2316,0.6985,0.0788,8,0.0,0.1967,2.3186,0.6371,3,0.0147,5,26.6665,0.53,176405.88,176 406 RUB,Капитальный
living_room (467).jpg,livingRoom,living_room,0.4194,0.223,0.4848,0.0892,9,0.0029,0.1787,2.3186,0.4684,1,0.051,6,31.9998,0.5048,179207.08,179 207 RUB,Капитальный
living_room (468).jpg,livingRoom,home_theater,0.3424,0.2996,0.9194,0.0701,7,0.0,0.1722,2.3186,0.1249,0,0.0366,6,31.9998,0.3471,183824.82,183 825 RUB,Капитальный
living_room (469).jpg,livingRoom,recreation_room,0.5167,0.2847,0.9621,0.0819,13,0.0083,0.2043,2.3186,0.4489,1,0.0481,7,37.3331,0.4025,190512.87,190 513 RUB,Капитальный
living_room (47).jpeg,livingRoom,waiting_room,0.4693,0.1502,0.2913,0.0361,3,0.0,0.1563,2.3186,0.6799,0,0.0252,3,15.9999,0.5931,144533.88,144 534 RUB,Косметический
living_room (47).jpg,livingRoom,living_room,0.5405,0.2106,0.6736,0.1024,10,0.0,0.1958,2.3186,0.6104,0,0.0091,9,47.9997,0.4936,167535.95,167 536 RUB,Косметический
living_room (470).jpg,livingRoom,television_room,0.5466,0.2624,0.5122,0.0631,6,0.0,0.1894,2.3186,0.5199,0,0.0443,6,31.9998,0.5524,165102.01,165 102 RUB,Косметический
living_room (471).jpg,livingRoom,television_room,0.4665,0.2976,0.3487,0.0541,9,0.0004,0.188,2.3186,0.3621,0,0.0524,8,42.6664,0.5712,181868.5,181 868 RUB,Капитальный
living_room (472).jpg,livingRoom,recreation_room,0.5063,0.253,0.6874,0.0766,10,0.0021,0.1842,2.3186,0.5004,0,0.0758,7,37.3331,0.4812,179197.28,179 197 RUB,Капитальный
living_room (473).jpg,livingRoom,living_room,0.2906,0.2891,0.3528,0.0401,5,0.0003,0.1395,2.3186,0.0051,2,0.0442,2,10.6666,0.5024,194670.17,194 670 RUB,Капитальный
living_room (474).jpg,livingRoom,artists_loft,0.4787,0.1439,0.2153,0.0664,4,0.0006,0.1823,2.3186,0.6994,1,0.075,3,15.9999,0.6137,157235.62,157 236 RUB,Косметический
living_room (475).jpg,livingRoom,artists_loft,0.701,0.2026,0.4163,0.0656,4,0.0,0.1723,2.3186,0.711,2,0.0353,2,10.6666,0.6424,148713.36,148 713 RUB,Косметический
living_room (476).jpg,livingRoom,living_room,0.5986,0.3299,0.3979,0.0514,3,0.002,0.1918,2.3186,0.4489,2,0.0105,2,10.6666,0.61,159975.5,159 976 RUB,Косметический
living_room (477).jpg,livingRoom,recreation_room,0.6429,0.1963,0.7693,0.0771,7,0.0029,0.2106,2.3186,0.6946,0,0.0376,5,26.6665,0.5112,156416.38,156 416 RUB,Косметический
living_room (478).jpg,livingRoom,living_room,0.5689,0.2288,0.921,0.1157,14,0.0004,0.1902,2.3186,0.5978,1,0.0166,9,47.9997,0.4282,186223.93,186 224 RUB,Капитальный
living_room (479).jpg,livingRoom,artists_loft,0.6663,0.2197,0.7696,0.1132,9,0.0,0.1914,2.3186,0.6702,1,0.0211,7,37.3331,0.513,165375.67,165 376 RUB,Косметический
living_room (48).jpeg,livingRoom,entrance_hall,0.6837,0.1749,0.8422,0.044,0,0.0003,0.18,2.31,0.7442,2,0.0175,0,0.0,0.512,104679.32,104 679 RUB,Косметический
living_room (48).jpg,livingRoom,pizzeria,0.3099,0.2199,0.286,0.0493,4,0.0,0.197,2.3186,0.2904,1,0.0466,1,5.3333,0.5283,152133.25,152 133 RUB,Косметический
living_room (480).jpg,livingRoom,bow_window/indoor,0.5209,0.1846,0.1986,0.0287,0,0.0,0.1738,2.3186,0.6457,2,0.0108,0,0.0,0.643,104219.77,104 220 RUB,Косметический
living_room (481).jpg,livingRoom,television_room,0.5167,0.2836,0.9206,0.0922,7,0.0171,0.2386,2.3186,0.4511,1,0.0337,5,26.6665,0.4137,180150.82,180 151 RUB,Капитальный
living_room (482).jpg,livingRoom,home_theater,0.4958,0.2086,0.275,0.045,8,0.0,0.1837,2.3186,0.5793,3,0.0358,3,15.9999,0.6068,176756.16,176 756 RUB,Капитальный
living_room (483).jpg,livingRoom,youth_hostel,0.3555,0.2746,0.5505,0.0565,4,0.0007,0.2233,2.3186,0.2275,1,0.051,4,21.3332,0.4658,193206.97,193 207 RUB,Капитальный
living_room (484).jpg,livingRoom,wet_bar,0.5793,0.3095,0.3873,0.0423,3,0.0,0.175,2.3186,0.4657,1,0.0142,1,5.3333,0.6071,138953.59,138 954 RUB,Косметический
living_room (485).jpg,livingRoom,living_room,0.5623,0.2582,0.7722,0.1106,12,0.0056,0.2255,2.3186,0.5409,2,0.0583,7,37.3331,0.4717,190551.91,190 552 RUB,Капитальный
living_room (486).jpg,livingRoom,recreation_room,0.5194,0.2965,1.0,0.1049,5,0.0,0.1784,2.3186,0.4293,1,0.055,3,15.9999,0.3868,174320.56,174 321 RUB,Капитальный
living_room (487).jpg,livingRoom,living_room,0.4913,0.2377,0.4645,0.0583,6,0.0005,0.1903,2.3186,0.5162,1,0.048,1,5.3333,0.5456,153265.96,153 266 RUB,Косметический
living_room (488).jpg,livingRoom,television_room,0.5778,0.2495,0.6602,0.0825,3,0.0,0.195,2.3186,0.5682,1,0.0252,3,15.9999,0.5166,160262.66,160 263 RUB,Косметический
living_room (489).jpg,livingRoom,living_room,0.4762,0.2321,0.4955,0.0391,1,0.0,0.1639,2.3186,0.5125,0,0.0167,1,5.3333,0.534,122063.43,122 063 RUB,Косметический
living_room (49).jpeg,livingRoom,television_room,0.3818,0.2547,0.6823,0.0884,12,0.0,0.1893,2.3186,0.333,0,0.0427,6,31.9998,0.4303,189539.9,189 540 RUB,Капитальный
living_room (49).jpg,livingRoom,television_room,0.5366,0.3109,0.8804,0.0795,6,0.0,0.2059,2.3186,0.4207,0,0.0397,6,31.9998,0.4346,174461.32,174 461 RUB,Капитальный
living_room (490).jpg,livingRoom,living_room,0.4406,0.273,0.7028,0.0844,11,0.0,0.1889,2.3186,0.3805,0,0.0351,8,42.6664,0.4485,182495.28,182 495 RUB,Капитальный
living_room (491).jpg,livingRoom,home_office,0.5033,0.3427,0.5605,0.0436,4,0.0006,0.1653,2.3186,0.319,2,0.0223,3,15.9999,0.5245,176915.99,176 916 RUB,Капитальный
living_room (492).jpg,livingRoom,waiting_room,0.4065,0.1781,0.5509,0.0808,4,0.0004,0.2013,2.3186,0.5619,1,0.0342,3,15.9999,0.4812,169624.29,169 624 RUB,Косметический
living_room (493).jpg,livingRoom,recreation_room,0.5405,0.2034,0.2142,0.0449,2,0.0012,0.1928,2.3186,0.6237,1,0.0145,2,10.6666,0.6431,147319.81,147 320 RUB,Косметический
living_room (494).jpg,livingRoom,bow_window/indoor,0.4985,0.2559,0.3525,0.0301,1,0.0,0.18,2.3186,0.4867,3,0.0283,1,5.3333,0.5876,144593.23,144 593 RUB,Косметический
living_room (495).jpg,livingRoom,attic,0.4226,0.3113,0.7923,0.0356,1,0.0,0.1599,2.3186,0.2634,3,0.0285,1,5.3333,0.4242,157850.77,157 851 RUB,Косметический
living_room (496).jpg,livingRoom,wet_bar,0.6457,0.2189,0.4518,0.063,14,0.0,0.1899,2.3186,0.661,1,0.0186,14,74.6663,0.6101,180584.4,180 584 RUB,Капитальный
living_room (497).jpg,livingRoom,living_room,0.6081,0.2626,0.9292,0.1111,8,0.0004,0.1781,2.3186,0.5681,2,0.023,4,21.3332,0.4423,178472.23,178 472 RUB,Капитальный
living_room (498).jpg,livingRoom,bedchamber,0.657,0.2596,1.0,0.1111,7,0.0022,0.1918,2.3186,0.6049,4,0.0575,5,26.6665,0.4408,198459.34,198 459 RUB,Капитальный
living_room (499).jpg,livingRoom,living_room,0.3465,0.2114,0.8709,0.1237,11,0.009,0.1902,2.3186,0.3898,1,0.0935,8,42.6664,0.3535,206261.87,206 262 RUB,Капитальный
living_room (5).jpeg,livingRoom,television_room,0.5752,0.1982,1.0,0.0553,6,0.0,0.1922,2.31,0.6554,1,0.052,6,36.2536,0.419,169936.24,169 936 RUB,Косметический
living_room (5).jpg,livingRoom,living_room,0.5498,0.2401,0.6731,0.0694,6,0.0013,0.1828,2.3186,0.5632,1,0.0244,6,31.9998,0.5042,167730.99,167 731 RUB,Косметический
living_room (50).jpeg,livingRoom,waiting_room,0.3919,0.2327,0.7646,0.0853,5,0.0024,0.186,2.33,0.4061,0,0.0862,3,18.0179,0.4105,172395.34,172 395 RUB,Капитальный
living_room (50).jpg,livingRoom,artists_loft,0.5814,0.2277,0.7942,0.0856,4,0.0,0.1948,2.3186,0.6083,0,0.0237,4,21.3332,0.4772,151224.71,151 225 RUB,Косметический
living_room (500).jpg,livingRoom,living_room,0.618,0.204,1.0,0.1223,10,0.0026,0.1816,2.3186,0.6699,0,0.0758,8,42.6664,0.423,179109.57,179 110 RUB,Капитальный
living_room (501).jpg,livingRoom,entrance_hall,0.606,0.1896,0.5357,0.0535,1,0.0,0.1662,2.3186,0.6872,0,0.0171,1,5.3333,0.571,115181.15,115 181 RUB,Косметический
living_room (502).jpg,livingRoom,television_room,0.5926,0.273,0.8372,0.1034,5,0.0,0.1991,2.3186,0.5393,1,0.0356,3,15.9999,0.4652,168796.63,168 797 RUB,Косметический
living_room (503).jpg,livingRoom,mezzanine,0.5007,0.2548,0.629,0.0496,4,0.0,0.2076,2.3186,0.4911,0,0.0594,3,15.9999,0.5017,159222.67,159 223 RUB,Косметический
living_room (504).jpg,livingRoom,living_room,0.3546,0.3325,1.0,0.0696,3,0.0018,0.1552,2.3186,0.0625,1,0.0475,3,15.9999,0.3281,185130.91,185 131 RUB,Капитальный
living_room (505).jpg,livingRoom,recreation_room,0.5457,0.2377,0.6599,0.0544,5,0.0,0.1864,2.3186,0.5644,0,0.0428,5,26.6665,0.5094,159734.45,159 734 RUB,Косметический
living_room (506).jpg,livingRoom,waiting_room,0.492,0.2699,0.8242,0.0685,12,0.0,0.1776,2.3186,0.4515,0,0.0399,9,47.9997,0.4359,181823.25,181 823 RUB,Капитальный
living_room (507).jpg,livingRoom,television_room,0.6256,0.2433,0.5522,0.0702,4,0.0002,0.1863,2.3186,0.6111,3,0.02,3,15.9999,0.5706,174467.0,174 467 RUB,Капитальный
living_room (508).jpg,livingRoom,reception,0.449,0.2416,0.8734,0.0545,7,0.0098,0.206,2.3186,0.4618,0,0.0544,6,31.9998,0.4077,174613.69,174 614 RUB,Капитальный
living_room (509).jpg,livingRoom,living_room,0.5118,0.2788,0.9337,0.0907,7,0.0,0.191,2.3186,0.4552,0,0.0218,4,21.3332,0.4065,168578.55,168 579 RUB,Косметический
living_room (51).jpeg,livingRoom,television_room,0.5709,0.3022,1.0,0.1102,32,0.0,0.2073,2.33,0.4706,3,0.0838,11,66.0657,0.4063,229944.19,229 944 RUB,Капитальный
living_room (51).jpg,livingRoom,attic,0.6109,0.182,0.6321,0.078,2,0.0,0.1695,2.3186,0.7021,1,0.0592,1,5.3333,0.5391,136145.65,136 146 RUB,Косметический
living_room (510).jpg,livingRoom,living_room,0.528,0.2639,1.0,0.0786,6,0.0,0.2015,2.3186,0.5002,2,0.0462,5,26.6665,0.3955,186298.1,186 298 RUB,Капитальный
living_room (511).jpg,livingRoom,living_room,0.433,0.2746,0.2283,0.0386,4,0.0,0.1812,2.3186,0.366,3,0.0701,3,15.9999,0.597,189905.06,189 905 RUB,Капитальный
living_room (512).jpg,livingRoom,living_room,0.5667,0.283,1.0,0.0887,8,0.0028,0.2051,2.3186,0.5005,1,0.0427,4,21.3332,0.4092,176708.53,176 709 RUB,Капитальный
living_room (513).jpg,livingRoom,living_room,0.4158,0.2191,0.3139,0.0953,5,0.0004,0.2121,2.3186,0.4732,1,0.0207,5,26.6665,0.5531,167403.81,167 404 RUB,Косметический
living_room (514).jpg,livingRoom,dining_room,0.6444,0.2677,0.8582,0.0832,11,0.0,0.1755,2.3186,0.5846,5,0.0334,11,58.6664,0.4837,215424.84,215 425 RUB,Капитальный
living_room (515).jpg,livingRoom,recreation_room,0.6543,0.2229,0.6504,0.0452,3,0.0,0.1773,2.3186,0.6593,2,0.0423,3,15.9999,0.5575,162048.38,162 048 RUB,Косметический
living_room (516).jpg,livingRoom,television_room,0.468,0.2866,0.8919,0.0764,4,0.0011,0.1883,2.3186,0.3875,0,0.0644,3,15.9999,0.4044,170781.97,170 782 RUB,Капитальный
living_room (517).jpg,livingRoom,attic,0.6146,0.2106,0.552,0.0559,0,0.0,0.1745,2.3186,0.6573,1,0.0313,0,0.0,0.569,104832.45,104 832 RUB,Косметический
living_room (518).jpg,livingRoom,living_room,0.6366,0.2056,1.0,0.1051,7,0.0,0.1898,2.3186,0.677,0,0.0355,6,31.9998,0.4336,163557.7,163 558 RUB,Косметический
living_room (519).jpg,livingRoom,living_room,0.6395,0.2498,1.0,0.0856,7,0.0021,0.1709,2.3186,0.6094,1,0.0327,4,21.3332,0.4389,163594.14,163 594 RUB,Косметический
living_room (52).jpeg,livingRoom,living_room,0.3039,0.2915,0.6868,0.0749,7,0.0316,0.1661,2.3186,0.0409,2,0.0449,7,37.3331,0.4037,220393.42,220 393 RUB,Капитальный
living_room (52).jpg,livingRoom,television_room,0.6485,0.2349,0.5504,0.0542,4,0.0001,0.1916,2.3186,0.6378,0,0.0133,3,15.9999,0.5835,148215.04,148 215 RUB,Косметический
living_room (520).jpg,livingRoom,attic,0.6859,0.1834,0.7054,0.0555,2,0.0038,0.1472,2.3186,0.7325,2,0.0516,1,5.3333,0.552,137117.42,137 117 RUB,Косметический
living_room (521).jpg,livingRoom,living_room,0.4536,0.3544,0.5733,0.0565,3,0.0,0.1535,2.3186,0.2187,1,0.0209,2,10.6666,0.4982,173189.03,173 189 RUB,Капитальный
living_room (522).jpg,livingRoom,living_room,0.5876,0.3328,0.4474,0.0538,9,0.0,0.1766,2.3186,0.4337,1,0.0121,7,37.3331,0.5901,175242.2,175 242 RUB,Капитальный
living_room (523).jpg,livingRoom,television_room,0.4704,0.2101,0.2825,0.0567,7,0.0003,0.1906,2.3186,0.5533,0,0.044,2,10.6666,0.5921,158839.97,158 840 RUB,Косметический
living_room (524).jpg,livingRoom,living_room,0.5685,0.238,0.6579,0.0596,2,0.0,0.1636,2.3186,0.5813,0,0.015,2,10.6666,0.5181,138123.82,138 124 RUB,Косметический
living_room (525).jpg,livingRoom,elevator_lobby,0.5486,0.2266,0.8339,0.0523,4,0.0002,0.1715,2.3186,0.5869,0,0.052,1,5.3333,0.4588,137262.11,137 262 RUB,Косметический
living_room (526).jpg,livingRoom,artists_loft,0.657,0.2514,1.0,0.0751,8,0.0,0.1681,2.3186,0.6173,0,0.0394,7,37.3331,0.4478,163229.21,163 229 RUB,Косметический
living_room (527).jpg,livingRoom,television_room,0.3467,0.1987,0.3103,0.0692,6,0.0004,0.1838,2.3186,0.4268,0,0.1243,4,21.3332,0.5318,184205.88,184 206 RUB,Капитальный
living_room (528).jpg,livingRoom,entrance_hall,0.5084,0.1278,0.2797,0.0451,0,0.0,0.1778,2.3186,0.7486,0,0.0093,0,0.0,0.6104,87639.92,87 640 RUB,Без ремонта
living_room (529).jpg,livingRoom,living_room,0.606,0.2461,0.7112,0.1032,6,0.0,0.191,2.3186,0.5939,1,0.0907,4,21.3332,0.5084,178281.63,178 282 RUB,Капитальный
living_room (53).jpeg,livingRoom,living_room,0.3392,0.3103,1.0,0.0817,4,0.0032,0.1783,2.3097,0.0851,6,0.0502,4,21.3903,0.3196,228394.9,228 395 RUB,Капитальный
living_room (53).jpg,livingRoom,television_room,0.6287,0.2459,0.5715,0.0608,5,0.0,0.1944,2.3186,0.6089,1,0.0154,4,21.3332,0.5679,157682.37,157 682 RUB,Косметический
living_room (530).jpg,livingRoom,entrance_hall,0.4365,0.1997,0.4093,0.0448,0,0.0,0.186,2.3186,0.5425,1,0.011,0,0.0,0.5429,107625.63,107 626 RUB,Косметический
living_room (531).jpg,livingRoom,television_room,0.6015,0.2651,1.0,0.0819,6,0.0,0.1852,2.3186,0.5594,2,0.0722,4,21.3332,0.4242,179656.15,179 656 RUB,Капитальный
living_room (532).jpg,livingRoom,living_room,0.6516,0.2296,1.0,0.0963,4,0.0001,0.2067,2.3186,0.6477,2,0.036,4,21.3332,0.4414,168568.09,168 568 RUB,Косметический
living_room (533).jpg,livingRoom,entrance_hall,0.4492,0.2223,1.0,0.0948,9,0.0004,0.1943,2.3186,0.505,0,0.1023,7,37.3331,0.3607,190499.36,190 499 RUB,Капитальный
living_room (534).jpg,livingRoom,living_room,0.5901,0.2166,0.7441,0.1021,3,0.0004,0.2073,2.3186,0.633,0,0.0273,3,15.9999,0.4925,152057.25,152 057 RUB,Косметический
living_room (535).jpg,livingRoom,dining_room,0.4505,0.2867,1.0,0.0951,8,0.0004,0.1605,2.3186,0.3635,2,0.0374,7,37.3331,0.3612,195659.58,195 660 RUB,Капитальный
living_room (536).jpg,livingRoom,living_room,0.3357,0.2363,0.5755,0.0759,5,0.0019,0.2021,2.3186,0.2961,1,0.0611,5,26.6665,0.4466,183853.98,183 854 RUB,Капитальный
living_room (537).jpg,livingRoom,artists_loft,0.5677,0.2221,0.5891,0.077,4,0.0,0.2063,2.3186,0.6088,0,0.0187,3,15.9999,0.5349,146724.23,146 724 RUB,Косметический
living_room (538).jpg,livingRoom,living_room,0.3036,0.2175,0.3539,0.0616,3,0.0,0.1721,2.3186,0.2835,1,0.1111,3,15.9999,0.503,183288.19,183 288 RUB,Капитальный
living_room (539).jpg,livingRoom,living_room,0.5716,0.2615,1.0,0.1205,9,0.0022,0.1918,2.3186,0.5425,2,0.0256,8,42.6664,0.4048,184159.86,184 160 RUB,Капитальный
living_room (54).jpeg,livingRoom,television_room,0.3654,0.1387,0.9632,0.0845,2,0.0,0.1678,2.3333,0.6204,0,0.0337,2,12.5391,0.3403,156844.44,156 844 RUB,Косметический
living_room (54).jpg,livingRoom,television_room,0.5024,0.2307,0.5112,0.0494,3,0.0155,0.1842,2.3186,0.5409,0,0.0145,3,15.9999,0.5393,147801.34,147 801 RUB,Косметический
living_room (540).jpg,livingRoom,living_room,0.4771,0.3565,0.7025,0.0555,6,0.0519,0.1592,2.3186,0.2526,1,0.0193,6,31.9998,0.4742,193555.21,193 555 RUB,Капитальный
living_room (541).jpg,livingRoom,dining_room,0.5435,0.2489,0.677,0.0782,15,0.0,0.1907,2.3186,0.5421,0,0.0208,10,53.333,0.4987,176866.5,176 866 RUB,Капитальный
living_room (542).jpg,livingRoom,home_office,0.4672,0.2496,1.0,0.0946,3,0.012,0.1877,2.3186,0.4658,2,0.0519,2,10.6666,0.3692,170709.45,170 709 RUB,Капитальный
living_room (543).jpg,livingRoom,living_room,0.6352,0.2248,1.0,0.1349,9,0.0008,0.1992,2.3186,0.6462,1,0.0408,5,26.6665,0.4272,177299.25,177 299 RUB,Капитальный
living_room (544).jpg,livingRoom,living_room,0.4114,0.1767,0.4998,0.0913,6,0.0003,0.1776,2.3186,0.5705,0,0.1088,5,26.6665,0.4964,178772.41,178 772 RUB,Капитальный
living_room (545).jpg,livingRoom,living_room,0.3626,0.2176,0.4085,0.0542,3,0.0,0.1749,2.3186,0.3998,1,0.0307,2,10.6666,0.5117,162228.93,162 229 RUB,Косметический
living_room (546).jpg,livingRoom,living_room,0.5537,0.3513,1.0,0.128,3,0.0,0.1706,2.3186,0.3655,1,0.0394,3,15.9999,0.3959,176540.62,176 541 RUB,Капитальный
living_room (547).jpg,livingRoom,television_room,0.6248,0.2348,0.824,0.086,3,0.0005,0.1894,2.3186,0.6242,1,0.0332,2,10.6666,0.4856,155313.57,155 314 RUB,Косметический
living_room (548).jpg,livingRoom,attic,0.7585,0.1826,0.622,0.0708,3,0.0,0.1848,2.3186,0.7593,8,0.0219,3,15.9999,0.6026,174432.42,174 432 RUB,Капитальный
living_room (549).jpg,livingRoom,artists_loft,0.6655,0.2359,0.8869,0.0859,9,0.0,0.1771,2.3186,0.6455,1,0.0473,8,42.6664,0.4829,174552.89,174 553 RUB,Капитальный
living_room (55).jpeg,livingRoom,waiting_room,0.6945,0.1604,0.4283,0.0364,4,0.0,0.1619,2.31,0.7691,1,0.0198,3,18.1268,0.642,146227.34,146 227 RUB,Косметический
living_room (55).jpg,livingRoom,living_room,0.5434,0.2077,0.5431,0.0551,5,0.0002,0.1843,2.3186,0.6179,0,0.0144,4,21.3332,0.5435,149034.78,149 035 RUB,Косметический
living_room (550).jpg,livingRoom,waiting_room,0.5708,0.2799,0.4099,0.0472,11,0.0,0.1556,2.3186,0.5096,0,0.029,9,47.9997,0.5959,177291.35,177 291 RUB,Капитальный
living_room (551).jpg,livingRoom,alcove,0.5807,0.3197,1.0,0.0742,6,0.0,0.1901,2.3186,0.4495,3,0.0528,4,21.3332,0.4174,191776.55,191 777 RUB,Капитальный
living_room (552).jpg,livingRoom,artists_loft,0.509,0.2799,0.9095,0.0802,11,0.0,0.2061,2.3186,0.4501,0,0.0416,8,42.6664,0.4147,180238.15,180 238 RUB,Капитальный
living_room (553).jpg,livingRoom,waiting_room,0.443,0.3476,0.6338,0.0518,4,0.0018,0.1684,2.3186,0.2152,1,0.0221,4,21.3332,0.4769,184948.25,184 948 RUB,Капитальный
living_room (554).jpg,livingRoom,waiting_room,0.5431,0.2119,1.0,0.0778,4,0.0002,0.1929,2.3186,0.6099,0,0.0256,3,15.9999,0.4017,157815.9,157 816 RUB,Косметический
living_room (555).jpg,livingRoom,television_room,0.6139,0.231,1.0,0.1224,13,0.0,0.1937,2.3186,0.6237,4,0.0318,4,21.3332,0.4211,203820.74,203 821 RUB,Капитальный
living_room (556).jpg,livingRoom,wet_bar,0.63,0.2427,1.0,0.1218,10,0.0,0.1861,2.3186,0.6147,1,0.0449,10,53.333,0.4276,185054.49,185 054 RUB,Капитальный
living_room (557).jpg,livingRoom,television_room,0.4662,0.2107,0.4201,0.0463,2,0.0,0.1521,2.3186,0.548,1,0.0479,2,10.6666,0.5512,155545.94,155 546 RUB,Косметический
living_room (558).jpg,livingRoom,television_room,0.636,0.2524,1.0,0.1127,5,0.0,0.2009,2.3186,0.6032,4,0.0813,2,10.6666,0.4319,187914.3,187 914 RUB,Капитальный
living_room (559).jpg,livingRoom,television_room,0.4515,0.2591,0.8185,0.0833,11,0.0002,0.1769,2.3186,0.4262,1,0.0589,11,58.6664,0.4184,202663.0,202 663 RUB,Капитальный
living_room (56).jpeg,livingRoom,beauty_salon,0.4715,0.2302,1.0,0.06,4,0.0001,0.1595,2.33,0.5119,0,0.053,4,24.0239,0.3766,161343.69,161 344 RUB,Косметический
living_room (56).jpg,livingRoom,living_room,0.6236,0.2324,0.6804,0.0867,3,0.0004,0.1931,2.3186,0.6273,1,0.0239,2,10.6666,0.528,148171.06,148 171 RUB,Косметический
living_room (560).jpg,livingRoom,recreation_room,0.5157,0.2979,0.4277,0.0552,18,0.0001,0.1823,2.3186,0.4223,0,0.0121,3,15.9999,0.5669,176930.01,176 930 RUB,Капитальный
living_room (561).jpg,livingRoom,television_room,0.504,0.296,0.566,0.0541,4,0.0009,0.1905,2.3186,0.4127,2,0.0488,4,21.3332,0.5211,184299.47,184 299 RUB,Капитальный
living_room (562).jpg,livingRoom,alcove,0.6715,0.3498,0.4171,0.0573,5,0.0,0.159,2.3186,0.4791,1,0.0131,3,15.9999,0.632,151876.61,151 877 RUB,Косметический
living_room (563).jpg,livingRoom,living_room,0.5267,0.2578,0.7174,0.088,7,0.0,0.1893,2.3186,0.5106,0,0.0355,2,10.6666,0.4779,163885.87,163 886 RUB,Косметический
living_room (564).jpg,livingRoom,wet_bar,0.5045,0.2624,1.0,0.1116,11,0.0004,0.1783,2.3186,0.4799,0,0.0664,9,47.9997,0.3795,193742.04,193 742 RUB,Капитальный
living_room (565).jpg,livingRoom,recreation_room,0.5542,0.2433,0.8077,0.1325,11,0.0028,0.2221,2.3186,0.561,1,0.0177,11,58.6664,0.4532,191700.09,191 700 RUB,Капитальный
living_room (566).jpg,livingRoom,living_room,0.5243,0.2867,1.0,0.129,9,0.001,0.1948,2.3186,0.4532,2,0.0711,7,37.3331,0.384,199017.23,199 017 RUB,Капитальный
living_room (567).jpg,livingRoom,artists_loft,0.5878,0.2482,0.5787,0.0759,7,0.0,0.1991,2.3186,0.5778,2,0.0523,6,31.9998,0.5464,180628.84,180 629 RUB,Капитальный
living_room (568).jpg,livingRoom,waiting_room,0.5329,0.1832,0.6126,0.1186,6,0.0001,0.213,2.3186,0.6562,4,0.0271,4,21.3332,0.5056,193286.23,193 286 RUB,Капитальный
living_room (569).jpg,livingRoom,living_room,0.3992,0.1627,0.2812,0.0525,6,0.0,0.1735,2.3186,0.5923,0,0.0355,5,26.6665,0.5648,158948.71,158 949 RUB,Косметический
living_room (57).jpeg,livingRoom,television_room,0.6135,0.2018,1.0,0.0703,5,0.0,0.1657,2.33,0.6711,2,0.022,5,30.0298,0.4313,167460.67,167 461 RUB,Косметический
living_room (57).jpg,livingRoom,living_room,0.3737,0.2704,0.3873,0.0624,10,0.0004,0.205,2.3186,0.2763,2,0.0274,6,31.9998,0.5208,188231.9,188 232 RUB,Капитальный
living_room (570).jpg,livingRoom,television_room,0.5497,0.2729,0.9351,0.0959,3,0.0004,0.1559,2.3186,0.5036,0,0.0818,3,15.9999,0.4202,161359.74,161 360 RUB,Косметический
living_room (571).jpg,livingRoom,living_room,0.4904,0.3025,1.0,0.1226,6,0.0,0.1775,2.3186,0.3831,2,0.0237,5,26.6665,0.3716,187315.51,187 316 RUB,Капитальный
living_room (572).jpg,livingRoom,living_room,0.425,0.277,0.8091,0.1082,8,0.0008,0.2269,2.3186,0.3481,2,0.0788,7,37.3331,0.4057,203834.83,203 835 RUB,Капитальный
living_room (574).jpg,livingRoom,waiting_room,0.4013,0.3139,0.8898,0.0649,18,0.0,0.1783,2.3186,0.2178,1,0.0209,17,90.6662,0.3806,219587.68,219 588 RUB,Капитальный
living_room (575).jpg,livingRoom,television_room,0.5838,0.2547,1.0,0.1119,28,0.0001,0.2177,2.3186,0.5637,1,0.1107,6,31.9998,0.4112,208251.73,208 252 RUB,Капитальный
living_room (576).jpg,livingRoom,television_room,0.6065,0.1967,0.618,0.0696,3,0.0,0.1883,2.3186,0.6757,0,0.0353,3,15.9999,0.5433,149028.56,149 029 RUB,Косметический
living_room (577).jpg,livingRoom,living_room,0.5789,0.2431,1.0,0.1294,14,0.0343,0.1992,2.3186,0.5801,1,0.0582,11,58.6664,0.4091,202981.56,202 982 RUB,Капитальный
living_room (578).jpg,livingRoom,living_room,0.517,0.2776,1.0,0.1443,8,0.0051,0.203,2.3186,0.4629,2,0.0265,6,31.9998,0.3784,191164.87,191 165 RUB,Капитальный
living_room (579).jpg,livingRoom,living_room,0.5958,0.2695,0.936,0.0915,6,0.0121,0.1865,2.3186,0.5477,3,0.0317,5,26.6665,0.4404,183906.46,183 906 RUB,Капитальный
living_room (58).jpeg,livingRoom,elevator_lobby,0.5624,0.1072,0.5318,0.0384,2,0.0,0.1769,2.33,0.8093,1,0.0105,1,6.006,0.5577,125909.68,125 910 RUB,Косметический
living_room (58).jpg,livingRoom,artists_loft,0.5379,0.2164,0.7284,0.0863,7,0.0016,0.1963,2.3186,0.5978,0,0.023,6,31.9998,0.4795,160528.86,160 529 RUB,Косметический
living_room (580).jpg,livingRoom,television_room,0.2758,0.1784,0.3958,0.0592,4,0.0005,0.1718,2.3186,0.3529,0,0.0643,3,15.9999,0.4798,185169.35,185 169 RUB,Капитальный
living_room (581).jpg,livingRoom,living_room,0.5881,0.2152,0.9241,0.0896,8,0.0011,0.1785,2.3186,0.6342,0,0.0361,3,15.9999,0.4402,161801.78,161 802 RUB,Косметический
living_room (582).jpg,livingRoom,living_room,0.5891,0.2317,1.0,0.0942,9,0.013,0.2104,2.3186,0.6068,0,0.0616,5,26.6665,0.4181,177291.68,177 292 RUB,Капитальный
living_room (583).jpg,livingRoom,mezzanine,0.5128,0.2272,0.9409,0.0774,2,0.0001,0.1807,2.3186,0.5569,0,0.0485,2,10.6666,0.4074,153015.26,153 015 RUB,Косметический
living_room (584).jpg,livingRoom,waiting_room,0.4854,0.2171,0.9252,0.0749,6,0.0008,0.1444,2.3186,0.5528,0,0.1336,3,15.9999,0.4017,172985.77,172 986 RUB,Капитальный
living_room (585).jpg,livingRoom,living_room,0.4078,0.3168,0.4322,0.0764,7,0.0,0.1759,2.3186,0.2231,0,0.0805,4,21.3332,0.5182,186365.09,186 365 RUB,Капитальный
living_room (586).jpg,livingRoom,television_room,0.5255,0.2612,1.0,0.0894,8,0.0008,0.2147,2.3186,0.503,4,0.0497,5,26.6665,0.3924,203593.06,203 593 RUB,Капитальный
living_room (587).jpg,livingRoom,living_room,0.4346,0.2571,0.7361,0.0729,5,0.0001,0.1692,2.3186,0.4084,0,0.0656,3,15.9999,0.4384,169717.45,169 717 RUB,Косметический
living_room (588).jpg,livingRoom,living_room,0.5589,0.2706,0.8067,0.0758,5,0.0001,0.2026,2.3186,0.5159,0,0.0485,3,15.9999,0.4664,163092.38,163 092 RUB,Косметический
living_room (589).jpg,livingRoom,television_room,0.6765,0.2067,1.0,0.0877,8,0.0,0.1671,2.3186,0.6944,2,0.0382,7,37.3331,0.453,177919.89,177 920 RUB,Капитальный
living_room (59).jpeg,livingRoom,television_room,0.4857,0.2536,1.0,0.1201,7,0.0,0.1949,2.3186,0.4779,2,0.0762,5,26.6665,0.3703,191659.24,191 659 RUB,Капитальный
living_room (59).jpg,livingRoom,reception,0.5647,0.1838,0.397,0.0483,7,0.0002,0.1682,2.3186,0.6746,0,0.0121,6,31.9998,0.5971,148221.23,148 221 RUB,Косметический
living_room (590).jpg,livingRoom,wet_bar,0.5842,0.2526,0.4238,0.051,6,0.0008,0.1793,2.3186,0.5676,5,0.0708,4,21.3332,0.5964,193860.59,193 861 RUB,Капитальный
living_room (591).jpg,livingRoom,television_room,0.2751,0.2253,0.4945,0.0586,11,0.0009,0.1611,2.3186,0.1812,1,0.0433,9,47.9997,0.4501,203057.7,203 058 RUB,Капитальный
living_room (592).jpg,livingRoom,living_room,0.5239,0.2746,0.7037,0.0762,9,0.015,0.2146,2.3186,0.4759,0,0.0315,8,42.6664,0.4847,168525.07,168 525 RUB,Косметический
living_room (593).jpg,livingRoom,living_room,0.3435,0.2818,0.5558,0.0821,7,0.0036,0.1991,2.3186,0.1795,0,0.0842,4,21.3332,0.4546,183396.86,183 397 RUB,Капитальный
living_room (594).jpg,livingRoom,living_room,0.3973,0.2762,1.0,0.0898,1,0.0,0.186,2.3186,0.3048,0,0.0299,1,5.3333,0.341,140928.81,140 929 RUB,Косметический
living_room (595).jpg,livingRoom,television_room,0.6185,0.2809,0.873,0.0725,10,0.0006,0.2002,2.3186,0.5458,2,0.0324,5,26.6665,0.471,181289.67,181 290 RUB,Капитальный
living_room (596).jpg,livingRoom,artists_loft,0.5623,0.2913,0.9664,0.0559,10,0.0,0.1999,2.3186,0.4818,0,0.051,5,26.6665,0.4238,178183.04,178 183 RUB,Капитальный
living_room (597).jpg,livingRoom,bedchamber,0.6274,0.234,0.4444,0.063,4,0.0001,0.207,2.3186,0.6271,4,0.0425,3,15.9999,0.6051,178741.75,178 742 RUB,Капитальный
living_room (598).jpg,livingRoom,living_room,0.5908,0.2296,1.0,0.1091,4,0.0,0.1775,2.3186,0.6113,0,0.0313,2,10.6666,0.4145,150313.58,150 314 RUB,Косметический
living_room (6).jpeg,livingRoom,television_room,0.5759,0.231,0.8525,0.0931,6,0.0056,0.2015,2.3131,0.5989,2,0.0402,3,18.2926,0.4565,177628.57,177 629 RUB,Капитальный
living_room (6).jpg,livingRoom,artists_loft,0.6941,0.2386,0.4508,0.0418,2,0.0,0.1583,2.3186,0.6562,2,0.0296,1,5.3333,0.634,128479.72,128 480 RUB,Косметический
living_room (60).jpeg,livingRoom,waiting_room,0.5258,0.237,1.0,0.0913,7,0.0001,0.186,2.33,0.5493,2,0.1073,6,36.0358,0.3921,201177.96,201 178 RUB,Капитальный
living_room (60).jpg,livingRoom,waiting_room,0.5196,0.2783,0.7504,0.0773,3,0.0,0.2135,2.3186,0.4644,0,0.027,3,15.9999,0.4673,156796.4,156 796 RUB,Косметический
living_room (61).jpeg,livingRoom,recreation_room,0.5436,0.2558,1.0,0.106,11,0.0001,0.2039,2.33,0.5295,0,0.0558,10,60.0597,0.3962,195645.55,195 646 RUB,Капитальный
living_room (61).jpg,livingRoom,dining_room,0.5623,0.2402,0.7617,0.0738,13,0.0,0.1881,2.3186,0.5728,0,0.0243,9,47.9997,0.4816,174106.49,174 106 RUB,Капитальный
living_room (62).jpeg,livingRoom,waiting_room,0.5041,0.1967,1.0,0.1122,8,0.0,0.169,2.3333,0.6097,2,0.025,7,27.9999,0.3792,180301.16,180 301 RUB,Капитальный
living_room (62).jpg,livingRoom,wet_bar,0.5887,0.2208,0.4788,0.0656,7,0.0,0.1813,2.3186,0.6249,0,0.0141,2,10.6666,0.5787,151642.66,151 643 RUB,Косметический
living_room (63).jpeg,livingRoom,wet_bar,0.383,0.1791,1.0,0.0737,14,0.0,0.1854,2.3186,0.5324,0,0.0697,5,26.6665,0.3384,184634.33,184 634 RUB,Капитальный
living_room (63).jpg,livingRoom,bedroom,0.6026,0.2105,0.3964,0.0692,8,0.0,0.1715,2.3186,0.6507,2,0.0612,5,26.6665,0.6083,172236.53,172 237 RUB,Капитальный
living_room (64).jpeg,livingRoom,living_room,0.619,0.1847,1.0,0.1056,7,0.0,0.1774,2.33,0.7017,1,0.0715,4,24.0239,0.4265,173759.61,173 760 RUB,Капитальный
living_room (64).jpg,livingRoom,wet_bar,0.4973,0.3002,1.0,0.0785,10,0.0,0.1942,2.3186,0.3963,0,0.0566,9,47.9997,0.3832,194423.53,194 424 RUB,Капитальный
living_room (65).jpeg,livingRoom,living_room,0.4754,0.1851,1.0,0.096,10,0.0,0.1727,2.33,0.6106,0,0.0524,4,24.0239,0.3709,176103.65,176 104 RUB,Капитальный
living_room (65).jpg,livingRoom,entrance_hall,0.5372,0.2496,0.5879,0.0604,1,0.0057,0.2011,2.3186,0.5354,0,0.0102,1,5.3333,0.527,122226.16,122 226 RUB,Косметический
living_room (66).jpeg,livingRoom,television_room,0.4758,0.2331,0.9917,0.0544,5,0.0,0.1716,2.3186,0.5102,1,0.0355,5,26.6665,0.3819,167853.7,167 854 RUB,Косметический
living_room (66).jpg,livingRoom,dining_room,0.4309,0.3046,0.8251,0.057,7,0.004,0.2012,2.3186,0.2931,1,0.0275,7,37.3331,0.4138,191071.0,191 071 RUB,Капитальный
living_room (67).jpeg,livingRoom,television_room,0.5966,0.1533,1.0,0.0593,10,0.0004,0.1492,2.33,0.7431,1,0.0712,7,42.0418,0.4268,177363.05,177 363 RUB,Капитальный
living_room (67).jpg,livingRoom,alcove,0.6087,0.2183,0.6385,0.0794,7,0.0006,0.1779,2.3186,0.6413,0,0.0143,4,21.3332,0.5361,148895.86,148 896 RUB,Косметический
living_room (68).jpeg,livingRoom,waiting_room,0.3608,0.24,1.0,0.0938,9,0.0016,0.1766,2.3186,0.3348,0,0.0733,6,31.9998,0.3257,193059.85,193 060 RUB,Капитальный
living_room (68).jpg,livingRoom,recreation_room,0.385,0.2067,0.3464,0.0636,8,0.0079,0.1907,2.3186,0.4632,0,0.0349,7,37.3331,0.5382,172612.95,172 613 RUB,Капитальный
living_room (69).jpeg,livingRoom,television_room,0.5481,0.1827,0.4223,0.0816,7,0.0015,0.2239,2.31,0.6667,1,0.0253,7,42.2958,0.5764,165882.84,165 883 RUB,Косметический
living_room (69).jpg,livingRoom,wet_bar,0.6531,0.2143,0.3287,0.0622,6,0.0,0.1869,2.3186,0.6719,2,0.0049,6,31.9998,0.6502,161094.84,161 095 RUB,Косметический
living_room (7).jpeg,livingRoom,garage/indoor,0.4964,0.1209,0.5111,0.0312,0,0.0,0.1715,2.32,0.7565,0,0.027,0,0.0,0.539,91933.38,91 933 RUB,Косметический
living_room (7).jpg,livingRoom,television_room,0.5448,0.2121,0.5363,0.0578,5,0.0005,0.1723,2.3186,0.6108,0,0.1235,5,26.6665,0.5455,173944.7,173 945 RUB,Капитальный
living_room (70).jpeg,livingRoom,artists_loft,0.5431,0.1933,1.0,0.1466,19,0.0001,0.2105,2.33,0.644,2,0.1153,18,108.1075,0.3879,232267.37,232 267 RUB,Капитальный
living_room (70).jpg,livingRoom,artists_loft,0.632,0.2315,1.0,0.0839,5,0.0002,0.1715,2.3186,0.6337,2,0.0152,5,26.6665,0.436,166619.54,166 620 RUB,Косметический
living_room (71).jpeg,livingRoom,living_room,0.4943,0.2539,1.0,0.1149,10,0.0,0.1955,2.3059,0.4863,4,0.0344,7,49.8217,0.3748,210874.7,210 875 RUB,Капитальный
living_room (71).jpg,livingRoom,television_room,0.5048,0.3014,0.5954,0.0783,12,0.0,0.2043,2.3186,0.403,1,0.0209,6,31.9998,0.5077,188808.77,188 809 RUB,Капитальный
living_room (72).jpeg,livingRoom,wet_bar,0.5293,0.0944,0.3417,0.0342,0,0.0003,0.1136,2.32,0.8216,0,0.0136,0,0.0,0.6024,88879.88,88 880 RUB,Без ремонта
living_room (72).jpg,livingRoom,television_room,0.5814,0.2169,0.7175,0.0744,11,0.0003,0.2089,2.3186,0.6269,1,0.0355,6,31.9998,0.5025,173169.28,173 169 RUB,Капитальный
living_room (73).jpeg,livingRoom,living_room,0.583,0.1838,0.9652,0.0715,3,0.0,0.1902,2.3069,0.6848,0,0.0603,3,17.964,0.4293,154224.75,154 225 RUB,Косметический
living_room (73).jpg,livingRoom,dining_room,0.484,0.2326,0.2261,0.0318,3,0.0,0.1904,2.3186,0.5195,0,0.0365,3,15.9999,0.6194,153565.58,153 566 RUB,Косметический
living_room (74).jpeg,livingRoom,living_room,0.6847,0.1845,1.0,0.0866,8,0.0018,0.1983,2.31,0.7305,2,0.0261,7,42.2958,0.4567,178171.66,178 172 RUB,Капитальный
living_room (74).jpg,livingRoom,living_room,0.4989,0.2991,0.6413,0.0799,5,0.0013,0.2033,2.3186,0.4006,1,0.0501,3,15.9999,0.4913,173747.84,173 748 RUB,Капитальный
living_room (75).jpeg,livingRoom,living_room,0.5335,0.2058,1.0,0.1026,6,0.0,0.2078,2.32,0.6143,1,0.0615,5,30.1203,0.3929,174817.86,174 818 RUB,Капитальный
living_room (75).jpg,livingRoom,living_room,0.5501,0.2857,0.6694,0.0728,7,0.0045,0.1907,2.3186,0.4807,1,0.0239,7,37.3331,0.5051,180349.9,180 350 RUB,Капитальный
living_room (76).jpeg,livingRoom,television_room,0.3793,0.2101,0.8018,0.069,11,0.0006,0.1922,2.3186,0.4461,0,0.0635,8,42.6664,0.3974,182221.48,182 221 RUB,Капитальный
living_room (76).jpg,livingRoom,television_room,0.5866,0.2541,0.4763,0.0539,5,0.0007,0.1693,2.3186,0.5668,1,0.0278,5,26.6665,0.581,161808.42,161 808 RUB,Косметический
living_room (77).jpeg,livingRoom,television_room,0.3869,0.2248,1.0,0.1015,14,0.0091,0.1844,2.3186,0.4188,1,0.1101,9,47.9997,0.3354,217252.44,217 252 RUB,Капитальный
living_room (77).jpg,livingRoom,wet_bar,0.5129,0.2594,0.9663,0.1047,12,0.0,0.1834,2.3186,0.4944,0,0.0503,11,58.6664,0.3943,191082.22,191 082 RUB,Капитальный
living_room (78).jpeg,livingRoom,bow_window/indoor,0.4696,0.1154,0.373,0.0322,0,0.0296,0.1466,2.3186,0.7543,0,0.0322,0,0.0,0.5725,94919.63,94 920 RUB,Косметический
living_room (78).jpg,livingRoom,television_room,0.4955,0.262,0.6364,0.0475,4,0.0,0.1819,2.3186,0.4711,1,0.017,3,15.9999,0.4978,166320.85,166 321 RUB,Косметический
living_room (79).jpeg,livingRoom,entrance_hall,0.5124,0.1091,0.4251,0.0203,0,0.0,0.1287,2.33,0.7871,0,0.0154,0,0.0,0.5734,87230.62,87 231 RUB,Без ремонта
living_room (79).jpg,livingRoom,living_room,0.5515,0.3319,0.6271,0.081,13,0.0,0.1785,2.3186,0.3982,0,0.0238,12,63.9997,0.5163,191790.42,191 790 RUB,Капитальный
living_room (8).jpeg,livingRoom,alcove,0.5276,0.1717,0.4549,0.0445,2,0.0001,0.1658,2.32,0.6746,0,0.0151,1,6.0241,0.5657,119704.15,119 704 RUB,Косметический
living_room (8).jpg,livingRoom,television_room,0.5371,0.3137,0.5726,0.0918,7,0.0,0.2052,2.3186,0.416,5,0.0557,5,26.6665,0.5247,214140.29,214 140 RUB,Капитальный
living_room (80).jpeg,livingRoom,television_room,0.4929,0.1936,0.8114,0.0892,10,0.0006,0.1815,2.33,0.6071,2,0.1063,8,48.0478,0.4359,202578.38,202 578 RUB,Капитальный
living_room (80).jpg,livingRoom,entrance_hall,0.5096,0.2338,0.7421,0.0875,9,0.0002,0.2078,2.3186,0.5412,0,0.0175,7,37.3331,0.4637,167957.95,167 958 RUB,Косметический
living_room (81).jpeg,livingRoom,entrance_hall,0.6613,0.1752,1.0,0.0898,2,0.0001,0.2001,2.32,0.7351,5,0.0222,1,6.0241,0.4466,160502.03,160 502 RUB,Косметический
living_room (81).jpg,livingRoom,television_room,0.5044,0.2716,0.6733,0.0867,6,0.0001,0.2056,2.3186,0.4615,2,0.0216,5,26.6665,0.4824,187549.82,187 550 RUB,Капитальный
living_room (82).jpeg,livingRoom,television_room,0.4005,0.2424,1.0,0.0612,4,0.0001,0.1935,2.3186,0.3946,2,0.0428,4,21.3332,0.348,180559.88,180 560 RUB,Капитальный
living_room (82).jpg,livingRoom,living_room,0.5383,0.2875,0.8855,0.1323,15,0.0007,0.1898,2.3186,0.466,0,0.0322,7,37.3331,0.4233,185440.45,185 440 RUB,Капитальный
living_room (83).jpeg,livingRoom,television_room,0.4956,0.2092,0.8648,0.0782,10,0.0104,0.1574,2.3186,0.5779,3,0.0496,9,47.9997,0.4242,202207.36,202 207 RUB,Капитальный
living_room (83).jpg,livingRoom,living_room,0.5824,0.2682,1.0,0.1431,10,0.0405,0.2457,2.3186,0.5395,2,0.0228,7,37.3331,0.4084,187797.15,187 797 RUB,Капитальный
living_room (84).jpeg,livingRoom,living_room,0.4989,0.2375,1.0,0.1085,14,0.0002,0.2205,2.3069,0.524,2,0.0664,12,71.8559,0.3779,214190.86,214 191 RUB,Капитальный
living_room (84).jpg,livingRoom,living_room,0.4008,0.2875,0.3487,0.0748,18,0.0,0.1954,2.3186,0.2827,1,0.0492,12,63.9997,0.5408,207139.12,207 139 RUB,Капитальный
living_room (85).jpg,livingRoom,entrance_hall,0.7001,0.2189,0.4228,0.0672,4,0.0,0.1814,2.3186,0.6873,4,0.0341,3,15.9999,0.6397,172600.62,172 601 RUB,Капитальный
living_room (86).jpeg,livingRoom,garage/indoor,0.5899,0.1883,1.0,0.0648,2,0.0002,0.1763,2.33,0.6809,1,0.0325,0,0.0,0.423,114424.01,114 424 RUB,Косметический
living_room (86).jpg,livingRoom,home_office,0.4635,0.3147,0.9636,0.057,3,0.0,0.1749,2.3186,0.3211,2,0.0314,3,15.9999,0.3849,176392.38,176 392 RUB,Капитальный
living_room (87).jpeg,livingRoom,waiting_room,0.3453,0.2391,0.5926,0.1047,7,0.0025,0.2127,2.3186,0.3075,0,0.0542,7,37.3331,0.4397,186525.41,186 525 RUB,Капитальный
living_room (87).jpg,livingRoom,dining_room,0.663,0.1827,0.4519,0.073,12,0.0001,0.1813,2.3186,0.7244,1,0.0183,8,42.6664,0.615,165856.76,165 857 RUB,Косметический
living_room (88).jpeg,livingRoom,living_room,0.5559,0.2102,1.0,0.0996,8,0.0046,0.2109,2.33,0.6218,3,0.0926,5,30.0298,0.4029,205114.67,205 115 RUB,Капитальный
living_room (88).jpg,livingRoom,wet_bar,0.653,0.2043,0.4529,0.0633,6,0.0,0.179,2.3186,0.6872,3,0.0044,4,21.3332,0.6127,168594.21,168 594 RUB,Косметический
living_room (89).jpeg,livingRoom,living_room,0.3696,0.1809,1.0,0.1204,14,0.0,0.2029,2.3186,0.5104,0,0.0504,7,37.3331,0.3237,185000.12,185 000 RUB,Капитальный
living_room (89).jpg,livingRoom,living_room,0.3507,0.2095,0.2692,0.0539,7,0.0001,0.1566,2.3186,0.4025,0,0.0781,4,21.3332,0.5488,172840.16,172 840 RUB,Капитальный
living_room (9).jpeg,livingRoom,staircase,0.4577,0.1615,1.0,0.0701,6,0.0001,0.1909,2.3186,0.6471,0,0.0361,3,15.9999,0.3691,162118.05,162 118 RUB,Косметический
living_room (9).jpg,livingRoom,artists_loft,0.5895,0.2669,1.0,0.0841,8,0.0005,0.1833,2.3186,0.5473,2,0.0662,4,21.3332,0.419,186885.8,186 886 RUB,Капитальный
living_room (90).jpeg,livingRoom,entrance_hall,0.5034,0.1753,1.0,0.122,17,0.0017,0.1914,2.32,0.6518,1,0.0524,12,72.2887,0.3771,206861.66,206 862 RUB,Капитальный
living_room (90).jpg,livingRoom,recreation_room,0.5888,0.2567,0.6084,0.0776,4,0.0026,0.2083,2.3186,0.5641,1,0.03,2,10.6666,0.5377,153379.05,153 379 RUB,Косметический
living_room (91).jpeg,livingRoom,basement,0.655,0.1232,1.0,0.0438,2,0.0,0.163,2.31,0.8119,2,0.0258,0,0.0,0.4532,112613.26,112 613 RUB,Косметический
living_room (91).jpg,livingRoom,wet_bar,0.6145,0.2463,0.4247,0.0492,9,0.0,0.1862,2.3186,0.5991,1,0.029,7,37.3331,0.6085,165457.88,165 458 RUB,Косметический
living_room (92).jpeg,livingRoom,television_room,0.5479,0.209,1.0,0.0978,5,0.0001,0.1957,2.33,0.6185,4,0.05,4,24.0239,0.3996,194478.17,194 478 RUB,Капитальный
living_room (92).jpg,livingRoom,television_room,0.5916,0.23,0.5325,0.0727,7,0.0,0.1887,2.3186,0.6112,1,0.0161,6,31.9998,0.5623,160166.42,160 166 RUB,Косметический
living_room (93).jpeg,livingRoom,recreation_room,0.5454,0.2417,1.0,0.0841,7,0.0016,0.1982,2.31,0.5569,1,0.0526,6,36.2536,0.4015,177524.89,177 525 RUB,Капитальный
living_room (93).jpg,livingRoom,home_theater,0.5434,0.2143,0.5013,0.0793,8,0.0,0.1723,2.32,0.6056,2,0.0983,5,30.1203,0.5511,191488.94,191 489 RUB,Капитальный
living_room (94).jpeg,livingRoom,waiting_room,0.3336,0.2707,1.0,0.0831,14,0.0001,0.1849,2.3186,0.1887,2,0.0844,9,47.9997,0.3168,222918.4,222 918 RUB,Капитальный
living_room (94).jpg,livingRoom,living_room,0.4631,0.2174,1.0,0.1378,29,0.0014,0.2259,2.33,0.5306,1,0.1695,23,138.1373,0.3578,233834.82,233 835 RUB,Капитальный
living_room (95).jpeg,livingRoom,waiting_room,0.4607,0.2645,1.0,0.112,8,0.001,0.193,2.32,0.4258,2,0.0643,8,48.1925,0.362,201239.38,201 239 RUB,Капитальный
living_room (96).jpeg,livingRoom,television_room,0.5005,0.2133,1.0,0.1325,4,0.0011,0.2113,2.3186,0.5739,2,0.0208,4,21.3332,0.3738,174696.06,174 696 RUB,Капитальный
living_room (96).jpg,livingRoom,living_room,0.4051,0.2213,0.5666,0.0878,6,0.0008,0.1806,2.3186,0.4537,0,0.0166,5,26.6665,0.4746,169150.84,169 151 RUB,Косметический
living_room (97).jpeg,livingRoom,bedroom,0.6106,0.2047,0.4758,0.0434,3,0.0,0.1786,2.3186,0.6647,4,0.001,3,15.9999,0.5928,164215.3,164 215 RUB,Косметический
living_room (97).jpg,livingRoom,waiting_room,0.4782,0.2583,0.8162,0.0584,8,0.0,0.1864,2.3186,0.46,2,0.0353,6,31.9998,0.4348,186213.56,186 214 RUB,Капитальный
living_room (98).jpeg,livingRoom,living_room,0.5519,0.2081,0.3047,0.0802,3,0.002,0.1914,2.3186,0.623,1,0.0236,3,15.9999,0.6135,150887.85,150 888 RUB,Косметический
living_room (99).jpeg,livingRoom,television_room,0.5094,0.1899,1.0,0.1208,9,0.0,0.2044,2.33,0.6272,2,0.0443,8,48.0478,0.3796,193582.84,193 583 RUB,Капитальный
living_room (99).jpg,livingRoom,living_room,0.5028,0.2617,0.3084,0.0429,2,0.0015,0.1472,2.3186,0.4796,2,0.0134,2,10.6666,0.6002,154009.51,154 010 RUB,Косметический
